word,variants,meaning,language_tag,difficulty,notes
CHOP,,To eat or consume food,pidgin,easy,Core slang
GIST,,To discuss or tell stories,pidgin,easy,Common Nigerian slang
WAHALA,,Trouble or problem,pidgin,easy,Very Nigerian
JOLLOF,,Type of rice dish,pidgin,easy,Popular West African dish
WOKE,,Aware of social issues,pidgin,medium,Modern slang
OGA,,Pidgin for boss or senior person.,pidgin,easy,Very common
JAPA,,To run away or emigrate,pidgin,easy,Trending word
SABI,,Pidgin for know or understand.,pidgin,easy,Core Pidgin word
ABEG,,Please or I beg you,pidgin,easy,Very common
NAIJA,,Nigeria or Nigerian,pidgin,easy,Slang for Nigeria
KOLO,,To go crazy,pidgin,easy,Common slang
SHAKARA,,Showing off or forming,pidgin,medium,Popular slang
AMEBO,,A gossip or talebearer,pidgin,easy,Common slang
EHEN,,An exclamation of agreement,pidgin,easy,Common exclamation
PALAVA,,Problem or trouble,pidgin,easy,Classic Pidgin
SAPA,,Being broke financially,pidgin,easy,Trending slang
BOLE,,Roasted plantain,pidgin,easy,Popular Nigerian food
SUYA,,Grilled spiced meat,pidgin,easy,Classic street food
AGBO,,Herbal medicine concoction,pidgin,medium,Traditional medicine
DANFO,,A yellow commercial bus,pidgin,easy,Lagos bus
OKADA,,Motorcycle taxi,pidgin,easy,Common transport
KEKE,,Three-wheeled taxi,pidgin,easy,Common transport
PEPPER,,To show off or stunt,pidgin,easy,Slang meaning
PARA,,To get angry,pidgin,easy,Common Pidgin
FLEX,,To show off or chill,pidgin,easy,Modern slang
VIBE,,A feeling or atmosphere,pidgin,easy,Modern slang
CRUISE,,Fun or enjoyment,pidgin,easy,Nigerian slang
JARA,,A bonus or extra,pidgin,easy,Market slang
FORM,,To pretend or show off,pidgin,easy,Pidgin usage
YARN,,To talk or tell stories.,pidgin,easy,Pidgin verb
CHOOK,,To prick or poke,pidgin,easy,Pidgin verb
SHAYO,,Alcoholic drink booze,pidgin,easy,Lagos slang
DODO,,Fried plantain,pidgin,easy,Common Nigerian food
ABU,,"Amadu Bello University.",pidgin,easy,From Pidgin Dictionary
ACADA,,"1. Intellectual 2. University student 3. Book worm.",pidgin,easy,From Pidgin Dictionary
ACATA,,"1. USA or UK 2.Someone who lives in those places.",pidgin,easy,From Pidgin Dictionary
ADIRE,,"Dyed cloth.",pidgin,easy,From Pidgin Dictionary
ADONKIA,,"contraction for I don't care attitude",pidgin,easy,From Pidgin Dictionary
AFANG,,Efik leafy soup with meat and seafood.,pidgin,easy,From Pidgin Dictionary
ANSA,,"Answer.",pidgin,easy,From Pidgin Dictionary
AFTA,,"After",pidgin,easy,From Pidgin Dictionary
AGARACHA,,"Woman of easy virtue.",pidgin,easy,From Pidgin Dictionary
AGBADA,,"Large traditional garment usually worn by men over a shirt.",pidgin,easy,From Pidgin Dictionary
AGBERO,,"Labourer who carries heavy goods for a fee.",pidgin,easy,From Pidgin Dictionary
AGIP,,"Any Government In Power. Derisory term for person who changes alliances as goverments come and go.",pidgin,easy,From Pidgin Dictionary
AGUMENT,,"Argument.",pidgin,easy,From Pidgin Dictionary
AIRCON,,"Abbreviation for air conditioner.",pidgin,easy,From Pidgin Dictionary
AJASCO,,"Dancing with fanciful footwork. Also called Ajasco Toronto.",pidgin,easy,From Pidgin Dictionary
AJEBOTA,,"One used to butter; rich spoilt kid. See Ajepako.",pidgin,easy,From Pidgin Dictionary
AJEPAKO,,"Literally means -one used to eating wood i.e. uses a wooden chewing stick as toothbrush.",pidgin,easy,From Pidgin Dictionary
AKAMU,,"Pap made from corn. See Ogi.",pidgin,easy,From Pidgin Dictionary
AKARA,,"Bean cake made from fried ground black-eyed beans.",pidgin,easy,From Pidgin Dictionary
AKATA,,"1. Recent arrival from abroad (especially UK or USA) into Nigeria",pidgin,easy,From Pidgin Dictionary
ALABA,,Alaba International Market in Lagos.,pidgin,easy,From Pidgin Dictionary
ALAU,,"Allow.",pidgin,easy,From Pidgin Dictionary
AMALA,,"Dough like meal made from yam flour and hot water. Usually served with Ewedu soup.",pidgin,easy,From Pidgin Dictionary
AMERIKA,,"America.",pidgin,easy,From Pidgin Dictionary
ANGOLA,,"Prison. Also Angola.",pidgin,easy,From Pidgin Dictionary
ANODA,,"Another.",pidgin,easy,From Pidgin Dictionary
ANYHOW,,"1. Shoddy 2. Inappropriate",pidgin,easy,From Pidgin Dictionary
AKPERE,,"1. Basket 2. Bad goalkeeper in soccer match.",pidgin,easy,From Pidgin Dictionary
APPEAR,,"To show up unexpectedly, sometimes uninvited.",pidgin,easy,From Pidgin Dictionary
APKROKO,,"Gossip. See Amebo.",pidgin,easy,From Pidgin Dictionary
APKU,,"Cassava flour. See Fufu",pidgin,easy,From Pidgin Dictionary
APOLLO,,A Nigerian name for conjunctivitis.,pidgin,easy,From Pidgin Dictionary
ARRANGEE,,"1.Soiree. 2. Exclusive 3.Preplanned set up.",pidgin,easy,From Pidgin Dictionary
ARIYA,,"Good time.",pidgin,easy,From Pidgin Dictionary
ARO,,"1.Abbreviation for large psychiatric hospital in western Nigeria. 2. Lunatic.",pidgin,easy,From Pidgin Dictionary
ASKOLOGY,,"Sarcastic reply to irritant question. Also- Askor.",pidgin,easy,From Pidgin Dictionary
AUNTY,,A respectful form of address for an older woman.,pidgin,easy,From Pidgin Dictionary
AWA,,"Our.",pidgin,easy,From Pidgin Dictionary
AWOKO,,"Burning the midnight oil.",pidgin,easy,From Pidgin Dictionary
AWOOF,,"Freebie. Without charge. See FOC.",pidgin,easy,From Pidgin Dictionary
AWAY,,"Foreign especially Europe and America.",pidgin,easy,From Pidgin Dictionary
BABA,,"Father (Yoruba)",pidgin,easy,From Pidgin Dictionary
BABAR,,"Verb. Hair cut",pidgin,easy,From Pidgin Dictionary
BABARIGA,,"Large traditional robe worn by man. See Agbada.",pidgin,easy,From Pidgin Dictionary
BABI,,"1.Baby 2. Pretty girl.",pidgin,easy,From Pidgin Dictionary
BACKYARD,,"Bottom. See Yarnsh.",pidgin,easy,From Pidgin Dictionary
BAFFS,,"Trendy clothes. See Away Baffs",pidgin,easy,From Pidgin Dictionary
BAKASSI,,"1. Name of Igbo vigilante group. 2. Bottom. See Yarnsh.",pidgin,easy,From Pidgin Dictionary
BALE,,"Eat greedily.",pidgin,easy,From Pidgin Dictionary
BALER,,"One who eats greedily. See Long throat.",pidgin,easy,From Pidgin Dictionary
BAM,,"In good condition. See Kampke.",pidgin,easy,From Pidgin Dictionary
BANGA,,"Palm tree fruit.",pidgin,easy,From Pidgin Dictionary
BARAWO,,"Thief",pidgin,easy,From Pidgin Dictionary
BASIA,,"Large aluminium metal basin.",pidgin,easy,From Pidgin Dictionary
BATA,,"Shoe.",pidgin,easy,From Pidgin Dictionary
BAZE,,"Woo a girl. See Spin.",pidgin,easy,From Pidgin Dictionary
BELLE,,"1. Stomach 2. Abdomen 3. Mind 4. Heart",pidgin,easy,From Pidgin Dictionary
BETTA,,Better times or an improvement.,pidgin,easy,From Pidgin Dictionary
BICO,,"Please.",pidgin,easy,From Pidgin Dictionary
BICOS,,"Because",pidgin,easy,From Pidgin Dictionary
BIFOR,,"Before.",pidgin,easy,From Pidgin Dictionary
BINGO,,"1. Dog 2. Cooked dog meat. See Four-o-four. 3. Common dog name in Nigeria.",pidgin,easy,From Pidgin Dictionary
BLEACH,,"Use of skin lightening creams. Also Bleaching.",pidgin,easy,From Pidgin Dictionary
BLOCK,,"Defecate.",pidgin,easy,From Pidgin Dictionary
BLOW,,"1 Punch 2 Speak with arrogance e.g. sofri-sofri blow Oyinbo.",pidgin,easy,From Pidgin Dictionary
BOBO,,"Trendy guy.",pidgin,easy,From Pidgin Dictionary
BODI,,"Body.",pidgin,easy,From Pidgin Dictionary
BOI,,"Boy.",pidgin,easy,From Pidgin Dictionary
BOLI,,"Roast plantain.",pidgin,easy,From Pidgin Dictionary
BONE,,"1. Frown 2. Disagree e.g. e don bone for am!",pidgin,easy,From Pidgin Dictionary
BONES,,"Sun glasses. See Everything tinted and Shaded up.",pidgin,easy,From Pidgin Dictionary
BORKOTOR,,"Cooked cow's foot.",pidgin,easy,From Pidgin Dictionary
BORKU,,A lot; plentiful.,pidgin,easy,From Pidgin Dictionary
BOSAUT,,"1. Burst out 2. Come out 3. Explode.",pidgin,easy,From Pidgin Dictionary
BOW,,"1. Surprised e.g. Man bow! 2. Applaud or be impressed e.g. everybodi bow when I land wit away baffs.",pidgin,easy,From Pidgin Dictionary
BRANCH,,"Detour during pre arranged trip.",pidgin,easy,From Pidgin Dictionary
BREAD,,"Naira (money)",pidgin,easy,From Pidgin Dictionary
BREKOYAN,,"Yoruba slang for Brassiere.",pidgin,easy,From Pidgin Dictionary
BRODA,,"Brother.",pidgin,easy,From Pidgin Dictionary
BROKIN,,"1. Broken English 2. Pidgin English.",pidgin,easy,From Pidgin Dictionary
BRUSH,,"Hit someone hard.",pidgin,easy,From Pidgin Dictionary
BUBA,,"Traditional blouse.",pidgin,easy,From Pidgin Dictionary
BUBBLE,,"1 Dance 2 Party.",pidgin,easy,From Pidgin Dictionary
BUKKA,,A roadside restaurant or food stall.,pidgin,easy,From Pidgin Dictionary
BULALA,,"Horse whip. See koboko.",pidgin,easy,From Pidgin Dictionary
BULLET,,"Grammatical error especially in spoken English. Also Ibon.",pidgin,easy,From Pidgin Dictionary
BUNCH,,"Embarrass.",pidgin,easy,From Pidgin Dictionary
BURUKUTU,,"Illicit homemade gin. See Apketeshi.",pidgin,easy,From Pidgin Dictionary
BUST,,"1 Write off 2 Ignore. See Fashie.",pidgin,easy,From Pidgin Dictionary
BUREDI,,"Bread.",pidgin,easy,From Pidgin Dictionary
CAFF,,"Cafeteria. Used mainly on University campuses.",pidgin,easy,From Pidgin Dictionary
CANTAB,,To lap another runner in a long-distance race.,pidgin,easy,From Pidgin Dictionary
CATCH,,"To be enough, as seasoning in soup; also to intoxicate.",pidgin,easy,From Pidgin Dictionary
CHANCE,,To cheat or take advantage of someone.,pidgin,easy,From Pidgin Dictionary
CHARGE,,"Loose one's temper.",pidgin,easy,From Pidgin Dictionary
CHASSIS,,"Brand new car",pidgin,easy,From Pidgin Dictionary
CHICKITO,,"Young pretty girl.",pidgin,easy,From Pidgin Dictionary
CHIPAY,,"Cheap. See Chepeleke.",pidgin,easy,From Pidgin Dictionary
CHUK,,"1. Prick 2. Stab e.g Why you chuk me naif?",pidgin,easy,From Pidgin Dictionary
CIGA,,"Cigarette",pidgin,easy,From Pidgin Dictionary
CLEAR,,"1. Leave e.g Make you clear commot. 2. Malicious sliding tackle during football game e.g See as them dey clear leg, abi na fight? 3. Finish large meal e.g Di guy clear the Eba finis o!",pidgin,easy,From Pidgin Dictionary
COLO,,"Loose ones mind e.g. Dat guy don dey Colo.",pidgin,easy,From Pidgin Dictionary
COMMOT,,"1 Come out 2 Get away! E.g. comot for here jo! 3 Excuse me e.g. comot road make I pass.",pidgin,easy,From Pidgin Dictionary
COMPIN,,"Company.",pidgin,easy,From Pidgin Dictionary
COMPOUND,,"Fenced off house, bungalow or groups of huts.",pidgin,easy,From Pidgin Dictionary
CONDEMN,,"Spoilt beyond repair e.g. e don condemn finish. see how she juss condemn",pidgin,easy,From Pidgin Dictionary
CONFIDO,,"1 Confidence 2 Self confidence.",pidgin,easy,From Pidgin Dictionary
COOLEE,,"1 Relaxed 2 Cool 3 Chill.",pidgin,easy,From Pidgin Dictionary
COROFO,,"Army recruit.",pidgin,easy,From Pidgin Dictionary
COROR,,"1. Dark corner 2. Crevice.",pidgin,easy,From Pidgin Dictionary
CORRECT,,"Very good. e.g Di bobo na correct guy.",pidgin,easy,From Pidgin Dictionary
CORTEX,,"Nail varnish.",pidgin,easy,From Pidgin Dictionary
CORTINA,,"Type of school sandals.",pidgin,easy,From Pidgin Dictionary
COUNT,,"Afford e.g You fit count Twenty thousand as you stand so?",pidgin,easy,From Pidgin Dictionary
COST,,"Expensive. Also Too cost.",pidgin,easy,From Pidgin Dictionary
CRAPE,,"Defraud completely e.g. e crape all my money or E don crape my head pata-",pidgin,easy,From Pidgin Dictionary
CRAZE,,"Crazy.",pidgin,easy,From Pidgin Dictionary
CUNI,,"Contraction of cunning. Also Cunny or Cuni-cuni. See Wayo",pidgin,easy,From Pidgin Dictionary
CUT,,"Share of the loot. Usually involves a bribe.",pidgin,easy,From Pidgin Dictionary
DABARU,,"Spoil. (e.g.  E don dabaru)",pidgin,easy,From Pidgin Dictionary
DADA,,"Dread locks. Also called Bob Marley.",pidgin,easy,From Pidgin Dictionary
DASH,,"1. Gift 2. Bribe.",pidgin,easy,From Pidgin Dictionary
DAT,,"That.",pidgin,easy,From Pidgin Dictionary
DECK,,"1. Dress very well e.g Di bobo deck o, ah-ah. 2. Punch to the ground e.g Man go",pidgin,easy,From Pidgin Dictionary
DECKS,,"Fine clothes. Also Deckeez. See Baffs.",pidgin,easy,From Pidgin Dictionary
DECLARE,,"1. Pay for a round of drinks. 2. Buy new item e.g. Di guy don declare new jeep",pidgin,easy,From Pidgin Dictionary
DEM,,"1. Them. 2. They.",pidgin,easy,From Pidgin Dictionary
DENGE,,"Strike a fine pose. (e.g dem go dey denge)",pidgin,easy,From Pidgin Dictionary
DEY,,"Pidgin for is, are or a person's location.",pidgin,easy,From Pidgin Dictionary
DIA,,"1.Their 2. Dear or expensive eg Dat moto too dia.",pidgin,easy,From Pidgin Dictionary
DIOPKA,,"Elderly wise one.",pidgin,easy,From Pidgin Dictionary
DIS,,"This.",pidgin,easy,From Pidgin Dictionary
DISHI,,"Embarrass. See Deshine.",pidgin,easy,From Pidgin Dictionary
DODGE,,"1. Avoiding someone 2. Escape e.g. man juss dodge comot.",pidgin,easy,From Pidgin Dictionary
DON,,A Pidgin word meaning have or has already.,pidgin,easy,From Pidgin Dictionary
DONATUS,,"(Derisory) One in habit of giving their services to others for free. Derived",pidgin,easy,From Pidgin Dictionary
DONE,,"Cooked e.g. yua own done?",pidgin,easy,From Pidgin Dictionary
DORMOT,,"1 Door mat 2 Area in front of main door to house.",pidgin,easy,From Pidgin Dictionary
DRAIV,,"1. Drive 2.Chase away.",pidgin,easy,From Pidgin Dictionary
DRAIVA,,"Driver.",pidgin,easy,From Pidgin Dictionary
DRESS,,"1. Any kind of clothing. 2. Move your butt.",pidgin,easy,From Pidgin Dictionary
DROP,,"1. A t",pidgin,easy,From Pidgin Dictionary
DROS,,"Voluminous underwear.",pidgin,easy,From Pidgin Dictionary
DRY,,"1 Slim person.",pidgin,easy,From Pidgin Dictionary
DUB,,To copy a recording or someone else's work.,pidgin,easy,From Pidgin Dictionary
DUDU,,"Dark skinned person.",pidgin,easy,From Pidgin Dictionary
DUNDI,,"Fool.",pidgin,easy,From Pidgin Dictionary
EAGLES,,"See Super Eagles.",pidgin,easy,From Pidgin Dictionary
EBA,,A Nigerian food made from garri and hot water.,pidgin,easy,From Pidgin Dictionary
ECONS,,"(Abbreviation of economy) Stingy. See Tight hand.",pidgin,easy,From Pidgin Dictionary
EFFA,,"Ever.",pidgin,easy,From Pidgin Dictionary
EFRITIN,,"Everything.",pidgin,easy,From Pidgin Dictionary
EGBE,,"Fool.",pidgin,easy,From Pidgin Dictionary
EGO,,"Money.",pidgin,easy,From Pidgin Dictionary
EGUNJE,,"1. Bribe or 2. Kick back..",pidgin,easy,From Pidgin Dictionary
ENJOI,,"Enjoy.",pidgin,easy,From Pidgin Dictionary
EKO,,"Lagos",pidgin,easy,From Pidgin Dictionary
ENIWE,,"Anyway.",pidgin,easy,From Pidgin Dictionary
ENTA,,"Enter.",pidgin,easy,From Pidgin Dictionary
ESSENCO,,"Abbreviation for term 'essential commodities' i.e. Milk, Sugar, and Salt.",pidgin,easy,From Pidgin Dictionary
EWA,,"Beans.",pidgin,easy,From Pidgin Dictionary
EXPO,,"1. Leaked examination question paper. 2. Coined from 'exposed'",pidgin,easy,From Pidgin Dictionary
FABU,,"1. Unlikely tale. 2. Tall Tale",pidgin,easy,From Pidgin Dictionary
FADA,,"Father.",pidgin,easy,From Pidgin Dictionary
FAIN,,"See Fine.",pidgin,easy,From Pidgin Dictionary
FAIT,,"Fight.",pidgin,easy,From Pidgin Dictionary
FALCONS,,"Nigerian national female football team.",pidgin,easy,From Pidgin Dictionary
FASHIE,,"1. Ignore 2. Forget.",pidgin,easy,From Pidgin Dictionary
FAYA,,"Fire.",pidgin,easy,From Pidgin Dictionary
FEFERITY,,"1. Showing off 2. Pretending to be classy.",pidgin,easy,From Pidgin Dictionary
FELELE,,"1. Light plastic football. 2. Neighborhood in Ibadan",pidgin,easy,From Pidgin Dictionary
FENCE,,"Exclude.",pidgin,easy,From Pidgin Dictionary
FESTAC,,"(Acronym for Festival of Arts and culture) Name of large estate in Lagos originally built to house participants of the arts festival and later sold to members of the public.",pidgin,easy,From Pidgin Dictionary
FIAM,,"At lightening speed e.g See as the car overtake us fiam.",pidgin,easy,From Pidgin Dictionary
FILLAGE,,"Village.",pidgin,easy,From Pidgin Dictionary
FINE,,"1. Beautiful person or object 2. Alright.",pidgin,easy,From Pidgin Dictionary
FIT,,"Possess ability to carry out task.",pidgin,easy,From Pidgin Dictionary
FLY,,"1. Jump across a fence e.g the tief fly di fence fiam. 2. Jump across open drainage gutter.",pidgin,easy,From Pidgin Dictionary
FOC,,"Free of charge.",pidgin,easy,From Pidgin Dictionary
FONE,,To speak with a foreign accent.,pidgin,easy,From Pidgin Dictionary
FOOTRON,,"Derived from Citroen. One who has no car and goes everywhere on foot. See Legedes Benz and Trekeez.",pidgin,easy,From Pidgin Dictionary
FOR,,"In Pidgin, from or at.",pidgin,easy,From Pidgin Dictionary
FORBID,,"Have an aversion to certain foods e.g. I dey forbid goat meat on Sundays. Usually related to Juju.",pidgin,easy,From Pidgin Dictionary
FOTO,,"Photograph.",pidgin,easy,From Pidgin Dictionary
FREN,,"Friend.",pidgin,easy,From Pidgin Dictionary
FROVLEM,,"Problem.",pidgin,easy,From Pidgin Dictionary
FUFU,,"Dough like meal made from hot water and either cassava or plaintain flour. Usually served with soup",pidgin,easy,From Pidgin Dictionary
GALLOP,,"Pot holes in road.",pidgin,easy,From Pidgin Dictionary
GARRI,,"Dried cassava flour.",pidgin,easy,From Pidgin Dictionary
GARUWA,,"Aluminium container for fetching water. Garuwa is used as a metaphor for private business e.g. everybodi carry im Garuwa meaning mind your own business.",pidgin,easy,From Pidgin Dictionary
GATHER,,To have plenty of something or to be muscular.,pidgin,easy,From Pidgin Dictionary
GAUGE,,"Bellyful.",pidgin,easy,From Pidgin Dictionary
GBAGAM,,"Loud clapper of bells.",pidgin,easy,From Pidgin Dictionary
GBAGBATI,,"Excessive display.",pidgin,easy,From Pidgin Dictionary
GBALADUN,,"Enjoyment.",pidgin,easy,From Pidgin Dictionary
GBANJO,,"Cheap market sale.",pidgin,easy,From Pidgin Dictionary
GBEDU,,"1. Rhythmic Afro beat sound 2. Loud sound system.",pidgin,easy,From Pidgin Dictionary
GBOSA,,"Loud explosion.",pidgin,easy,From Pidgin Dictionary
GBOYEN,,"Fine girl.",pidgin,easy,From Pidgin Dictionary
GERROUT,,"Get out of here.",pidgin,easy,From Pidgin Dictionary
GEISHA,,"Brand of sardines in tomato sauce.",pidgin,easy,From Pidgin Dictionary
GET,,To have something or understand it.,pidgin,easy,From Pidgin Dictionary
GIAM,,"Give it to him or her.",pidgin,easy,From Pidgin Dictionary
GIDDYING,,"Kissing.",pidgin,easy,From Pidgin Dictionary
GIDI,,"Lagos. Also Las Gidi.",pidgin,easy,From Pidgin Dictionary
GIF,,"Give.",pidgin,easy,From Pidgin Dictionary
GIRAFFE,,"Examination malpractice were the neck is stretched to spy neighbour's work.",pidgin,easy,From Pidgin Dictionary
GISM,,"GSM phone.",pidgin,easy,From Pidgin Dictionary
GRAB,,"Muscular.",pidgin,easy,From Pidgin Dictionary
GRABEEZ,,"Big muscles.",pidgin,easy,From Pidgin Dictionary
GREE,,"Agree.",pidgin,easy,From Pidgin Dictionary
GULDER,,"Brand of Nigerian beer.",pidgin,easy,From Pidgin Dictionary
GUUD,,"Good.",pidgin,easy,From Pidgin Dictionary
GUGURU,,"Pop corn.",pidgin,easy,From Pidgin Dictionary
GUY,,"Man about town.",pidgin,easy,From Pidgin Dictionary
GWAINCE,,"To eat.",pidgin,easy,From Pidgin Dictionary
HAIL,,"Cheer someone.",pidgin,easy,From Pidgin Dictionary
HALA,,"1. Raise ones voice 2. Scream.",pidgin,easy,From Pidgin Dictionary
HANDSUP,,"Put your hands above your head.",pidgin,easy,From Pidgin Dictionary
HANLELE,,"Start marching.",pidgin,easy,From Pidgin Dictionary
HAUS,,"House.",pidgin,easy,From Pidgin Dictionary
HELELE,,"Exceptional.",pidgin,easy,From Pidgin Dictionary
HISS,,The sound of sucking one's teeth to show emotion.,pidgin,easy,From Pidgin Dictionary
HOUSE,,"1. Room 2. Anywhere inside a house.",pidgin,easy,From Pidgin Dictionary
HUNGRI,,"1. Hunger 2. Strong desire for something e.g. New moto dey hungri me. 3. Poor e.g. Look im Byah byah laik hungri man own.",pidgin,easy,From Pidgin Dictionary
IACON,,"Air conditioner.",pidgin,easy,From Pidgin Dictionary
IAPOT,,"Air port.",pidgin,easy,From Pidgin Dictionary
IBEJI,,"Twins.",pidgin,easy,From Pidgin Dictionary
IKPEKERE,,"Fried unripe plantain chips. See Dodo.",pidgin,easy,From Pidgin Dictionary
ISIEWU,,"Igbo soup made from goat's head (including the mashed brain), vegetables, palm oil and potash. Served as a starter.",pidgin,easy,From Pidgin Dictionary
ISU,,"1. Yam. 2. Prominent Calf Muscles",pidgin,easy,From Pidgin Dictionary
IVININ,,"Evening.",pidgin,easy,From Pidgin Dictionary
JAB,,"1. Profession 2.Place of work.",pidgin,easy,From Pidgin Dictionary
JACK,,"Read seriously especially for examination.",pidgin,easy,From Pidgin Dictionary
JAKI,,"1. Very hard worker 2. Worker being taken advantage of.",pidgin,easy,From Pidgin Dictionary
JAGUDA,,"Crook.",pidgin,easy,From Pidgin Dictionary
JAM,,"Collision, especially cars.",pidgin,easy,From Pidgin Dictionary
JAMB,,"Joint Admission and Matriculation Board. Body in charge of University entrance in Nigeria who organise a yearly entrance examination.",pidgin,easy,From Pidgin Dictionary
JAMBITE,,"Freshman in Nigerian university.",pidgin,easy,From Pidgin Dictionary
JAMBITO,,"See Jambite.",pidgin,easy,From Pidgin Dictionary
JAMBRESS,,"Female freshman in Nigerian universities.",pidgin,easy,From Pidgin Dictionary
JANDON,,"London.",pidgin,easy,From Pidgin Dictionary
JANKARA,,"1. Market in Lagos 2. Fake products.",pidgin,easy,From Pidgin Dictionary
JANGLOVA,,"1.Merry-go-round. 2. Playground swing",pidgin,easy,From Pidgin Dictionary
JARE,,"See Ojare.",pidgin,easy,From Pidgin Dictionary
JAZZ,,"Nonsense. e.g Ol' boy why you dey talk Jazz laik dat?",pidgin,easy,From Pidgin Dictionary
JEJE,,"1.Gentle. 2. Polite. 3. Up standing individual.",pidgin,easy,From Pidgin Dictionary
JEJELI,,"Adverb of Jeje meaning Gently.",pidgin,easy,From Pidgin Dictionary
JIBITI,,"Fraudster. See 419.",pidgin,easy,From Pidgin Dictionary
JIGA,,"Parasitic worm infestation on legs or foot such as Guinea worm. See Baba Jiga.",pidgin,easy,From Pidgin Dictionary
JINTA,,"Crook.",pidgin,easy,From Pidgin Dictionary
JJC,,"Johnny juss come. Slang to denote a Nigerian who has just returned from abroad especially after a long absence.",pidgin,easy,From Pidgin Dictionary
JOGBA,,"1.Trickery 2. Gambling. Urhobo word.",pidgin,easy,From Pidgin Dictionary
JOIN,,"Board a bus.",pidgin,easy,From Pidgin Dictionary
JOINT,,"1. Watering hole where food and drinks are sold.",pidgin,easy,From Pidgin Dictionary
JUDGE,,"Say ones side of the story in a dispute.",pidgin,easy,From Pidgin Dictionary
JUGUNU,,"Rough neck.",pidgin,easy,From Pidgin Dictionary
JUJU,,"Black magic.",pidgin,easy,From Pidgin Dictionary
JUSS,,"Just.",pidgin,easy,From Pidgin Dictionary
KACK,,"Dress well. See Sput, Spoot, Baffs and Give dem finis.",pidgin,easy,From Pidgin Dictionary
KAIN,,"Kind of.",pidgin,easy,From Pidgin Dictionary
KAKARAKA,,"Strong and stiff. E.g. the stork fish bodi strong Kakaraka laik say dem never cook am.",pidgin,easy,From Pidgin Dictionary
KALAKUTA,,"House of the late Fela Anikulapo Kuti, which was burnt down by soldiers.",pidgin,easy,From Pidgin Dictionary
KAMPALA,,"1. Kind of African print fabric thought to have originated in the city of the same name the capital of Uganda. Also called Ankara. 2. Jail house.",pidgin,easy,From Pidgin Dictionary
KAMPKE,,"1.Complete 2. Completely at ease.",pidgin,easy,From Pidgin Dictionary
KANDA,,"1. Peelings 2. Hide 3. Skin.",pidgin,easy,From Pidgin Dictionary
KARI,,"Carry.",pidgin,easy,From Pidgin Dictionary
KASHI,,"Gambling especially with cards.",pidgin,easy,From Pidgin Dictionary
KAUN,,"Potash.",pidgin,easy,From Pidgin Dictionary
KEKERE,,"Small; Yoruba word.",pidgin,easy,From Pidgin Dictionary
KOBO,,"Nigerian coin. 100 kobo= 1 Naira.",pidgin,easy,From Pidgin Dictionary
KOL,,"Call.",pidgin,easy,From Pidgin Dictionary
KUDI,,"Money.",pidgin,easy,From Pidgin Dictionary
KUK,,To cook; also to prepare protective charms.,pidgin,easy,From Pidgin Dictionary
KUKU,,"A Pidgin word used for emphasis, like really or at all.",pidgin,easy,From Pidgin Dictionary
KULIKULI,,"Small fried balls of peanut paste.",pidgin,easy,From Pidgin Dictionary
KUNU,,A drink made from sorghum or millet.,pidgin,easy,From Pidgin Dictionary
KWIK,,"Quick",pidgin,easy,From Pidgin Dictionary
LABU,,"Bell bottomed trousers.",pidgin,easy,From Pidgin Dictionary
LAI,,"Lie.",pidgin,easy,From Pidgin Dictionary
LAIT,,"1. Light 2. Electricity e.g. NEPA don commot lait again.",pidgin,easy,From Pidgin Dictionary
LAMA,,"Cow.",pidgin,easy,From Pidgin Dictionary
LANKO,,"Guinness stout drink. Also called Odeku.",pidgin,easy,From Pidgin Dictionary
LASU,,"Lagos State University.",pidgin,easy,From Pidgin Dictionary
LAUNCH,,"Use newly brought item for first time.",pidgin,easy,From Pidgin Dictionary
LEF,,"Leave.",pidgin,easy,From Pidgin Dictionary
LEGLE,,"Sit spread eagled",pidgin,easy,From Pidgin Dictionary
LEVEL,,To finish a large serving of food.,pidgin,easy,From Pidgin Dictionary
LIGHT,,"Electricity power supply.",pidgin,easy,From Pidgin Dictionary
LOC,,"Local organising committee. Usually formed to run a major sporting event.",pidgin,easy,From Pidgin Dictionary
LOKITO,,"Uninformed and not travelled.",pidgin,easy,From Pidgin Dictionary
LOOKERY,,"Looking at things one's eyes are not supposed to see.",pidgin,easy,From Pidgin Dictionary
MACHINE,,"Motor cycle. See Okada",pidgin,easy,From Pidgin Dictionary
MACH,,"Trample upon. Also Mash.",pidgin,easy,From Pidgin Dictionary
MAGANI,,"Native aphrodisiac.",pidgin,easy,From Pidgin Dictionary
MAGGI,,A brand of seasoning cubes used in cooking.,pidgin,easy,From Pidgin Dictionary
MAGUN,,"Spell put on woman said to kill her partner if involved in adulterous relationship.",pidgin,easy,From Pidgin Dictionary
MAKE,,"1. Made e.g. Wetin make am sick. 2. Should I? E.g. Wetin make I do? 3. Let me e.g. Make I warn you o! 4. Parade one's self e.g. E juss dey make up and down.",pidgin,easy,From Pidgin Dictionary
MEK,,"Make.",pidgin,easy,From Pidgin Dictionary
MALU,,"Cow. Also Lama.",pidgin,easy,From Pidgin Dictionary
MANAGE,,"Make do with second best.",pidgin,easy,From Pidgin Dictionary
MARKIT,,"1. Merchandise",pidgin,easy,From Pidgin Dictionary
MASH,,"Trample upon. See Mach",pidgin,easy,From Pidgin Dictionary
MATE,,A peer of the same age or social status.,pidgin,easy,From Pidgin Dictionary
MATRIC,,"Matriculation into university.",pidgin,easy,From Pidgin Dictionary
MAYGUARD,,"Night watch man.",pidgin,easy,From Pidgin Dictionary
MEDICINE,,"1. Juju 2. Tablets. Also called Melesin and medi.",pidgin,easy,From Pidgin Dictionary
MEGIDA,,"Big man. Also Oga.",pidgin,easy,From Pidgin Dictionary
MENTALO,,"See Aromental.",pidgin,easy,From Pidgin Dictionary
MESEJ,,"Message.",pidgin,easy,From Pidgin Dictionary
MILIKI,,"Enjoyment.",pidgin,easy,From Pidgin Dictionary
MINERALS,,"Soft drinks",pidgin,easy,From Pidgin Dictionary
MOBILE,,Nigeria's Mobile Police force.,pidgin,easy,From Pidgin Dictionary
MODA,,"Mother.",pidgin,easy,From Pidgin Dictionary
MONI,,"Money.",pidgin,easy,From Pidgin Dictionary
MOLUE,,"Rickety bright yellow bus used for transportation in Lagos.",pidgin,easy,From Pidgin Dictionary
MOROCCO,,"Indian hemp. See Igbo.",pidgin,easy,From Pidgin Dictionary
MOTO,,"Car.",pidgin,easy,From Pidgin Dictionary
MOVE,,"Brisk trade.",pidgin,easy,From Pidgin Dictionary
MUGUN,,"Fool.",pidgin,easy,From Pidgin Dictionary
MUMU,,"See Mugun.",pidgin,easy,From Pidgin Dictionary
MURD,,"1. Die e.g. Di Baba don murd o! 2. Murder e.g. Wo, if you touch mi I go murd you o!",pidgin,easy,From Pidgin Dictionary
MURITALA,,"Slang for twenty Naira note which bears the photograph of the late Nigerian Head of state; General Muritala Mohammed. Also called Muri.",pidgin,easy,From Pidgin Dictionary
NADA,,"Nothing",pidgin,easy,From Pidgin Dictionary
NAIF,,"Knife",pidgin,easy,From Pidgin Dictionary
NAK,,"To tell, hit, eat or wear, depending on context.",pidgin,easy,From Pidgin Dictionary
NATIN,,"Nothing.",pidgin,easy,From Pidgin Dictionary
NEPA,,"National Electric Power Authority. Also Never Expect Power Always.",pidgin,easy,From Pidgin Dictionary
NFA,,"National Football Association. Also No future ambition.",pidgin,easy,From Pidgin Dictionary
NFAITE,,"Student lacking in ambition.",pidgin,easy,From Pidgin Dictionary
NOW,,A word added at the end of a question for emphasis.,pidgin,easy,From Pidgin Dictionary
NTA,,"1. Nigerian Television Authority 2. Gossip.",pidgin,easy,From Pidgin Dictionary
NYANGA,,"Showing off. Also Nyanga Tolotolo.",pidgin,easy,From Pidgin Dictionary
NYARSH,,"Bottom. Also Backyard.",pidgin,easy,From Pidgin Dictionary
NYSC,,"National Youth Service Corps. One-year compulsory national service undergone by all Nigerian graduates. After an initial 4 week military style training camp the graduates are posted throughout Nigeria to fill various posts. Also Now Your Suffering Commences.",pidgin,easy,From Pidgin Dictionary
OBA,,"Traditional ruler. Also Olu, Ovie and Sultan.",pidgin,easy,From Pidgin Dictionary
OBIOMA,,"See Mobile tailor.",pidgin,easy,From Pidgin Dictionary
OBITO,,"1. All night wake.",pidgin,easy,From Pidgin Dictionary
OBJECTIV,,"Multiple choice examination.",pidgin,easy,From Pidgin Dictionary
OBODO,,"Homestead.",pidgin,easy,From Pidgin Dictionary
OBOKUN,,"1. Cat fish 2. Mercedes Benz limousine",pidgin,easy,From Pidgin Dictionary
ODA,,"Other.",pidgin,easy,From Pidgin Dictionary
ODEKU,,"Large bottle of Guinness stout.",pidgin,easy,From Pidgin Dictionary
ODU,,"Shady business.",pidgin,easy,From Pidgin Dictionary
ODUDOOF,,"(Derisory) Overweight individual.",pidgin,easy,From Pidgin Dictionary
OFOFO,,"Yoruba word for Gossip.",pidgin,easy,From Pidgin Dictionary
OGBOJU,,"Bluff your way through. See Bold face.",pidgin,easy,From Pidgin Dictionary
OGBONO,,Soup made with ground ogbono seeds.,pidgin,easy,From Pidgin Dictionary
OGI,,"Pap made from corn. Also Akamu.",pidgin,easy,From Pidgin Dictionary
OGOGORO,,"See Apketeshi.",pidgin,easy,From Pidgin Dictionary
OJARE,,"Said at the end of sentences for emphasis. E.g Comot for road Ojare!",pidgin,easy,From Pidgin Dictionary
OJORO,,"Cheating.",pidgin,easy,From Pidgin Dictionary
OJUJU,,"Masquerade.",pidgin,easy,From Pidgin Dictionary
OKPETU,,"1. Trouble 2.It has happened!",pidgin,easy,From Pidgin Dictionary
OKPOROKO,,"Stork fish.",pidgin,easy,From Pidgin Dictionary
OLE,,"Theif. Also Teif.",pidgin,easy,From Pidgin Dictionary
OLODO,,"Dunce.",pidgin,easy,From Pidgin Dictionary
OLOPA,,"Police officer.",pidgin,easy,From Pidgin Dictionary
OMO,,Pidgin for child or friend.,pidgin,easy,From Pidgin Dictionary
OMOLANKE,,"Labourer for hire who carries goods in a large custom made wooden wheelbarrow.",pidgin,easy,From Pidgin Dictionary
OMOGE,,"Fine girl. Also Chinani, Chickito, Gboyen, Si si and Babi.",pidgin,easy,From Pidgin Dictionary
OMOTA,,"Ruffian or rude boy.",pidgin,easy,From Pidgin Dictionary
ONIOBURU,,"Night soil man. Also Agbepo.",pidgin,easy,From Pidgin Dictionary
OPARI,,"It is finished.",pidgin,easy,From Pidgin Dictionary
OPEKE,,"Good looking girl. See Omoge.",pidgin,easy,From Pidgin Dictionary
OPKOR,,"Juju.",pidgin,easy,From Pidgin Dictionary
ORENJ,,"Orange.",pidgin,easy,From Pidgin Dictionary
OVERS,,"Overseas.",pidgin,easy,From Pidgin Dictionary
OVIE,,"King.",pidgin,easy,From Pidgin Dictionary
OWAMBE,,"Yoruba word meaning it is there, denoting a lavish party with live music.",pidgin,easy,From Pidgin Dictionary
OWO,,"Urhobo soup made from palm oil, dried meat and fish, crayfish, potash, pepper, cassava starch and Egidije. Also called Oil soup.",pidgin,easy,From Pidgin Dictionary
OYINBO,,"1. Caucasian 2. English 3. Big English words.",pidgin,easy,From Pidgin Dictionary
OYOYO,,"1. Good times 2. Jollification.. See Ariya.",pidgin,easy,From Pidgin Dictionary
PAALE,,"Old man.",pidgin,easy,From Pidgin Dictionary
PADDY,,"Good friend.",pidgin,easy,From Pidgin Dictionary
PAFUKA,,"1. Give up the ghost 2. Collapse",pidgin,easy,From Pidgin Dictionary
PALI,,"See Paddy.",pidgin,easy,From Pidgin Dictionary
PAMMI,,"Palm wine taped from tree top.",pidgin,easy,From Pidgin Dictionary
PAMMY,,"See Pammi",pidgin,easy,From Pidgin Dictionary
PANDA,,"Cheap gold plated jewellery.",pidgin,easy,From Pidgin Dictionary
PANGBA,,"Astonishing e.g. Dat man Byah byah na Pangba.",pidgin,easy,From Pidgin Dictionary
PANGOLO,,"Tin can.",pidgin,easy,From Pidgin Dictionary
PANLA,,"Dried stork fish. Also Opkoroko.",pidgin,easy,From Pidgin Dictionary
PAPA,,"1. Dad 2. Granddad 3. Old man.",pidgin,easy,From Pidgin Dictionary
PARAPO,,"Kinsman.",pidgin,easy,From Pidgin Dictionary
PARSHA,,"Partiality. See Fren fren.",pidgin,easy,From Pidgin Dictionary
PATA,,"Underwear.",pidgin,easy,From Pidgin Dictionary
PERM,,"1. Commit to memory 2. Woo a girl.",pidgin,easy,From Pidgin Dictionary
PERSIN,,"Person.",pidgin,easy,From Pidgin Dictionary
PICKEN,,"Child.",pidgin,easy,From Pidgin Dictionary
PIPO,,"People.",pidgin,easy,From Pidgin Dictionary
PKOMO,,"See Ponmo.",pidgin,easy,From Pidgin Dictionary
PKAJE,,"Share of fraud money. See Cut.",pidgin,easy,From Pidgin Dictionary
POMPOO,,"Navel.",pidgin,easy,From Pidgin Dictionary
PONMO,,"Boiled animal hide. Also Pkomo, Show-boy and Rain coat.",pidgin,easy,From Pidgin Dictionary
POPULO,,"1. Cheap seats. 2. Cheap or very common article.",pidgin,easy,From Pidgin Dictionary
PORT,,"Port Harcourt, a city in Rivers State, Nigeria.",pidgin,easy,From Pidgin Dictionary
POUNDI,,"Pounded yam.",pidgin,easy,From Pidgin Dictionary
POZZA,,"Poser. See Alan Pozza.",pidgin,easy,From Pidgin Dictionary
PRESIDO,,"President.",pidgin,easy,From Pidgin Dictionary
PRESS,,"1. Demonic oppression especially in bed at night 2. Ironing of clothes. 3. To be dominated during soccer game.",pidgin,easy,From Pidgin Dictionary
PRICE,,"1. Haggle over price with market trader. 2. Inquire as to the cost of items for sale.",pidgin,easy,From Pidgin Dictionary
QUAYA,,"Choir.",pidgin,easy,From Pidgin Dictionary
QUAYET,,"Quiet.",pidgin,easy,From Pidgin Dictionary
QUANTA,,"1.Collide 2. Fight 3. Clash",pidgin,easy,From Pidgin Dictionary
QUENCH,,"1. Switch off e.g. quench dat light. 2. Die e.g. Di man don quench. Also Yamutu.",pidgin,easy,From Pidgin Dictionary
RAKE,,"Empty boasting.",pidgin,easy,From Pidgin Dictionary
REACH,,To arrive or to be able to afford something.,pidgin,easy,From Pidgin Dictionary
REIGN,,"In vogue e.g Na dat trousa dey reign now o.",pidgin,easy,From Pidgin Dictionary
RHYME,,"Go well together e.g Dat yua trousa no rhyme di shirt.",pidgin,easy,From Pidgin Dictionary
RIMUV,,"Remove.",pidgin,easy,From Pidgin Dictionary
ROCKEEZ,,"Party.",pidgin,easy,From Pidgin Dictionary
RUSH,,"To jostle for a place, such as a bus seat.",pidgin,easy,From Pidgin Dictionary
SAKA,,"Know too much (sarcastic) e.g Na you saka.",pidgin,easy,From Pidgin Dictionary
SALENZA,,"Exhaust pipe if vehicle. Derived from Silencer.",pidgin,easy,From Pidgin Dictionary
SALOT,,"1. Salute 2. Greetings",pidgin,easy,From Pidgin Dictionary
SAMBA,,"1. Bottom. 2. A generous rear end. See Yarnsh.",pidgin,easy,From Pidgin Dictionary
SAMMA,,"Hit e.g I go samma you slap o! See Mammar.",pidgin,easy,From Pidgin Dictionary
SANTANA,,"also Apku. Named after the car which normally comes in white and handles smoothly like Apku.",pidgin,easy,From Pidgin Dictionary
SARAA,,"Sacrifice. (Yoruba word.)",pidgin,easy,From Pidgin Dictionary
SAWA,,"Sour.",pidgin,easy,From Pidgin Dictionary
SCATA,,"Scatter. Also Scata-scata.",pidgin,easy,From Pidgin Dictionary
SCOPE,,"To look at an object or person longingly",pidgin,easy,From Pidgin Dictionary
SEF,,"1. In particular e.g. You sef. 2. Placed at end of question when irritated or impatient e.g. Wetin sef?",pidgin,easy,From Pidgin Dictionary
SHACK,,To drink alcohol or become intoxicated.,pidgin,easy,From Pidgin Dictionary
SHACKEEZ,,"1. Act of drinking. 2. Alcoholic drinks. Also Shak.",pidgin,easy,From Pidgin Dictionary
SHAKI,,"Sheep or cattle cooked intestine.",pidgin,easy,From Pidgin Dictionary
SHAKO,,"Yoruba word meaning Show off.",pidgin,easy,From Pidgin Dictionary
SHALANGA,,"Pit latrine.",pidgin,easy,From Pidgin Dictionary
SHENJ,,"Change.",pidgin,easy,From Pidgin Dictionary
SHICOCO,,"See Omoge.",pidgin,easy,From Pidgin Dictionary
SHIMI,,"Slip worn under dress.",pidgin,easy,From Pidgin Dictionary
SHINANI,,"See Omoge.",pidgin,easy,From Pidgin Dictionary
SHINE,,"1. Look well 2. Look glamorous.",pidgin,easy,From Pidgin Dictionary
SHOMO,,"1.You know 2. You understand? Also You sabi say.",pidgin,easy,From Pidgin Dictionary
SHOW,,"1.Make life difficult for you e.g I go show you o!",pidgin,easy,From Pidgin Dictionary
SIDON,,"Sit down.",pidgin,easy,From Pidgin Dictionary
SIGHT,,"See e.g. I juss sight di guy dey come.",pidgin,easy,From Pidgin Dictionary
SIMA,,"Simmer down.",pidgin,easy,From Pidgin Dictionary
SISTA,,"Sister.",pidgin,easy,From Pidgin Dictionary
SKENCHI,,"Greedy.",pidgin,easy,From Pidgin Dictionary
SLACKI,,"Slow thinking person.",pidgin,easy,From Pidgin Dictionary
SLIPAS,,"Slippers.",pidgin,easy,From Pidgin Dictionary
SMALLIE,,"Small statured individual.",pidgin,easy,From Pidgin Dictionary
SMOL,,"Small.",pidgin,easy,From Pidgin Dictionary
SOAKEEZ,,"Act of drinking garri.",pidgin,easy,From Pidgin Dictionary
SODA,,A sweet fizzy drink.,english,easy,Corrected English meaning
SOJA,,"Soldier. Also Soja man.",pidgin,easy,From Pidgin Dictionary
SOKOTO,,"Traditional trouser.",pidgin,easy,From Pidgin Dictionary
SONTIN,,"Something.",pidgin,easy,From Pidgin Dictionary
SOTEY,,"For such a long time.",pidgin,easy,From Pidgin Dictionary
SOYOYO,,"Trendy.",pidgin,easy,From Pidgin Dictionary
SPARK,,"Lose temper.",pidgin,easy,From Pidgin Dictionary
SPIN,,"Woo a girl. Also Toast , Approach, Tune, Give raps and Baze.",pidgin,easy,From Pidgin Dictionary
SPOOTS,,"Designer or very nice clothes. See Sputs.",pidgin,easy,From Pidgin Dictionary
SPRAY,,"Giving of monetary gifts to dancers and musicians at a party. The bank notes are usually placed on the foreheads of the recipients.",pidgin,easy,From Pidgin Dictionary
SPUT,,Stylishly dressed; also designer clothing.,pidgin,easy,From Pidgin Dictionary
SQUATTER,,"University campus term denoting a student living illegally in the halls of residence under the auspices of a 'Landlord'; the legal owner of the room. The squatter sleeps on a wafer thin mattress on the floor while the Landlord sleeps on the bed.",pidgin,easy,From Pidgin Dictionary
STANDARD,,"1. Very good 2. Perfect",pidgin,easy,From Pidgin Dictionary
STOMOK,,"Stomach.",pidgin,easy,From Pidgin Dictionary
STRANGER,,"Visitor.",pidgin,easy,From Pidgin Dictionary
STROKE,,"Tease. See Yab.",pidgin,easy,From Pidgin Dictionary
STUD,,To tackle roughly in football; also to block progress.,pidgin,easy,From Pidgin Dictionary
SUEGBE,,"1. Dunce 2.Slow person.",pidgin,easy,From Pidgin Dictionary
SWEAR,,"1. Cursed e.g dem swear for you? Meaning- are you cursed?",pidgin,easy,From Pidgin Dictionary
SYSTEM,,"Hi-Fi System",pidgin,easy,From Pidgin Dictionary
TAIM,,"Time.",pidgin,easy,From Pidgin Dictionary
TANDA,,"1. Stand 2. Loitering.",pidgin,easy,From Pidgin Dictionary
TAFFIA,,"Gossip.",pidgin,easy,From Pidgin Dictionary
TAKE,,"1.How did you do it? e.g. How you take build house on yua salary?",pidgin,easy,From Pidgin Dictionary
TAPPING,,"Stealing.",pidgin,easy,From Pidgin Dictionary
TAYA,,"1. Tired 2. Do something to exhaustion or full satisfaction. E.g. I don chop taya.",pidgin,easy,From Pidgin Dictionary
TDB,,"Till Daybreak",pidgin,easy,From Pidgin Dictionary
TEY,,"1. Take too long a time. E.g. You don too tey for dat toilet, abeg commot one time jo.",pidgin,easy,From Pidgin Dictionary
TIEF,,"Thief. See Ole.",pidgin,easy,From Pidgin Dictionary
TINEJA,,"Teenager.",pidgin,easy,From Pidgin Dictionary
TING,,"Thing.",pidgin,easy,From Pidgin Dictionary
TIRO,,"Khol used as eye liner.",pidgin,easy,From Pidgin Dictionary
TIP,,"Dribble opponent during football game.",pidgin,easy,From Pidgin Dictionary
TITI,,"Young girl",pidgin,easy,From Pidgin Dictionary
TITRATE,,"Urinate especially at road side or in a bush.",pidgin,easy,From Pidgin Dictionary
TOAST,,"Woo a lady. Also Spin, Approach, Base and Tune.",pidgin,easy,From Pidgin Dictionary
TOKUNBO,,"(Yoruba word) 1. Second hand goods. 2. Child born overseas",pidgin,easy,From Pidgin Dictionary
TOLOTOLO,,"1.Turkey. 2. Show of e.g E dey make Nyanga Tolo tolo.",pidgin,easy,From Pidgin Dictionary
TOMBO,,"Palm wine. See Palmmy. Also Tombo Liquor.",pidgin,easy,From Pidgin Dictionary
TORI,,"1. Interesting or humorous story.",pidgin,easy,From Pidgin Dictionary
TORO,,"1. Old Nigeria 3 pence coin with circular hole in it's middle. 2. Problem e.g. Dat one na yua Toro.",pidgin,easy,From Pidgin Dictionary
TORONTO,,"Fake goods.",pidgin,easy,From Pidgin Dictionary
TRAVUL,,"Travel.",pidgin,easy,From Pidgin Dictionary
TREKEEZ,,"Act of walking. See Legedis Benz, Foot wagen and Footron.",pidgin,easy,From Pidgin Dictionary
TROUSA,,"Trouser.Also Trousees",pidgin,easy,From Pidgin Dictionary
TRY,,"1. Did well. 2. Tried you best. 3. Sarcastic use when someone offends e.g. Ol' boy , you try as you come finish the last iced water for fridge.",pidgin,easy,From Pidgin Dictionary
TRYING,,"Doing very well.",pidgin,easy,From Pidgin Dictionary
TUFFIA,,"God forbid!",pidgin,easy,From Pidgin Dictionary
TUNE,,"See Toast.",pidgin,easy,From Pidgin Dictionary
UKODO,,"Meal of yams, spices, fish and pepper soup boiled in the same pot.",pidgin,easy,From Pidgin Dictionary
UNA,,"You people.",pidgin,easy,From Pidgin Dictionary
UNIBEN,,"University of Benin.",pidgin,easy,From Pidgin Dictionary
UNILAG,,"University of Lagos.",pidgin,easy,From Pidgin Dictionary
UNIPORT,,"University of Port Harcourt.",pidgin,easy,From Pidgin Dictionary
USELU,,An area of Benin City; also slang for an eccentric person.,pidgin,easy,From Pidgin Dictionary
VAMOOSE,,"1. Make hasty retreat.  2. disappear",pidgin,easy,From Pidgin Dictionary
VEKS,,"Vex.",pidgin,easy,From Pidgin Dictionary
VENUE,,"Location of party.",pidgin,easy,From Pidgin Dictionary
VESS,,"1. Vex. 2. Provoke to anger.",pidgin,easy,From Pidgin Dictionary
VIBRATE,,"1. Exert one's self. 2. Show off one's grasps of a subject.",pidgin,easy,From Pidgin Dictionary
WAD,,"1. cash 2. Rich e.g Dat business man wad well-well.",pidgin,easy,From Pidgin Dictionary
WADDED,,"Rich e.g Di guy dey wadded no bi small.",pidgin,easy,From Pidgin Dictionary
WADO,,"Urhobo greeting e.g Internet surfers Wado.",pidgin,easy,From Pidgin Dictionary
WAFFI,,"Warri. Town in Delta State, Nigeria.",pidgin,easy,From Pidgin Dictionary
WAK,,"Eat.",pidgin,easy,From Pidgin Dictionary
WAKA,,Pidgin for walk or move around.,pidgin,easy,From Pidgin Dictionary
WALAHI,,"I swear. Also Walai.",pidgin,easy,From Pidgin Dictionary
WATA,,"Water.",pidgin,easy,From Pidgin Dictionary
WAYA,,"1. Wonderful 2. Tough like steel wire. 3. Pangs of hunger e.g. See how hungry waya man.",pidgin,easy,From Pidgin Dictionary
WAYO,,"Trickery.",pidgin,easy,From Pidgin Dictionary
WEAR,,"1. Board a bus e.g I go wear bus reach Tinubu.",pidgin,easy,From Pidgin Dictionary
WETIN,,"1. What is? E.g Wetin bi yua name?",pidgin,easy,From Pidgin Dictionary
WEY,,"Who e.g The Obioma wey sew mai trousa dey pass.",pidgin,easy,From Pidgin Dictionary
WINCH,,"Witch.",pidgin,easy,From Pidgin Dictionary
WINCHI,,"1. Bedevil.",pidgin,easy,From Pidgin Dictionary
YAB,,Pidgin for teasing or mocking someone.,pidgin,easy,From Pidgin Dictionary
YABBIS,,"1. Act of poking fun. 2. Joke at another's expense.",pidgin,easy,From Pidgin Dictionary
YAKATA,,"1. Heavily e.g. I juss fall Yakata.",pidgin,easy,From Pidgin Dictionary
YALLOW,,"Light skinned person especially when using skin lightening creams. Also Yallow babi.",pidgin,easy,From Pidgin Dictionary
YAM,,"Large calf muscles.",pidgin,easy,From Pidgin Dictionary
YAMIRI,,"Cannibal.",pidgin,easy,From Pidgin Dictionary
YAMUTU,,"1. Die 2. Break down.",pidgin,easy,From Pidgin Dictionary
YANGA,,"1. Pride. 2. Flamboyance. Also Nyanga.",pidgin,easy,From Pidgin Dictionary
YAWN,,"Loneliness. See Gba Winter.",pidgin,easy,From Pidgin Dictionary
YONDA,,"Far away. (Yonder)",pidgin,easy,From Pidgin Dictionary
YUA,,"1. Your.",pidgin,easy,From Pidgin Dictionary
ZOMBIE,,"1. A mindless person. 2. Derogatory name",pidgin,easy,From Pidgin Dictionary
ABERO,,"Street boys characterized by waywardness",pidgin,easy,From scraped articles
ABI,,A Pidgin question tag meaning right? or is that so?,pidgin,easy,From scraped articles
ABJ,,"Abbreviation for Abuja the capital city of nigeria",pidgin,easy,From scraped articles
ABK,,A slang abbreviation for Abeokuta.,pidgin,easy,From scraped articles
ABOKI,,"Been foolish or in the dark about things",pidgin,easy,From scraped articles
ABRO,,"1. A term used to show respect amongst men",pidgin,easy,From scraped articles
ABS,,"Slang for Abuja",pidgin,easy,From scraped articles
ACATAY,,"A Nigerian who resides abroad but comes back to visit from time to time (mostly during Christmas celebrations).",pidgin,easy,From scraped articles
ACHABA,,"Motorcycle for public transport, usually spoken in northern Nigeria. see: machine",pidgin,easy,From scraped articles
ACTOR,,"In a movie or play, the most important character.",pidgin,easy,From scraped articles
ADRO,,"Asylum, money paid to Asylum seekers",pidgin,easy,From scraped articles
AFA,,"A way of saying how are you, or hello",pidgin,easy,From scraped articles
AFAR,,"afar means how are you?",pidgin,easy,From scraped articles
AGABA,,"A Masquerade.",pidgin,easy,From scraped articles
AGADA,,"Having bow legs",pidgin,easy,From scraped articles
AGBANI,,A beautiful or attractive woman.,pidgin,easy,From scraped articles
AGBAYA,,"A bad elderly person",pidgin,easy,From scraped articles
AGIDI,,"Locally prepared mashed rice cake",pidgin,easy,From scraped articles
AGRO,,"Feeling Horny",pidgin,easy,From scraped articles
AHLIE,,An affirmation or question tag meaning right?,pidgin,easy,From scraped articles
AJAYI,,"An overachiever or someone that works excessively to impress the authority",pidgin,easy,From scraped articles
AJEBO,,A person raised in comfort or privilege.,pidgin,easy,From scraped articles
AJEKPAKO,,"- noun:Used to describe someone who has grown up in a less privileged, often challenging environment. It implies that the person is street-smart, resilient, and tough due to being brought up in mor...",pidgin,easy,From scraped articles
AJEPACO,,"someone who was brought up in the harsh way of life, also a local champion.",pidgin,easy,From scraped articles
AJUWAYA,,"A slang for serving members of the Nigerian Youth Service Corps. It is derived from the pidgin version of the the phrase ""As you were"" (A military term that is the equivalent of ""at ease"", the ...",pidgin,easy,From scraped articles
AKANCHAN,,"Stingy person.",pidgin,easy,From scraped articles
AKANUCHE,,"Wisdom or discretion.",pidgin,easy,From scraped articles
AKAWO,,"A system of daily savings operated by an individual for small business owners.",pidgin,easy,From scraped articles
AKIMBO,,"posture with legs or arms outward/apart or with hands resting on hips",pidgin,easy,From scraped articles
AKPAMO,,"Fool",pidgin,easy,From scraped articles
AKPRUKA,,"Something Strong or Solid",pidgin,easy,From scraped articles
AKPU,,A cassava meal commonly eaten in Igbo cuisine.,pidgin,easy,From scraped articles
AKWA,,"The Great One",pidgin,easy,From scraped articles
ALANTA,,"a style of dance that involves raising your legs and moving your arms up and down",pidgin,easy,From scraped articles
ALARM,,"hunger",pidgin,easy,From scraped articles
ALAYE,,"lagos way of saying area boy. See area boys",pidgin,easy,From scraped articles
ALERT,,A notification that money entered a bank account.,pidgin,easy,From scraped articles
ALLAWEE,,"A sum granted for any purpose, like a reimbursement.",pidgin,easy,From scraped articles
ALOBAM,,"Another way of saying ""Partner in crime"". used to refer to someone as a very close friend.",pidgin,easy,From scraped articles
AMIBOH,,"A talkative, Gossip or the act of pokenosing into affairs of others.",pidgin,easy,From scraped articles
AMODU,,An effective worker who gets little credit.,pidgin,easy,From scraped articles
ANDYPIPI,,"Nickname for Andrew",pidgin,easy,From scraped articles
ANUMANU,,"Animal",pidgin,easy,From scraped articles
ANUOFIA,,"Wild animal",pidgin,easy,From scraped articles
ANYWER,,"- adverb:In, to, or at an unspecified place.Yu fit siddon foranyweryu like.You can sit anywhere you like.No góanywertill I come back.Do no go anywhere till I come back.",pidgin,easy,From scraped articles
APODA,,"a person who mix paint",pidgin,easy,From scraped articles
APROKO,,A nosy person who pries into others' affairs.,pidgin,easy,From scraped articles
ARANGEE,,"same as word arranged",pidgin,easy,From scraped articles
AREA,,A neighborhood or local area.,pidgin,easy,From scraped articles
ARISTO,,An older wealthy man dating a much younger woman.,pidgin,easy,From scraped articles
ARISTOS,,"sugar daddies or mummies - rich old men and women who date younger people",pidgin,easy,From scraped articles
ARRO,,"stupid person",pidgin,easy,From scraped articles
ARROW,,"a very daft and stupid person",pidgin,easy,From scraped articles
ASALA,,"Walnut (fruit)",pidgin,easy,From scraped articles
ASAP,,"As fast as prosible",pidgin,easy,From scraped articles
ASHOEBI,,"- noun:A traditional fabric worn by family members and well-wishers during special events such as weddings and funerals. It signifies unity and support for the people hosting the event.We go wearas...",pidgin,easy,From scraped articles
ATIKU,,"Atiku is a \'multipurpose\' word which can be used to mean two different but similar things e.g decamp and recamp..........Example When my ex did an Atiku on me, i was devastated until she Atikued ...",pidgin,easy,From scraped articles
AWAYU,,"A condensed version of ""how are you""",pidgin,easy,From scraped articles
AWUUFF,,"Free stuff or highly discounted stuff.",pidgin,easy,From scraped articles
AYAKATA,,"A cry of astonishment. This is usually used when something has gone pear-shaped or haywire",pidgin,easy,From scraped articles
AYAMA,,"1:Filthy!",pidgin,easy,From scraped articles
AZA,,Bank account details.,pidgin,easy,From scraped articles
AZONTO,,"a style of dance",pidgin,easy,From scraped articles
BABALAWO,,"- noun:A traditional priest who practices divination.Di man na strongbabalawofor im village.The man is a strong traditional priest in his village.Dem talk sey dibabalawofit cure any sickness.They s...",pidgin,easy,From scraped articles
BABE,,"1. A term of endearment between women.",pidgin,easy,From scraped articles
BABOON,,"1. derogatory term, foolish person",pidgin,easy,From scraped articles
BACUN,,"A delicious part of pig",pidgin,easy,From scraped articles
BADDO,,A respected person who is very good at what they do.,pidgin,easy,From scraped articles
BADO,,"A bad person, or someone skilled, depending on context.",pidgin,easy,From scraped articles
BADOO,,"Someone who is extremly bad esp. Socially",pidgin,easy,From scraped articles
BADOSKI,,"Same as the word ""Baddo"". Check ""baddo"". Means to be a bad/tough guy",pidgin,easy,From scraped articles
BAFF,,"Bath, The process of cleaning ones self. Could be a shower or bath",pidgin,easy,From scraped articles
BAGGISH,,"rubbish",pidgin,easy,From scraped articles
BAH,,"Money",pidgin,easy,From scraped articles
BANGER,,"Popularly knows as knockouts. They are fire crackers blown up during christmas and new year period.",pidgin,easy,From scraped articles
BANI,,"A young Girl. #street slang for girlfriend#",pidgin,easy,From scraped articles
BANNY,,"A girl. A person's gilfriend.",pidgin,easy,From scraped articles
BANTA,,"Fierce fight between two people or groups.",pidgin,easy,From scraped articles
BANTER,,"Na wen persin dey enter persin unto play play level.",pidgin,easy,From scraped articles
BANZA,,"Curse word used against someone.",pidgin,easy,From scraped articles
BARAJE,,"This can be used to describe something that is spoiled, wrong or bad. [Yoruba Origins]",pidgin,easy,From scraped articles
BARB,,"cutting or shaving ones hair. usually refers specifically to cutting with clippers, as opposed to trimming with scissors.",pidgin,easy,From scraped articles
BARNY,,"a girl",pidgin,easy,From scraped articles
BASH,,"party or to hit something.",pidgin,easy,From scraped articles
BATCHER,,"A wooden plank house.",pidgin,easy,From scraped articles
BEANS,,"An easy task, often in the phrase no be beans.",pidgin,easy,From scraped articles
BEBETO,,"Referring to the famous Brazilian football player José Roberto Gama de Oliveira also known as Bebeto on the pitch. In Nigerian slang it means to pass the soccer ball forward with precision",pidgin,easy,From scraped articles
BECOS,,"- conjunction:Used when stating the reason for something.She dey vexbecosyu no call am since dat time.She is upset because you haven’t called her since that time.I no go office todaybecosdi rain we...",pidgin,easy,From scraped articles
BELLEFUL,,"- adjective:To be full or satisfied, especially after eating.I don chopbelleful. I no fit chop again.I have eaten to my fill. I can’t eat any more.Awa club win di league. I donbelleful!Our club won...",pidgin,easy,From scraped articles
BEREKETE,,"abundant, plentiful, in excess",pidgin,easy,From scraped articles
BERRA,,"an urban way of saying ""better"".",pidgin,easy,From scraped articles
BIKO,,"An igbo word meaning please",pidgin,easy,From scraped articles
BIN,,A Pidgin word indicating a past action.,pidgin,easy,From scraped articles
BIRO,,"From the well known producer of ball point pens; Bic: biro",pidgin,easy,From scraped articles
BISKO,,"Biscuit",pidgin,easy,From scraped articles
BLOODLY,,"Bloodly is a word which means deadly the word is mostly used in fight.",pidgin,easy,From scraped articles
BOB,,"Up en down",pidgin,easy,From scraped articles
BOBOZEE,,"Cassava chips",pidgin,easy,From scraped articles
BOBS,,"An informal way to address a man, like bros.",pidgin,easy,From scraped articles
BOKU,,"plenty, surplus",pidgin,easy,From scraped articles
BOLO,,"1.fool.2 silent person.",pidgin,easy,From scraped articles
BOLOLO,,"Hairless,Bald.",pidgin,easy,From scraped articles
BOMBOY,,"a male child. Also a male adult who behaves like a child or who is not man enough.",pidgin,easy,From scraped articles
BONGO,,Another slang name for Nigeria.,pidgin,easy,From scraped articles
BONZ,,"1.To be fresh, beautiful",pidgin,easy,From scraped articles
BOO,,"Boo means ""to express love for your spouse by taking up marital responsibilities before marriage.""",pidgin,easy,From scraped articles
BOSS,,"Antagonist, The bad guy in a movie",pidgin,easy,From scraped articles
BOSUN,,"an extreme suegbe",pidgin,easy,From scraped articles
BOTTY,,"trendy version of ajebutter. refers to someone who has been over-pampered. someone from a wealthy family.",pidgin,easy,From scraped articles
BRAGA,,Someone who shows off or boasts.,pidgin,easy,From scraped articles
BREKETE,,"When there is an abundance of something.",pidgin,easy,From scraped articles
BRIKITO,,"British or english",pidgin,easy,From scraped articles
BROKOTO,,"1. Cooked cow's foot.",pidgin,easy,From scraped articles
BROKUN,,"1. Broken english, pidgin english",pidgin,easy,From scraped articles
BROS,,"1. Brother",pidgin,easy,From scraped articles
BROSS,,"An informal way to address a man, like brother.",pidgin,easy,From scraped articles
BUGA,,To brag or boast.,pidgin,easy,From scraped articles
BUKA,,A roadside eatery or canteen.,pidgin,easy,From scraped articles
BUSHMO,,"a very local girl",pidgin,easy,From scraped articles
BUSYBODY,,"People who do not mind their business.",pidgin,easy,From scraped articles
CABAN,,"House. A place where one lives.",pidgin,easy,From scraped articles
CAK,,To dress up for an occasion.,pidgin,easy,From scraped articles
CANNUR,,"not be able to exist",pidgin,easy,From scraped articles
CARRY,,"Word used to define how powerful a generator is in terms powering appliances.",pidgin,easy,From scraped articles
CARTON,,"Cardboard box of any form",pidgin,easy,From scraped articles
CASALA,,"1.Trouble.",pidgin,easy,From scraped articles
CASANOVA,,"(1)A womaniser",pidgin,easy,From scraped articles
CASTING,,"1. Insulting someone",pidgin,easy,From scraped articles
CHAF,,"Smoking",pidgin,easy,From scraped articles
CHAI,,"An exclamation of surprise, sadness or frustration.",pidgin,easy,From scraped articles
CHAII,,"An exclamation",pidgin,easy,From scraped articles
CHAIKE,,"- verb:To hit on someone.No shy tochaikeany babe wey yu like.Don’t be shy to hit on any girl you like.Any girl wey hechaikedey always fall for am.Every girl he hits on falls for him.",pidgin,easy,From scraped articles
CHAIRMAN,,"Term used to describe a guy.",pidgin,easy,From scraped articles
CHANDI,,"Another way for saying twenty Naira in Nigeria pidgin.",pidgin,easy,From scraped articles
CHANGE,,A slogan used by the APC during Nigeria's 2015 election.,pidgin,easy,From scraped articles
CHAO,,"verb: to eat,",pidgin,easy,From scraped articles
CHAPPY,,"a beautiful girl",pidgin,easy,From scraped articles
CHAR,,An exclamation when someone says something foolish.,pidgin,easy,From scraped articles
CHARK,,"to drink alcohol, get drunk",pidgin,easy,From scraped articles
CHARLIE,,"Originates from Ghana, it mean Friend.",pidgin,easy,From scraped articles
CHASIS,,"Awesome, very nice",pidgin,easy,From scraped articles
CHEI,,"Wow!",pidgin,easy,From scraped articles
CHEY,,"exclamation or sign of sympathy. Usually for something bad.",pidgin,easy,From scraped articles
CHICE,,"Easy",pidgin,easy,From scraped articles
CHIKA,,"a girl or babe",pidgin,easy,From scraped articles
CHIKALA,,"A girl. see chickito",pidgin,easy,From scraped articles
CHILAX,,"chillin or relaxing somewhere outside ur area or to calm someone\'s anxiety,fear or eagerness.",pidgin,easy,From scraped articles
CHILLAX,,"1.chill out",pidgin,easy,From scraped articles
CHIN,,"to chin (verb)",pidgin,easy,From scraped articles
CHINCO,,"Chinese or a chinese individual",pidgin,easy,From scraped articles
CHINEKE,,"Jesus",pidgin,easy,From scraped articles
CHINGUM,,"chewing gum.",pidgin,easy,From scraped articles
CHINKO,,"This word is used to describe chineese people or people of the asian race",pidgin,easy,From scraped articles
CHIZ,,"A word that represent money",pidgin,easy,From scraped articles
CHOW,,"to eat, feed",pidgin,easy,From scraped articles
CHUKULI,,"TO cheat",pidgin,easy,From scraped articles
CHURCH,,"Any building of worship.",pidgin,easy,From scraped articles
COATIE,,"An officer of the lawyer. Usually refers to a policeman.",pidgin,easy,From scraped articles
COCOYE,,"someone from central or south america; a hispanic or latino person; a chicano or mestizo",pidgin,easy,From scraped articles
CODE,,"To lie (lying)",pidgin,easy,From scraped articles
CODED,,"1.a person who did something which no one around him or her notice.2.silently.3.gently",pidgin,easy,From scraped articles
CODEDLY,,"discretely",pidgin,easy,From scraped articles
COKE,,A cola soft drink.,pidgin,easy,From scraped articles
COLABO,,"act of working jointly",pidgin,easy,From scraped articles
COLLABO,,"Pigin for Collaborate",pidgin,easy,From scraped articles
COLLECT,,"- verb:To get punished or scolded.If yu chuk mouth inside my matter again, yu gocollect.If you interfere in my business again, you will be punished.Oga dey para, so just behave yorself before yucol...",pidgin,easy,From scraped articles
COLOBI,,"See ""Kolobi"".",pidgin,easy,From scraped articles
COMOT,,"to leave a place",pidgin,easy,From scraped articles
CONFAM,,"Means Confirm or a way of showing integrity and assuarance",pidgin,easy,From scraped articles
CONFRA,,"campus fraternity",pidgin,easy,From scraped articles
CONI,,"To dupe, commit fraud or decieve",pidgin,easy,From scraped articles
CONJI,,"Horny.",pidgin,easy,From scraped articles
CONK,,"To hit a persons head with clenched fingers.",pidgin,easy,From scraped articles
CONTROL,,"to speak to someone",pidgin,easy,From scraped articles
COPPER,,"Graduate fresh out of the university and serving in a cooperation temporary.",pidgin,easy,From scraped articles
COUNTA,,"bottle cap",pidgin,easy,From scraped articles
COUPLE,,"to discipline or punish someone to remind them to behave well",pidgin,easy,From scraped articles
COWBELL,,"Refers to the bust of women especially those with large bust",pidgin,easy,From scraped articles
CRAISE,,"Telling someone craise or craize in pidgin is also telling someone that he/she is mad/crazy.",pidgin,easy,From scraped articles
CRAM,,"To memorise or read",pidgin,easy,From scraped articles
CRASE,,"1. mentally unbalanced, 2. acting out of the norm",pidgin,easy,From scraped articles
CRASH,,"to sleep",pidgin,easy,From scraped articles
CRAZ,,"insane or stupid.",pidgin,easy,From scraped articles
CREDIT,,"- noun:A voucher used to top up a prepaid mobile device.Abeg, dash me smallcreditmake I fit call my mama.Please, give me some airtime so I can call my mum.I no getcredit. Na wai I neva call yu sinc...",pidgin,easy,From scraped articles
CRENCH,,"A prison or jail house.",pidgin,easy,From scraped articles
CRUZ,,"Use excessively",pidgin,easy,From scraped articles
CUNNYMAN,,"(Specifically:) A con man.",pidgin,easy,From scraped articles
DAGBARU,,"To scatter somewhere or something",pidgin,easy,From scraped articles
DAGBO,,"Fake. Something that has been forged, falsified or done in an inappropriate way and manners.",pidgin,easy,From scraped articles
DAN,,Than; used to compare amounts or values.,pidgin,easy,From scraped articles
DANGA,,"fight",pidgin,easy,From scraped articles
DELETE,,"to die or get killed",pidgin,easy,From scraped articles
DEMAIN,,"Je viendrai demain pour apporter les meubles",pidgin,easy,From scraped articles
DEMBELE,,"A big fool",pidgin,easy,From scraped articles
DEN,,"- adverb:Refers to a point in time in question, or indicates the next step in a sequence of events.I gó market yesterday,denI gó my friend house.I went to the market yesterday and then I went to my...",pidgin,easy,From scraped articles
DEPE,,"total stupid person",pidgin,easy,From scraped articles
DER,,There; at or in a specified place.,pidgin,easy,From scraped articles
DESE,,These; referring to particular people or things.,pidgin,easy,From scraped articles
DEZGI,,"show off, behaving as if not concerned or interested",pidgin,easy,From scraped articles
DIDIRIN,,"- noun:A dull or dumb person.Yu be realdidirin. Haw yu go forget house key komot?You’re really dull. How could you go out without house key?Oga Presido nadidirin.The president is dumb.",pidgin,easy,From scraped articles
DIE,,"so much, too much",pidgin,easy,From scraped articles
DISARM,,"to steal",pidgin,easy,From scraped articles
DIVE,,"to overreact",pidgin,easy,From scraped articles
DOMMOT,,"house, abode",pidgin,easy,From scraped articles
DOMOT,,One's local area or living quarters.,pidgin,easy,From scraped articles
DORO,,"The correct thing, the truth or the way forward.",pidgin,easy,From scraped articles
DORTI,,"1.to get drunk",pidgin,easy,From scraped articles
DOSE,,Those; referring to a particular group.,pidgin,easy,From scraped articles
DRIVE,,To cause someone to leave; also to steer a vehicle.,pidgin,easy,From scraped articles
DRIVER,,"some who is hired to drive a person/family around, chauffeur",pidgin,easy,From scraped articles
DRUDE,,"Arogant,",pidgin,easy,From scraped articles
DUDUKE,,"The sound of a heart beat",pidgin,easy,From scraped articles
DULLING,,"Your bored or something is boring",pidgin,easy,From scraped articles
DUMADU,,"Local ice cream",pidgin,easy,From scraped articles
DUNDEE,,"- noun:A foolish person.Since I hire disdundee, I neva make profit.Since I hired this fool, I haven’t made a profit.Didundeeno know sey e suppose look before he cross road.The fool doesn’t know tha...",pidgin,easy,From scraped articles
DUST,,"To outpace someone easily, especially in a race.",pidgin,easy,From scraped articles
EFFIZZIE,,"Effizzie simply means style",pidgin,easy,From scraped articles
EFIKO,,"A genius,a Brilliant person,Someone who studies a lot.",pidgin,easy,From scraped articles
EFIZY,,"Showing off, having a lot of style",pidgin,easy,From scraped articles
EFREBO,,"A guy who engages in dangerous play or assignment who is at risk getting wounded",pidgin,easy,From scraped articles
EGBORO,,"Streets or Main town",pidgin,easy,From scraped articles
EGUSI,,"1. Melon seed",pidgin,easy,From scraped articles
EHEH,,"1.is that so / is that it",pidgin,easy,From scraped articles
EHMYCOOL,,"Ehmycool is a talented Afropop singer from Church Bwoiz Nation,",pidgin,easy,From scraped articles
EHN,,"What? sometimes used as an exclamation",pidgin,easy,From scraped articles
EKE,,"Police",pidgin,easy,From scraped articles
EKELEBE,,"The police.  A police man.",pidgin,easy,From scraped articles
EKEY,,"see busybody",pidgin,easy,From scraped articles
EKONOMIK,,"to minimize or to use wisely",pidgin,easy,From scraped articles
EKULEKU,,"Big bossom",pidgin,easy,From scraped articles
ELENIYAN,,"Boss of all Bosses.",pidgin,easy,From scraped articles
ENAMEL,,"a bucket, made from enamels.",pidgin,easy,From scraped articles
ENDS,,"house",pidgin,easy,From scraped articles
ENUGBE,,"Means broken",pidgin,easy,From scraped articles
EPP,,"help",pidgin,easy,From scraped articles
EREMA,,"a very pretty lady.",pidgin,easy,From scraped articles
ERICA,,Slang for mental attraction without physical attraction.,pidgin,easy,From scraped articles
EVERYWER,,"- adverb:In, at or to all places.Dem dey sell dat shirteverywer.They sell that shirt everywhere.Water don fulleverywerbecos of di rain.Everywhere’s flooded because of the rain.",pidgin,easy,From scraped articles
EWEY,,"A exclamation of excitement, especially after doing something well.",pidgin,easy,From scraped articles
EWO,,"- interjection:Used to express a strong emotion, especially surprise.Ewo! Our format don cast.Oh no! Our plan has been exposed.Dis kind thing don happen before o.Ewo!This kind of thing has happened...",pidgin,easy,From scraped articles
EWU,,"Goat",pidgin,easy,From scraped articles
EXCESS,,"enough",pidgin,easy,From scraped articles
EXCESSES,,"stupidity,wrongs",pidgin,easy,From scraped articles
EYAH,,An exclamation of sympathy.,pidgin,easy,From scraped articles
EYAHHH,,"Used as pity, sometimes it's sarcastic sometimes it's not",pidgin,easy,From scraped articles
FAAJI,,"The pleasure felt when having a good time",pidgin,easy,From scraped articles
FABOO,,"Lie",pidgin,easy,From scraped articles
FACE,,"to leave or ignore",pidgin,easy,From scraped articles
FAF,,"To Laze about",pidgin,easy,From scraped articles
FAH,,"- particle:Used for emphasis to express surprise or assertiveness.Wai yu dey shout like datfah?Why are you shouting like that?Yu think sey I be yor matefah?Do you think that I am your mate?",pidgin,easy,From scraped articles
FAIRY,,"refers to a chicken hearted person or someone who behaves like a fool",pidgin,easy,From scraped articles
FAMZ,,"To act as if you  are a friend to someone that doesn\'t know you esp, to a celebrity, for people to think that you are of the same calibre",pidgin,easy,From scraped articles
FAP,,"To steal see: tap",pidgin,easy,From scraped articles
FASHI,,"This means to forget or ignore",pidgin,easy,From scraped articles
FEEM,,"film",pidgin,easy,From scraped articles
FEM,,Be quiet or shut up.,pidgin,easy,From scraped articles
FFF,,"Fine From Far but Far From Fine (Ugly)",pidgin,easy,From scraped articles
FILE,,"To allow someone or something to be.",pidgin,easy,From scraped articles
FIM,,"a movie or film",pidgin,easy,From scraped articles
FIRE,,"A sarcastic way of saying indeed.",pidgin,easy,From scraped articles
FISH,,An animal that lives in water and breathes through gills.,english,easy,From scraped articles
FLASH,,"to call someone on the phone but letting the phone ring for a second before ending the call. so, basically the person you are callin won\'t have time to pick the phone before you cut it. it is also...",pidgin,easy,From scraped articles
FLENDI,,"Someone who is enjoying life or something.",pidgin,easy,From scraped articles
FLENJO,,"Way of life",pidgin,easy,From scraped articles
FLIT,,An insecticide used to kill insects.,pidgin,easy,From scraped articles
FLOG,,To beat with a cane as punishment.,pidgin,easy,From scraped articles
FONERIZE,,"the act of speaking with a foreign accent or do things that is not the nigerian way",pidgin,easy,From scraped articles
FONNE,,"Slang; phonetic, usually of american or british style.",pidgin,easy,From scraped articles
FORMER,,"someone who pretends to be what they are not",pidgin,easy,From scraped articles
FORMING,,"showing off and/or pretending",pidgin,easy,From scraped articles
FORTATE,,"To be scared",pidgin,easy,From scraped articles
FOURLEG,,"A car",pidgin,easy,From scraped articles
FRAKPAS,,"tugging underwear in public; adjusting underwear entangled in between buttocks stylishly (in public)",pidgin,easy,From scraped articles
FROSH,,"a person who is rich and has swag..big swag..",pidgin,easy,From scraped articles
FRUSH,,"a person who has money and style",pidgin,easy,From scraped articles
FUCKONSO,,"1. To disappoint",pidgin,easy,From scraped articles
FUGAZZY,,"Someone or something fake, Imitation of a thing, wanna be, unreal",pidgin,easy,From scraped articles
GAJ,,"Dress up nicely",pidgin,easy,From scraped articles
GALAVANT,,"working around with no cause",pidgin,easy,From scraped articles
GAN,,Very; an intensifier from Yoruba.,pidgin,easy,From scraped articles
GARM,,"Clothes",pidgin,easy,From scraped articles
GARMS,,Clothes; short for garments.,pidgin,easy,From scraped articles
GAT,,Must; have to.,pidgin,easy,From scraped articles
GATS,,"Got to / Have to",pidgin,easy,From scraped articles
GAZZO,,"To eat",pidgin,easy,From scraped articles
GBAB,,"means: do you understand?",pidgin,easy,From scraped articles
GBADUN,,"To really like or enjoy.",pidgin,easy,From scraped articles
GBAGA,,"To escape or run away from something or someone.",pidgin,easy,From scraped articles
GBAGAE,,"refers to fight,crisis frequently used in warri",pidgin,easy,From scraped articles
GBAGAUN,,"To make and error while speaking.",pidgin,easy,From scraped articles
GBAM,,"An exclamation of agreement, finality or completion.",pidgin,easy,From scraped articles
GBASKI,,"Cute, Fine, Well aranged",pidgin,easy,From scraped articles
GBEGE,,Trouble or a difficult situation.,pidgin,easy,From scraped articles
GBESE,,"to put another person in trouble",pidgin,easy,From scraped articles
GBOLALAA,,"A deafening slap",pidgin,easy,From scraped articles
GEEZM,,"1. GSM, cellphone",pidgin,easy,From scraped articles
GEH,,"""Geh"" means a young female human being. Or generally, a female person.",pidgin,easy,From scraped articles
GEJ,,Initials of Goodluck Ebele Jonathan.,pidgin,easy,From scraped articles
GELE,,A woman's decorative cloth headwrap.,pidgin,easy,From scraped articles
GEN,,"Shortened version of the word *Generator*",pidgin,easy,From scraped articles
GERRIUM,,"Gerrium or G-sulphate popularly known as garry is a popular staple in Nigeria.",pidgin,easy,From scraped articles
GETTAWAY,,"Get out.",pidgin,easy,From scraped articles
GIDIBA,,"A show of strength and valor",pidgin,easy,From scraped articles
GIDIGBA,,"- adverb:In a firm or strong way.Even if rain fall, di roof go standgidigba.The roof will stay strong, even if it rains.Di CEO want fire me but my manager stand for my backgidigba.The CEO wanted to...",pidgin,easy,From scraped articles
GIDIGBO,,"- noun:Fighting, or the chaos that results from it.Small argument about football turn to seriousgidigbofor viewing center.A small argument about football turned into a serious fight at the viewing ...",pidgin,easy,From scraped articles
GINGER,,"To be pumped, psyched, motivated or excited",pidgin,easy,From scraped articles
GLOBE,,"bulb",pidgin,easy,From scraped articles
GNASH,,"To grind the teeth together, especially in anger.",english,easy,From scraped articles
GOBE,,"Trouble",pidgin,easy,From scraped articles
GOMENT,,"government",pidgin,easy,From scraped articles
GON,,"it means",pidgin,easy,From scraped articles
GORIMAPA,,"completely shaved head.",pidgin,easy,From scraped articles
GRAGRA,,"pretence of bravery; bravado",pidgin,easy,From scraped articles
GRAMMAR,,"something that is confusing in general. Usually means the person doesn\'t even want to hear any more of it",pidgin,easy,From scraped articles
GREDGE,,"To eat greedily, leaving little for others.",pidgin,easy,From scraped articles
GRIDDAI,,"When one decides to do something which he'd rather not do.",pidgin,easy,From scraped articles
GROOVE,,"Referred to as party, enjoyment",pidgin,easy,From scraped articles
GRUB,,"1) Eat",pidgin,easy,From scraped articles
GUCK,,"believe a lie",pidgin,easy,From scraped articles
GUDUMA,,"Hammer",pidgin,easy,From scraped articles
GUMBODI,,"to be overly attached to somebody (and always needing the physical presence of that person).",pidgin,easy,From scraped articles
GURU,,"genius",pidgin,easy,From scraped articles
GWANJ,,"- noun:Food or a meal i.e. what we eat to stay alive.See bettergwanj!This is a nice meal!I dey findgwanj.I want some food.",pidgin,easy,From scraped articles
HABA,,"A way of saying please abeg",pidgin,easy,From scraped articles
HABBA,,"see ABEG. 1. relax for a moment, please, consider me 2. can be used to make someone consider of the seriousness or craziness of what he is about to do",pidgin,easy,From scraped articles
HAMMER,,"to make a lot of money; become rich quite suddenly.",pidgin,easy,From scraped articles
HASELF,,"- reflexive pronoun:Used as the object of a verb to refer to a female person or animal that is also the subject.Na she cook di foodhaself.She cooked the food herself.Di supervisor blamehaselffor we...",pidgin,easy,From scraped articles
HAW,,"- adverb:Used to ask about the way in which something done or happens.Hawyu reach here now-now?How did you get here so quickly?Hawyu take know di answer?How do you know the answer?",pidgin,easy,From scraped articles
HEAVY,,"very, very much, serious, a lot of,",pidgin,easy,From scraped articles
HELLO,,A greeting used when meeting someone.,english,easy,Corrected English meaning
HIA,,"Here",pidgin,easy,From scraped articles
HIGH,,"To drink or smoke any stuff that intoxicates.",pidgin,easy,From scraped articles
HIN,,"Another way of saying ""him""",pidgin,easy,From scraped articles
HIPHOP,,"A usually percieved posher way of living.",pidgin,easy,From scraped articles
HOL,,"1. To hold something or somebody",pidgin,easy,From scraped articles
HOLD,,"see Couple",pidgin,easy,From scraped articles
HOWFA,,"An informal greeting that loosely translates to \""how are you?\"". May be applied more generally to inquire about an individuals circumstances or more appropriately a status update.",pidgin,easy,From scraped articles
IAPORT,,"Airport",pidgin,easy,From scraped articles
IBILE,,A local person proud of their roots.,pidgin,easy,From scraped articles
IDOMA,,"A language spoken in southern Benue State, Nigeria.",pidgin,easy,From scraped articles
IDOMIE,,"Instant Noodle",pidgin,easy,From scraped articles
IGBOO,,"Nigerian weed",pidgin,easy,From scraped articles
IJEBU,,"A tribe in Yoruba land and it can also mean someone that is stingy",pidgin,easy,From scraped articles
IKEBAY,,"Buttocks",pidgin,easy,From scraped articles
IKORRO,,"A short cut.",pidgin,easy,From scraped articles
IMSELF,,"- reflexive pronoun:Used as the object of a verb to refer to a person or object that is also the subject.Kola woundimselfas he dey play ball.Kola injured himself while playing ball.Di presidentimse...",pidgin,easy,From scraped articles
INDOMIE,,"A brand of instant noodles, also used for noodles generally.",pidgin,easy,From scraped articles
INKEBE,,"Buttocks",pidgin,easy,From scraped articles
INNOCENT,,"Innocent was the name of the main character in the scary television series 'Wily wily', when he was in human form 2. Innocent is also a common name in Nigerian movies for houseboys.",pidgin,easy,From scraped articles
ITALO,,"Italo simply means italy",pidgin,easy,From scraped articles
ITIDERE,,"Like making a shout out to your friends/fans. Mostly used by Naija Musicians.",pidgin,easy,From scraped articles
ITK,,"An abbreviation for I Too Know, which is somone who believes he/she has the answers to everything and imposes his/her opinion on everyone around them",pidgin,easy,From scraped articles
IWERE,,"used as an insult to call someone mental",pidgin,easy,From scraped articles
IYAMA,,"Mud, something digusting",pidgin,easy,From scraped articles
IYAWO,,"A word from yoruba language which means wife.",pidgin,easy,From scraped articles
JAA,,To leave quickly.,pidgin,easy,From scraped articles
JABRATA,,"Availability. To be available.",pidgin,easy,From scraped articles
JAGABAN,,"- noun:A powerful and influential person.Di man najagabanfor awa area. Na everybody dey fear am.The man is a jagaban in our neighborhood. Everyone is afraid of him.Dem dey call amjagabanbecos he sa...",pidgin,easy,From scraped articles
JAGAJAGA,,"jagajaga mean say the tings no balance, e mean say tings scatter.",pidgin,easy,From scraped articles
JAGWA,,"Jagwa is a place in market where there is phone mechanic and second hand phone are sold which are mostly stolen phone. Jagwa contain mostly with (area boys, agbero).",pidgin,easy,From scraped articles
JAKPA,,"Invaders i.e people who encroach on the land of others.",pidgin,easy,From scraped articles
JAMBITES,,"Freshmen in varsity",pidgin,easy,From scraped articles
JAN,,"Overseas,abroad",pidgin,easy,From scraped articles
JAND,,"The united kingdom",pidgin,easy,From scraped articles
JELORSI,,"jealousy",pidgin,easy,From scraped articles
JERI,,"Fool",pidgin,easy,From scraped articles
JESUS,,"He\'s the son of God",pidgin,easy,From scraped articles
JETTE,,"A prison yard",pidgin,easy,From scraped articles
JIP,,"also jeep, or jiip. Any type of Sport Utility Vehicle. (regardless of make or model)",pidgin,easy,From scraped articles
JIVE,,"Car",pidgin,easy,From scraped articles
JJD,,"New comer, Novice",pidgin,easy,From scraped articles
JOBB,,"To dupe, trick",pidgin,easy,From scraped articles
JOGO,,"To get Drunk, intoxicated",pidgin,easy,From scraped articles
JOGODO,,"the act of smoking ganja or Indian Hemp",pidgin,easy,From scraped articles
JONESING,,"To act stupidly or under the influence of alcohol or drugs.",pidgin,easy,From scraped articles
JONZ,,"It refers to been broke",pidgin,easy,From scraped articles
JONZE,,"To be confused to be unserious",pidgin,easy,From scraped articles
JOOR,,A sentence-ending Pidgin word for emphasis or a polite plea.,pidgin,easy,From scraped articles
JOR,,A Pidgin ending used for emphasis or a plea.,pidgin,easy,From scraped articles
JORR,,"Please, said in a  way that is meant to offend someone. Most people say it when someone diss another person. It also refers to the impossible as in the popular song by jahbless jor oh",pidgin,easy,From scraped articles
JUBBO,,"Short for Junior",pidgin,easy,From scraped articles
KABASH,,"The act of praying",pidgin,easy,From scraped articles
KAI,,"Exclamation see: chey",pidgin,easy,From scraped articles
KAITA,,"KAITA(Noun/Verb): A man",pidgin,easy,From scraped articles
KAK,,"- verb:To be dressed well.Dis one wey yukaklike dis, wer yu dey go?With the way you’re all dressed up, where are you going?See as yukaktoday. Yu resemble big man pikin.Look at how you dressed today...",pidgin,easy,From scraped articles
KAKU,,"Talkativeness",pidgin,easy,From scraped articles
KALA,,"it means gun",pidgin,easy,From scraped articles
KALAKU,,"Indian hemp wrapped in paper instead of a rizler.",pidgin,easy,From scraped articles
KALBAN,,"house",pidgin,easy,From scraped articles
KALUBA,,"A word for money",pidgin,easy,From scraped articles
KAMPE,,"Something that is strong, hard and durable.",pidgin,easy,From scraped articles
KANKPE,,"Strong, solid or in good condition.",pidgin,easy,From scraped articles
KANTA,,A bottle cap.,pidgin,easy,From scraped articles
KAONE,,"a person who acts very local",pidgin,easy,From scraped articles
KAPUT,,"die or decease",pidgin,easy,From scraped articles
KASALA,,"Big trouble",pidgin,easy,From scraped articles
KATA,,Mucus from the nose.,pidgin,easy,From scraped articles
KATAKATA,,"problem or trouble",pidgin,easy,From scraped articles
KAWA,,"runaway, leave quickly, hastily",pidgin,easy,From scraped articles
KAWASAKI,,"to leave a place quickly",pidgin,easy,From scraped articles
KAYA,,Personal belongings.,pidgin,easy,From scraped articles
KELE,,"Girlfriend",pidgin,easy,From scraped articles
KELI,,"abuse",pidgin,easy,From scraped articles
KEP,,"Girl",pidgin,easy,From scraped articles
KEZAYA,,"Ashawo way dey share body anyhow",pidgin,easy,From scraped articles
KGB,,"Kwanan gida bag, bags that ladies of the night carry.",pidgin,easy,From scraped articles
KIANS,,"School",pidgin,easy,From scraped articles
KINI,,"Yoruba word for 'what?' OR 'what is?'",pidgin,easy,From scraped articles
KIOSK,,"This is a small shed made of wood where some groceries and condiments are sold",pidgin,easy,From scraped articles
KIPOLU,,"A small wire fence usually placed to hold cattle",pidgin,easy,From scraped articles
KISHI,,"Money",pidgin,easy,From scraped articles
KNICKER,,"knee-length (or shorter) trousers.",pidgin,easy,From scraped articles
KNOCKOUT,,"Popular fireworks",pidgin,easy,From scraped articles
KOBOKO,,"1. Cane",pidgin,easy,From scraped articles
KOGNOMI,,"word used to describe love potion usually ingested as solid or liquid food",pidgin,easy,From scraped articles
KOKORO,,"This refers to insect.",pidgin,easy,From scraped articles
KOLOBI,,"Also see ""Colobi"".",pidgin,easy,From scraped articles
KOLOKOLO,,"glutton",pidgin,easy,From scraped articles
KOLOMBI,,"To woe a kill",pidgin,easy,From scraped articles
KOMOT,,"To leave, go out or come out.",pidgin,easy,From scraped articles
KON,,A Pidgin word placed before a verb for what happens next.,pidgin,easy,From scraped articles
KONK,,"using the knuckles to hit someone on the head.",pidgin,easy,From scraped articles
KONTRI,,"It mean country in english. It also called kon3",pidgin,easy,From scraped articles
KOROKORO,,"This means face to face or eyes contact.",pidgin,easy,From scraped articles
KOROR,,"Corner or tight position. Not a pleasant one",pidgin,easy,From scraped articles
KOTI,,"A Police or uniformed officer",pidgin,easy,From scraped articles
KPAFUKA,,"1. Give up the ghost 2. To die",pidgin,easy,From scraped articles
KPAI,,"1. to die",pidgin,easy,From scraped articles
KPAKAM,,"A slang used to lay emphasis.",pidgin,easy,From scraped articles
KPAKAY,,"1. To steal; To get hold of something usually with violence.",pidgin,easy,From scraped articles
KPAKO,,"from hausa meaning \""wood\"".",pidgin,easy,From scraped articles
KPALABA,,"Trouble or problem",pidgin,easy,From scraped articles
KPALAS,,"see Banny",pidgin,easy,From scraped articles
KPALI,,"Passport or certificates of some sort. also pali",pidgin,easy,From scraped articles
KPANDA,,"Spoilt, inferior",pidgin,easy,From scraped articles
KPANGOLO,,"(also know as pangolo)",pidgin,easy,From scraped articles
KPAS,,"An idiot, a fool or stupid person.",pidgin,easy,From scraped articles
KPASH,,Nonsense; something that makes no sense.,pidgin,easy,From scraped articles
KPATA,,Underwear.,pidgin,easy,From scraped articles
KPEKERE,,"yoruba name for fried unripe plantain. this is a snack. in lagos it is sold mostly by roadside vendors.",pidgin,easy,From scraped articles
KPELE,,"- interjection:Used to say sorry or take heart.I hear sey yu sick.Kpele!I heard you’re sick. Sorry!Yu don tire?Kpele.Are you tired? Sorry.",pidgin,easy,From scraped articles
KPEME,,"It means to die",pidgin,easy,From scraped articles
KPERE,,Only; emphasizes a very small amount.,pidgin,easy,From scraped articles
KPIANS,,"Used to refer to witches",pidgin,easy,From scraped articles
KPOMO,,"Kpomo means 'cow skin'",pidgin,easy,From scraped articles
KPOOF,,"Die.",pidgin,easy,From scraped articles
KPOR,,"Word for anything that is fabulous or good .",pidgin,easy,From scraped articles
KPRO,,"To take it easy, mellow or agree.",pidgin,easy,From scraped articles
KPUF,,"Shoot",pidgin,easy,From scraped articles
KRI,,"Crazy",pidgin,easy,From scraped articles
KROKRO,,"Skin infection",pidgin,easy,From scraped articles
KUJA,,"To be startled or frightened",pidgin,easy,From scraped articles
KUKERE,,"A calabar dance by iyanya",pidgin,easy,From scraped articles
KUKUMA,,"as well, at once, already",pidgin,easy,From scraped articles
KURUKERE,,"to act shady, to walk in a seductive manner",pidgin,easy,From scraped articles
KURULEY,,"Sleep",pidgin,easy,From scraped articles
KUTURU,,"Leprosy",pidgin,easy,From scraped articles
KUZA,,"money or legal tender",pidgin,easy,From scraped articles
KWANTA,,"Problem, get into trouble",pidgin,easy,From scraped articles
KWAPSI,,"to mess up or do something wrong",pidgin,easy,From scraped articles
KWAV,,"to whine; grind",pidgin,easy,From scraped articles
KWAY,,"A form of greeting meaning "" how are things"".",pidgin,easy,From scraped articles
LAFF,,"means Laugh",pidgin,easy,From scraped articles
LAILAI,,"Yoruba word for NEVER!",pidgin,easy,From scraped articles
LAKPA,,"Deny, refuse",pidgin,easy,From scraped articles
LAMBA,,A lie or exaggerated story.,pidgin,easy,From scraped articles
LASGIDI,,"Lasgidi or gidi means lagos, the former captal of Nigeria.",pidgin,easy,From scraped articles
LEARNER,,"someone that is inexperienced or clueless",pidgin,easy,From scraped articles
LEBE,,"It means having a big mouth or big lips",pidgin,easy,From scraped articles
LEGBERE,,"a novice",pidgin,easy,From scraped articles
LEGGO,,Let's go or let's begin.,pidgin,easy,From scraped articles
LEGO,,"Means To leave or to allow",pidgin,easy,From scraped articles
LEGXUS,,"Someone who walks everywhere because they don't own a car",pidgin,easy,From scraped articles
LEGZ,,"Shoe.",pidgin,easy,From scraped articles
LEKPA,,"A thin/slider person",pidgin,easy,From scraped articles
LEM,,"To eat.",pidgin,easy,From scraped articles
LEMB,,"To eat.",pidgin,easy,From scraped articles
LEPA,,"Skinny bony person",pidgin,easy,From scraped articles
LETTE,,"noun; food, verb; to eat food",pidgin,easy,From scraped articles
LEVELS,,"Status in society or within a group of friends.",pidgin,easy,From scraped articles
LIFE,,"1. At all, not a chance, impossible",pidgin,easy,From scraped articles
LIFT,,"Elevator or Escalator",pidgin,easy,From scraped articles
LIVA,,"confidence ; that i don't care attitude! area boys swag",pidgin,easy,From scraped articles
LIVER,,Courage or boldness.,pidgin,easy,From scraped articles
LOCAL,,"Fraud that originates and terminates in Nigeria",pidgin,easy,From scraped articles
LOCKER,,"school desk with shelves, usually with an opening to keep books in.",pidgin,easy,From scraped articles
LOCKITO,,"Uninformed, not well traveled",pidgin,easy,From scraped articles
LOKI,,Someone seen as unsophisticated or out of touch.,pidgin,easy,From scraped articles
LOL,,"pity",pidgin,easy,From scraped articles
LOLZ,,"Funny",pidgin,easy,From scraped articles
LOVE,,Strong affection for a person or thing.,pidgin,easy,From scraped articles
LUBA,,"Money",pidgin,easy,From scraped articles
LWKMD,,"a facebook abbreviation for \""laugh wan kill me die\""..used when something is very funny and you can barely stop laughing",pidgin,easy,From scraped articles
MAALE,,"- noun:A mother.Mymaaleno déy house.My mother is not at home.Since my papa kpai, na mymaaledey take care of us.Since my father died, its my mother who’s been taking care of us.",pidgin,easy,From scraped articles
MAARA,,Someone who cannot endure teasing or pressure.,pidgin,easy,From scraped articles
MAARI,,"to slap someone",pidgin,easy,From scraped articles
MACHAM,,"to step on something or someone. satan don fall for gutter ohh macham macham",pidgin,easy,From scraped articles
MACHIN,,"Something expensive or impressive",pidgin,easy,From scraped articles
MACLEAN,,"literally a brand name for a particular toothpaste but used 2 describe all kinds of toothpastes",pidgin,easy,From scraped articles
MAGA,,"really messed up",pidgin,easy,From scraped articles
MAINTAIN,,"To stay calm",pidgin,easy,From scraped articles
MAJA,,"To harass, intimidate, cow someone down or put fear in some one",pidgin,easy,From scraped articles
MAKOSSA,,"Do not bring your problems over to my area and spoil my joy--sort of",pidgin,easy,From scraped articles
MAL,,"It means abnormal",pidgin,easy,From scraped articles
MALAN,,"it means teacher",pidgin,easy,From scraped articles
MALLAM,,"someetimes means an hausa person or a muslim",pidgin,easy,From scraped articles
MALLE,,"mummy",pidgin,easy,From scraped articles
MALO,,"a derogatory term sometimes used to refer to a Hausa man.",pidgin,easy,From scraped articles
MAMA,,"Mama na another name for mothers",pidgin,easy,From scraped articles
MAMAPUT,,"1. roadside restaurant",pidgin,easy,From scraped articles
MAMMAR,,"to hit or beat something or someone",pidgin,easy,From scraped articles
MANCHI,,"A guy",pidgin,easy,From scraped articles
MANYA,,"to get drunk/intoxicated on drugs or alchohol",pidgin,easy,From scraped articles
MARA,,"Mara can be used to depict madness.",pidgin,easy,From scraped articles
MARKET,,Goods offered for sale.,pidgin,easy,From scraped articles
MARLE,,"Used to refer to a mother",pidgin,easy,From scraped articles
MATA,,"matter",pidgin,easy,From scraped articles
MATRIX,,"In a state of Drunkenness",pidgin,easy,From scraped articles
MAYE,,"Originally a spanish word. But means the victim of a fraud.",pidgin,easy,From scraped articles
MEDI,,"An abbreviation for medicine, which could also mean charm.",pidgin,easy,From scraped articles
MEGAURD,,"Security officer. usually a watches and opens the gate of a house",pidgin,easy,From scraped articles
MELLOW,,"to calm down, or take it easy",pidgin,easy,From scraped articles
MEMMETH,,"a coded word used instead of mentioning a place,person's name or thing",pidgin,easy,From scraped articles
MENT,,To act crazy.,pidgin,easy,From scraped articles
MENTAL,,"The person is crazy, The word comes from someone is mentally unstable.",pidgin,easy,From scraped articles
MEOW,,"To escape, disappear, to leave in a haste",pidgin,easy,From scraped articles
MERUWA,,"mallams (hausa/northern men) who sell water in jerrycans. they are a common sight in lagos, particularly in places that lack proper water supply. they arrange about 10 jerrycans of water in a wheel...",pidgin,easy,From scraped articles
MGBEKE,,"an unrefined girl especially from the eastern part of Nigeria",pidgin,easy,From scraped articles
MIA,,"To flee; to hurry away",pidgin,easy,From scraped articles
MIMI,,"King part",pidgin,easy,From scraped articles
MINERAL,,"1. Soft drinks",pidgin,easy,From scraped articles
MISYARN,,"to talk rubbish, trash or wrong thing",pidgin,easy,From scraped articles
MOFTY,,"Casual wear. Usually used when students in uniform are allowed to wear clothes of their choice. The clothes are referred to as mofty",pidgin,easy,From scraped articles
MOI,,"Translate to as ""my""",pidgin,easy,From scraped articles
MOMSI,,"mother",pidgin,easy,From scraped articles
MOOTO,,"refers to a car",pidgin,easy,From scraped articles
MOPO,,"mobile police",pidgin,easy,From scraped articles
MOTOR,,A car or other vehicle.,pidgin,easy,From scraped articles
MOVEMENT,,"Lets go",pidgin,easy,From scraped articles
MOZE,,"A girl",pidgin,easy,From scraped articles
MOZZ,,"It is used to tell someone to get out of one\'s sight...",pidgin,easy,From scraped articles
MTCHEEW,,"a popular sigh of disapproval in Nigeria, (maybe West Africa). The sound can be heard when one sticks his tongue to the roof of the mouth and ties to suck in air. Just like germans use 'Scheiss'",pidgin,easy,From scraped articles
MTCHEW,,"Used to show lack of concern, respect, and also to show anger, hatred, and jealousy. It is often stressed for more impact to provoke the listener.",pidgin,easy,From scraped articles
MUGU,,"A fool",pidgin,easy,From scraped articles
MUMSI,,"mumsi",pidgin,easy,From scraped articles
MUMSY,,"Used mostly to refer to one's own mother",pidgin,easy,From scraped articles
MUMUNI,,"A very stupid person",pidgin,easy,From scraped articles
MUNGU,,"fool",pidgin,easy,From scraped articles
MUSU,,"Foolish person. Or a victim of scammer.",pidgin,easy,From scraped articles
MUTALLAB,,"a rich kid who attempts to throw his life away for silly (extreme) reasons...can be used as an adjective or verb.",pidgin,easy,From scraped articles
NAIRA,,The unit of money used in Nigeria.,pidgin,easy,From scraped articles
NASO,,That's right; that's how it is.,pidgin,easy,From scraped articles
NAU,,"- sentence-final particle:Used for emphasis to convey a tone of annoyance, frustration or playfulness.No dey shoutnau.Stop shouting.Wetin yu want mek I donau?What do you want me to do?",pidgin,easy,From scraped articles
NAW,,"adding emphasis to a statement",pidgin,easy,From scraped articles
NEPOTIZM,,"Corruption",pidgin,easy,From scraped articles
NEVA,,Not yet; has not happened.,pidgin,easy,From scraped articles
NGBEKE,,"Local girl or village girl (igbo origin)",pidgin,easy,From scraped articles
NKO,,What about? or how about?,pidgin,easy,From scraped articles
NNA,,"An Igbo originated word meaning Man.",pidgin,easy,From scraped articles
NONI,,"On point!",pidgin,easy,From scraped articles
NOR,,An informal spelling of no.,pidgin,easy,From scraped articles
NOSH,,"Smoking Indian Hemp",pidgin,easy,From scraped articles
NOWER,,Nowhere; in no place.,pidgin,easy,From scraped articles
NSK,,"Short form of Nsuka a place in Enugu state Nigeria.",pidgin,easy,From scraped articles
NYLON,,"plastic bag. The kind usually given customers in super markets after good have been bought",pidgin,easy,From scraped articles
OBAGO,,"Something has happened, a bank alert has come through",pidgin,easy,From scraped articles
OBJ,,Initials of Olusegun Obasanjo.,pidgin,easy,From scraped articles
OBOY,,"- noun:A name used to address a boy or man.Oboy, haw far?Hey, what’s up?Oboy, yu don chop today?Bro, have you eaten today?",pidgin,easy,From scraped articles
OBSTACLE,,"meat in food",pidgin,easy,From scraped articles
ODE,,"fool",pidgin,easy,From scraped articles
ODESHI,,"- noun:Supernatural powers believed to protect one from physical harm.Di guy waká enter bush with boldness, like sey naodeshidey cover am.The guy walked into the woods boldly, as if he had odeshi p...",pidgin,easy,From scraped articles
ODOYO,,"A very stupid person, an imbecile",pidgin,easy,From scraped articles
OFF,,To switch off or remove.,pidgin,easy,From scraped articles
OFFICER,,"Policeman or member of some law enforcement body",pidgin,easy,From scraped articles
OFOR,,"Ofor is the south street slang for phones.",pidgin,easy,From scraped articles
OGBANJE,,"Word for witch or evil spirit.",pidgin,easy,From scraped articles
OGBENE,,A cloth pouch worn at the waist to keep sales money.,pidgin,easy,From scraped articles
OGBENI,,"this is a yoruba word for ""MR.""",pidgin,easy,From scraped articles
OGBONGE,,"- adjective: Used to describe something or someone original, top-notch, or impressive.Dis naogbongecar. E no go disappoint yu.This is a high-quality car. It won’t disappoint you.My papa naogbongeme...",pidgin,easy,From scraped articles
OGBONGEH,,"something amazing",pidgin,easy,From scraped articles
OIBO,,"White person (man/woman)",pidgin,easy,From scraped articles
OJONGO,,"Big mug used in drinking beer or tombo(palm wine)",pidgin,easy,From scraped articles
OJUGO,,"Someone that uses glasses",pidgin,easy,From scraped articles
OKOMAN,,"father",pidgin,easy,From scraped articles
OKORO,,"also okoroman. An Igbo person.",pidgin,easy,From scraped articles
OKPA,,A steamed dish made from Bambara nut flour.,pidgin,easy,From scraped articles
OKPE,,"Fool",pidgin,easy,From scraped articles
OKPEKE,,"Name for a lustful, flirty girl. A pert girl. A wanton girl",pidgin,easy,From scraped articles
OKPO,,A woman who exchanges sex for money.,pidgin,easy,From scraped articles
OKRIKA,,Second-hand clothing.,pidgin,easy,From scraped articles
OLAITAN,,"see olairewaju",pidgin,easy,From scraped articles
OLINGO,,"Extreme enjoyment.  Partying.  Having a good time.",pidgin,easy,From scraped articles
OLOFOFO,,"- noun:A gossip.I no fit tell dat babe my secret. She beolofofo.I can’t tell that girl my secret. She’s a gossip.Dat guy naolofofo. He sabi everybody gist for awa street.That guy is a gossip. He kn...",pidgin,easy,From scraped articles
OLOKPA,,"police officer",pidgin,easy,From scraped articles
OLOOMI,,"my wife or my sweetheart",pidgin,easy,From scraped articles
OLOSHI,,"criminal",pidgin,easy,From scraped articles
OLUWOLE,,"Fake items especially documents",pidgin,easy,From scraped articles
OMILA,,"Armed robber.",pidgin,easy,From scraped articles
OMOH,,"This or that, referring to someone or something.",pidgin,easy,From scraped articles
OMOMO,,"This is another name for baby.",pidgin,easy,From scraped articles
OMOR,,An exclamation of surprise or shock.,pidgin,easy,From scraped articles
OMUGWO,,"- noun:A traditional postnatal care practice where a new mother’s mother or mother-in-law comes to stay with her after childbirth to help care for her and her newborn.My mama come UK foromugwo.My m...",pidgin,easy,From scraped articles
OPATA,,"Nonsense",pidgin,easy,From scraped articles
OPIA,,"black magic, witch craft",pidgin,easy,From scraped articles
ORIGO,,"also spelled ORIJO. Compare to PIRE. An original CD, usually an audio CD. This one has a complete booklet, and does not have any random writings on it. Usually more expensive than PIRE cds.",pidgin,easy,From scraped articles
ORIJO,,"Original, Authenthic, Genuine, Non-fake",pidgin,easy,From scraped articles
ORKRIKA,,"Fairly used clothes or second handed clothes",pidgin,easy,From scraped articles
OROBO,,"a big/fat person",pidgin,easy,From scraped articles
OROSBY,,"orobo, fat person",pidgin,easy,From scraped articles
OSARO,,An Eleme male given name meaning first-born son.,ng_en,easy,Oliver Bond Eleme study 2006
OSHERE,,"Means Girl",pidgin,easy,From scraped articles
OSHEY,,An exclamation of excitement or praise.,pidgin,easy,From scraped articles
OTA,,"An enemy/ hater. Of yoruba origin",pidgin,easy,From scraped articles
OTEPU,,"Girl",pidgin,easy,From scraped articles
OTONDO,,"Usually used to refer to youth corpers especially the fresh ones still in camp.",pidgin,easy,From scraped articles
OTUMOKPO,,"Fetish (see juju)",pidgin,easy,From scraped articles
OVASABI,,"to boast or act with excess know-how or skill; Knowing too much",pidgin,easy,From scraped articles
OVERSABI,,"Used to describe a know-it-all or his behaviour",pidgin,easy,From scraped articles
OVERZEE,,"over ambitious",pidgin,easy,From scraped articles
OWANBE,,"- noun:A big, lively party or celebration characterized by music, dancing, colorful outfits, and plenty of food and drinks.Dis weekend, I dey go oneowanbefor my cousin village.This weekend, I’m goi...",pidgin,easy,From scraped articles
OWU,,"A state in which you are Flat broke",pidgin,easy,From scraped articles
OXLADE,,"This is a type of knacking, that involves a man to position like Spiderman to knack energetic and using his Silva as grease",pidgin,easy,From scraped articles
OYA,,Come on; let's get going.,pidgin,easy,From scraped articles
OYAH,,Come on; a prompt for someone to act.,pidgin,easy,From scraped articles
OYE,,"aircondition or cool environment/air",pidgin,easy,From scraped articles
OYIBO,,A white person or someone with light skin.,pidgin,easy,From scraped articles
OYO,,"On Your Own",pidgin,easy,From scraped articles
PACKER,,"A dust pan, shovel like utensil where dust is swept into for removal",pidgin,easy,From scraped articles
PACO,,"Broken biscuit mixed with milk and sugar into a paste. Popularized by Adesoye Colege Students.",pidgin,easy,From scraped articles
PADI,,"Good Friend! ;Homeboy, Homegirl; Bestfriend etc",pidgin,easy,From scraped articles
PADIWISE,,"Friend of the wise used for a vtu platform, which can be found in nigeria",pidgin,easy,From scraped articles
PALAVER,,"Serious form of problem or trouble that one may find difficult to be free.",pidgin,easy,From scraped articles
PALE,,"The male parent that gave birth to you.",pidgin,easy,From scraped articles
PALLE,,"daddy",pidgin,easy,From scraped articles
PAMI,,Palm wine made from fermented palm sap.,pidgin,easy,From scraped articles
PANADOL,,"a popular pain reliever, which is a white tablet. there is also panadol extra, which is stronger.",pidgin,easy,From scraped articles
PANCAKE,,"Makeup",pidgin,easy,From scraped articles
PANKU,,"Mkpamkpankụ the masquerader/maradaurer of slaves",pidgin,easy,From scraped articles
PARADE,,"Referred to as cult group; especially in Benin City.",pidgin,easy,From scraped articles
PARAGA,,"alcohol",pidgin,easy,From scraped articles
PARLE,,"Name for father",pidgin,easy,From scraped articles
PAROL,,"activity",pidgin,easy,From scraped articles
PAROLES,,"1. Movement",pidgin,easy,From scraped articles
PARROT,,"A talkative",pidgin,easy,From scraped articles
PARTI,,"Party",pidgin,easy,From scraped articles
PASSENJA,,"the way passenger is pronounced.",pidgin,easy,From scraped articles
PATAPATA,,"1. to a complete degree or to the full or entire extent",pidgin,easy,From scraped articles
PDP,,To keep part of money entrusted to you for someone else.,pidgin,easy,From scraped articles
PECHE,,"1.chill out",pidgin,easy,From scraped articles
PEMEE,,"to die.",pidgin,easy,From scraped articles
PERSON,,An unspecified individual; someone.,pidgin,easy,From scraped articles
PESIN,,"person",pidgin,easy,From scraped articles
PHARISEE,,"someone who\'s acting like a fool or someone who doesn\'t belong to the inner circle",pidgin,easy,From scraped articles
PHEM,,"To ask someone to be quiet, keep still or  keep calm.",pidgin,easy,From scraped articles
PHONE,,"1. To speak in a tone that is observes all of the phonics rules.",pidgin,easy,From scraped articles
PIANTE,,"Means go away",pidgin,easy,From scraped articles
PICKIN,,"An infant or a little baby.",pidgin,easy,From scraped articles
PIDGIN,,"Pidgin english is are words at are opposite to english language.",pidgin,easy,From scraped articles
PIKIN,,"This word means child",pidgin,easy,From scraped articles
PIRE,,A pirated music CD.,pidgin,easy,From scraped articles
PIRORO,,"Nick name for peter",pidgin,easy,From scraped articles
PKOTI,,"Worthless, bumlike character",pidgin,easy,From scraped articles
PLANT,,"a large generator, which usually supplies electricity to a big building.",pidgin,easy,From scraped articles
PLASTER,,"In Warri slang, to keep quiet.",pidgin,easy,From scraped articles
POMO,,Cowhide eaten as meat.,pidgin,easy,From scraped articles
POMP,,"Running tap / Faucet",pidgin,easy,From scraped articles
POMSHELE,,"means fine girl or chick",pidgin,easy,From scraped articles
POPORI,,"when someone looks fresh or well kept",pidgin,easy,From scraped articles
POPSI,,"father see:fada, papa",pidgin,easy,From scraped articles
POPSMAN,,"father",pidgin,easy,From scraped articles
POPSY,,"Referring to one own's father.",pidgin,easy,From scraped articles
PORTI,,Food that is undercooked or badly mixed.,pidgin,easy,From scraped articles
POSHEY,,"Hissing..To Hiss",pidgin,easy,From scraped articles
PRA,,"leave quickly, escape",pidgin,easy,From scraped articles
PRAIS,,"To bargain or to haggle",pidgin,easy,From scraped articles
PRIZIN,,"Means: Prison , Jail , House Arest, lock up with criminals,",pidgin,easy,From scraped articles
PUPSE,,"Simply means old man",pidgin,easy,From scraped articles
PUPSI,,"daddy",pidgin,easy,From scraped articles
PURE,,"Don't feel right",pidgin,easy,From scraped articles
PURGE,,"Diarrhea",pidgin,easy,From scraped articles
PUSH,,"To move out; get out",pidgin,easy,From scraped articles
QUACK,,"To tackle or trip",pidgin,easy,From scraped articles
QUAMS,,"Problems or headache",pidgin,easy,From scraped articles
QWYAN,,An exclamation meaning what?,pidgin,easy,From scraped articles
RACK,,"to fight.",pidgin,easy,From scraped articles
RAINA,,"disrespect",pidgin,easy,From scraped articles
RAZ,,"1. unsophisticated, local",pidgin,easy,From scraped articles
RAZZ,,"untidy, rough, dirty and bad looking",pidgin,easy,From scraped articles
REASON,,To think through or discuss something.,pidgin,easy,From scraped articles
RELASS,,"To relax or cool down. Become less tense or anxious.",pidgin,easy,From scraped articles
RELATE,,"To talk or to communicate",pidgin,easy,From scraped articles
RIDE,,"Any flashy car is referred to as ride.",pidgin,easy,From scraped articles
RINGTONE,,"The sounds a girl makes in bed",pidgin,easy,From scraped articles
ROBB,,A balm rubbed on the skin to ease pain.,pidgin,easy,From scraped articles
ROLL,,"to Move, Walk, or go away",pidgin,easy,From scraped articles
SABINA,,"A female know it all.",pidgin,easy,From scraped articles
SABINUS,,"A male know it all...",pidgin,easy,From scraped articles
SAI,,"An exclamation mostly used by Calabar people",pidgin,easy,From scraped articles
SAKORO,,"run, to run ( to scamper)",pidgin,easy,From scraped articles
SAMA,,To hit or strike; also to sentence someone.,pidgin,easy,From scraped articles
SANKO,,"prison",pidgin,easy,From scraped articles
SAUTHI,,"also called south africa",pidgin,easy,From scraped articles
SAYO,,"1. Booze, Liquor, Any alchoholic Drink (name)",pidgin,easy,From scraped articles
SCRAP,,"barbaric,destroyed",pidgin,easy,From scraped articles
SELE,,"Happen.",pidgin,easy,From scraped articles
SEMPE,,To stay away or keep aside.,pidgin,easy,From scraped articles
SEND,,To care about or consider someone's feelings.,pidgin,easy,From scraped articles
SENTI,,To talk nonsense after eating too much.,pidgin,easy,From scraped articles
SERENREN,,"- noun:Something that is flashy or over the top.Dis yor dress get too muchserenreno.Your dress is too flashy.Disserenrenno too much for ordinary birthday?Isn’t all this too much for a birthday cele...",pidgin,easy,From scraped articles
SEY,,"Seems like; as if",pidgin,easy,From scraped articles
SHA,,A Pidgin emphasis word meaning just or anyway.,pidgin,easy,From scraped articles
SHABI,,A Pidgin phrase meaning I think.,pidgin,easy,From scraped articles
SHADY,,Dim or suspicious.,english,easy,Corrected English meaning
SHAK,,"to drink. especially alcohol.",pidgin,easy,From scraped articles
SHALAYE,,"- verb:To explain something in more detail than is necessary or helpful.Abeg just do wetin I tell yu. No deyshalaye.Please just do what I told you. Stop over-explaining.Di guyshalayefor police taya...",pidgin,easy,From scraped articles
SHANDY,,"Twenty naira note",pidgin,easy,From scraped articles
SHANGA,,"Naija slang word used to refer to Police",pidgin,easy,From scraped articles
SHARI,,"Forget about something",pidgin,easy,From scraped articles
SHARPLY,,"A variation of the pidgin English phrase ""Sharp sharp"" meaning to administer or perform quickly/ without delay",pidgin,easy,From scraped articles
SHARRAP,,"Shut up",pidgin,easy,From scraped articles
SHAWRY,,"girlfriend",pidgin,easy,From scraped articles
SHEBI,,"You agree? seeking approval.",pidgin,easy,From scraped articles
SHEGE,,"pronounce \'Shay-gay\' is a swear word",pidgin,easy,From scraped articles
SHEKPE,,"Any hot drink.  Or local gin that can be consumed.",pidgin,easy,From scraped articles
SHENKES,,"It is used when refering to a girl.",pidgin,easy,From scraped articles
SHEY,,A Pidgin question tag meaning right? or isn't it?,pidgin,easy,From scraped articles
SHIFT,,"Move",pidgin,easy,From scraped articles
SHIKALA,,"a girl",pidgin,easy,From scraped articles
SHIKENA,,"It literally means period.",pidgin,easy,From scraped articles
SHIMA,,"Shima means heart in tiv language",pidgin,easy,From scraped articles
SHINGBAN,,"Meaning : I don\'t have a dime or am broke",pidgin,easy,From scraped articles
SHINGKE,,"Name for edible female termites/ant that are bigger than normal ones. Usually seen at night after long sommer rains.",pidgin,easy,From scraped articles
SHITTOR,,"When someone has something too big",pidgin,easy,From scraped articles
SHIUO,,"an informal way of starting a statement, indicating shock, surprise, amusement or fright.",pidgin,easy,From scraped articles
SHNAP,,"Dry Gin",pidgin,easy,From scraped articles
SHO,,"what",pidgin,easy,From scraped articles
SHODI,,"A very attractive girl/woman",pidgin,easy,From scraped articles
SHOKI,,A Nigerian dance with distinctive hand movements.,pidgin,easy,From scraped articles
SHOO,,An exclamation used to chase away an animal.,english,easy,Corrected English meaning
SHOOK,,"to stab. also chuk",pidgin,easy,From scraped articles
SHU,,"1. An indication of excitement or surprise.",pidgin,easy,From scraped articles
SHUN,,"Ignore",pidgin,easy,From scraped articles
SHUOOOO,,"Means 'really?' with intention to mock",pidgin,easy,From scraped articles
SHURU,,"Silence",pidgin,easy,From scraped articles
SHWO,,"seriously? (surprised)",pidgin,easy,From scraped articles
SIDDON,,"- verb: To sit down.Abegsiddonmek we talk.Please have a seat and let’s talk.I no fitsiddonfor one place. I like to dey waká up and down.I can’t sit still. I like moving around.",pidgin,easy,From scraped articles
SIMFOE,,"simple friend on earth, a way of saying best friend",pidgin,easy,From scraped articles
SKATA,,To scatter or disperse.,pidgin,easy,From scraped articles
SKELEWU,,"Being decieved",pidgin,easy,From scraped articles
SKEROO,,"brain, mind",pidgin,easy,From scraped articles
SKETCH,,"steal",pidgin,easy,From scraped articles
SKETOUT,,"Get out",pidgin,easy,From scraped articles
SKINK,,To forget about something.,pidgin,easy,From scraped articles
SKREP,,A person described as dirty or poorly kept.,pidgin,easy,From scraped articles
SKY,,"To disappear",pidgin,easy,From scraped articles
SLACKA,,"Slow thinking person.",pidgin,easy,From scraped articles
SOAPY,,"ask Naira marly",pidgin,easy,From scraped articles
SOJI,,"A soldier (usually used in southern nigeria)",pidgin,easy,From scraped articles
SOLO,,"Beans",pidgin,easy,From scraped articles
SOMEWER,,"- adverb:In, at or to a place that is unspecified or unknown.She talk sey she dey staysomeweraround Ikeja.She said she stays somewhere around Ikeja.I see yor bagsomewerfor my room.I saw your bag so...",pidgin,easy,From scraped articles
SORI,,"sorry",pidgin,easy,From scraped articles
SOS,,"Dish",pidgin,easy,From scraped articles
SOSO,,Only; also used to ask is that all?,pidgin,easy,From scraped articles
SPLARO,,"Ashawo",pidgin,easy,From scraped articles
SPLUFIC,,"Something amazing, wonderful, splendid, Incredible, unique...etc",pidgin,easy,From scraped articles
SPLUFIK,,"\'\'Adj.\'\' It simply means fantastic...",pidgin,easy,From scraped articles
SPREAD,,"When someone is showing off or over filling himself",pidgin,easy,From scraped articles
SQUARE,,"to give or to pay up",pidgin,easy,From scraped articles
STEEZ,,"stuff",pidgin,easy,From scraped articles
STURV,,"stuff",pidgin,easy,From scraped articles
SUCKAWAY,,"Sewage, waste disposal system in residential areas",pidgin,easy,From scraped articles
SULE,,"a foolish person who is rather slow at anything",pidgin,easy,From scraped articles
SUPPOSE,,"- modal verb:Used to express that something did not happen even though you wish or expect it to have happened.Yusupposecall me wen yu reach house.You should have called me when you got home.Di even...",pidgin,easy,From scraped articles
SWAG,,"to be cool",pidgin,easy,From scraped articles
SWALLOW,,"- noun:Any food that is consumed by swallowing it without chewing, typically alongside some soup.Pounded yam na my favoriteswallow.Pounded yam is my favorite swallow.I go like chopswallowdis mornin...",pidgin,easy,From scraped articles
SWAVE,,"to steal",pidgin,easy,From scraped articles
SWEET,,"Candy",pidgin,easy,From scraped articles
TABON,,"To make bad errors while speaking or writing",pidgin,easy,From scraped articles
TAFIA,,"Gossip 1.(also see aproko) 2. (Ofofo) 3. (Amebo)",pidgin,easy,From scraped articles
TAH,,An exclamation rejecting something as unacceptable.,pidgin,easy,From scraped articles
TAP,,"beatiful",pidgin,easy,From scraped articles
TAPIOCA,,"A meal made from cassava",pidgin,easy,From scraped articles
TATA,,"baby",pidgin,easy,From scraped articles
TATAFO,,"1. nosy person",pidgin,easy,From scraped articles
TAY,,"Long [time]",pidgin,easy,From scraped articles
TERE,,"Picking on a person",pidgin,easy,From scraped articles
TEWE,,"Private part",pidgin,easy,From scraped articles
TIFET,,"It mean when someone is very funny.",pidgin,easy,From scraped articles
TIFF,,"Noun: thief",pidgin,easy,From scraped articles
TIGHT,,"to be good at something",pidgin,easy,From scraped articles
TILE,,"its a word how you use to call your girl who you like , love",pidgin,easy,From scraped articles
TOFIA,,An Igbo exclamation rejecting something: God forbid!,pidgin,easy,From scraped articles
TOK,,"talk",pidgin,easy,From scraped articles
TOKUMBO,,"1. Second hand (used)",pidgin,easy,From scraped articles
TOOSPERO,,"go away",pidgin,easy,From scraped articles
TORKO,,"Conclusion to a statement",pidgin,easy,From scraped articles
TORRONT,,"Stupid",pidgin,easy,From scraped articles
TOUT,,"area boy, agbero. basically rowdy guys on the street",pidgin,easy,From scraped articles
TRAD,,"local traditional clothing",pidgin,easy,From scraped articles
TRIP,,"crushing on girl or boy",pidgin,easy,From scraped articles
TROWAY,,"To spill; make a spill",pidgin,easy,From scraped articles
TROWEY,,"- verb:To dispose or discard something or put it in a trash.Di food don spoil. Make wetroweyam.The food is spoilt, let’s dispose it.Abegtroweydi dirty wey dey outside.Please throw away the trash th...",pidgin,easy,From scraped articles
TUALE,,"An informal greeting for a respected personality.",pidgin,easy,From scraped articles
TUFIAKWA,,"God forbid",pidgin,easy,From scraped articles
TUMBA,,"To hit something very hard",pidgin,easy,From scraped articles
TUMBLE,,"somersault, roll over",pidgin,easy,From scraped articles
TUMBLER,,"Cup or mug made out of glass",pidgin,easy,From scraped articles
TUMBULU,,"to summersault",pidgin,easy,From scraped articles
TUSH,,Stylish or high-class.,pidgin,easy,From scraped articles
TWALE,,"I salute or hail you or well done.",pidgin,easy,From scraped articles
UCHE,,"Brighter fit",pidgin,easy,From scraped articles
UDO,,Peace; a reply meaning all is well.,pidgin,easy,From scraped articles
UKPA,,"see kpekus",pidgin,easy,From scraped articles
UKWU,,"A woman's curves, especially her hips and buttocks.",pidgin,easy,From scraped articles
UMEE,,"very gud fud",pidgin,easy,From scraped articles
VAMOOSH,,"Make hasty retreat or dissapear",pidgin,easy,From scraped articles
VEX,,"A word used in a conversation or rather upsetting,angry dispute during an argument between people. The word vex expresses anger in a very direct/harsh way.",pidgin,easy,From scraped articles
VEXATION,,"Someone getting annoyed",pidgin,easy,From scraped articles
VILA,,One's village.,pidgin,easy,From scraped articles
WAAKA,,"walk",pidgin,easy,From scraped articles
WACK,,"To Eat food",pidgin,easy,From scraped articles
WACKIES,,"Foods, heavy Foods, Afican Foods",pidgin,easy,From scraped articles
WAFI,,"pidgin englise",pidgin,easy,From scraped articles
WAI,,"- adverb:Used to inquire about the reason, motive or purpose of something.Waiyu late reach house?Why are you home so late?Waipersin go do dat kain thing?Why would anyone do that?",pidgin,easy,From scraped articles
WAKABOUT,,"one who enjoys walking around or walking around aimlessly",pidgin,easy,From scraped articles
WAN,,"meaning ""to do"" or want to",pidgin,easy,From scraped articles
WANGARA,,"Policeman",pidgin,easy,From scraped articles
WARA,,"locally made cheese",pidgin,easy,From scraped articles
WARRIDIS,,"A condensed form of ""What is this?"" Used to describe surprise and disappointment.",pidgin,easy,From scraped articles
WASAPP,,"whatsapp",pidgin,easy,From scraped articles
WAWU,,"When something is so interesting and suprising, and you want to respond but wow is too mainstream, you go Wawu",pidgin,easy,From scraped articles
WEDA,,Whether; used when something is uncertain.,pidgin,easy,From scraped articles
WEEWI,,"indian hemp",pidgin,easy,From scraped articles
WELLA,,"Well",pidgin,easy,From scraped articles
WEN,,"when",pidgin,easy,From scraped articles
WER,,"- adverb:Used to ask questions about a place someone or something is in, going to or coming from.Weryu dey gó?Where are you going?",pidgin,easy,From scraped articles
WEREY,,"from Yoruba. mad, crazy, to act irrational",pidgin,easy,From scraped articles
WEYTIN,,"question",pidgin,easy,From scraped articles
WHINCH,,"a bad person",pidgin,easy,From scraped articles
WHINE,,"- verb:To tease, flatter or deceive someone.Abeg talk true. Nowhineme.Please tell me the truth. Don’t tease me.Wai yu deywhineme boss?Why are you messing with me, boss?",pidgin,easy,From scraped articles
WHINZY,,"bad- luck",pidgin,easy,From scraped articles
WHOSAI,,"never, impossible",pidgin,easy,From scraped articles
WHOT,,"It\'s a popular card game",pidgin,easy,From scraped articles
WHYNE,,"easing and contemptuous language or behavior directed at a particular person or thing",pidgin,easy,From scraped articles
WICH,,"- interrogative pronoun:Used to ask questions where there’s more than one possible answer or an alternative.Wichday yu go show my side?Which day are you coming to my area?Wichway we go follow reach...",pidgin,easy,From scraped articles
WIDA,,"Wida is a south south slang meaning Whats Up",pidgin,easy,From scraped articles
WIND,,"To tease or pull ones legs.",pidgin,easy,From scraped articles
WINSCH,,"A witch",pidgin,easy,From scraped articles
WINSH,,"Generally refers to a bad person, a witch",pidgin,easy,From scraped articles
WITHOUT,,"Food bought in a bukka that does not have any meat in it.",pidgin,easy,From scraped articles
WIZZO,,"a witch or wizard",pidgin,easy,From scraped articles
WOBE,,"Used to define female hustlers or female version of Agbero",pidgin,easy,From scraped articles
WOGGLY,,"wowo + Ugly = Woggly",pidgin,easy,From scraped articles
WORRI,,"disturb, to disturb so; to be a worry to so, to have sorrow, to worry.",pidgin,easy,From scraped articles
WORRY,,"Wrong or cause pain",pidgin,easy,From scraped articles
WORWOR,,"Ugly or bad looking person",pidgin,easy,From scraped articles
WOSE,,To slap someone.,pidgin,easy,From scraped articles
WOWO,,"Ugly, gone wrong",pidgin,easy,From scraped articles
WOZ,,"to slap",pidgin,easy,From scraped articles
WOZE,,"To hit or to eat",pidgin,easy,From scraped articles
WUNA,,"A group of people",pidgin,easy,From scraped articles
WUND,,"To get hurt or to hurt someone",pidgin,easy,From scraped articles
WUNJURE,,"To wound or injure other or one\'s self",pidgin,easy,From scraped articles
XEROX,,"examination or homework malpractice of copying someone's work",pidgin,easy,From scraped articles
YAHOZEE,,"Dance steps formed by a Nigerian artist known as Olu Maintain",pidgin,easy,From scraped articles
YAKPA,,"Plenty or in abundance",pidgin,easy,From scraped articles
YAKUBU,,Someone who repeatedly wastes opportunities.,pidgin,easy,From scraped articles
YAKUBUU,,"It is used when refering to someone a s a failure",pidgin,easy,From scraped articles
YAN,,"To talk or communicate",pidgin,easy,From scraped articles
YANKEE,,"United States of America",pidgin,easy,From scraped articles
YARADUA,,"a person who abandons his people/post/duty and is silent for a long period of time...also used as a synonym for silence",pidgin,easy,From scraped articles
YASH,,"Bottom",pidgin,easy,From scraped articles
YASHMAN,,"Gay guy.",pidgin,easy,From scraped articles
YAWA,,"problem, get into trouble usually with the law or someone closely related.",pidgin,easy,From scraped articles
YEEE,,"Exclamation, usually negative",pidgin,easy,From scraped articles
YEKA,,"Yeka Onka, winner of the first Nigerian Idol contest.",pidgin,easy,From scraped articles
YEYE,,"Useless and senseless:Of a person or a thing.",pidgin,easy,From scraped articles
YIMU,,A Yoruba gesture of pushing the lips out in mockery.,pidgin,easy,From scraped articles
YON,,"To run, or walk in a haste. 'Yon' is mimic from the word 'run'. Yon is the way a typical calabar/ibibio man pronounces run",pidgin,easy,From scraped articles
YOR,,"- determiner:Used to show that something belongs to or is associated with a person being addressed.Weryorphone déy?Where is your phone?Abeg give meyornumber.Please give me your number.Guy,yorwahala...",pidgin,easy,From scraped articles
YORSELF,,"- reflexive pronoun:Used as the object of a verb to refer to a person being spoken to who is also the subject.Yu suppose do dis assignmentyorself.You should do this assignment yourself.Try dey rest...",pidgin,easy,From scraped articles
YORUBA,,"A tribe in Nigeria",pidgin,easy,From scraped articles
ZANGA,,"rendevouz",pidgin,easy,From scraped articles
ZANKU,,"A new, energetic dance that has taken the Nigerian social life by the storm.",pidgin,easy,From scraped articles
ZINK,,"roof. roofing sheets from sheet-metal. common on nigerian roof tops.",pidgin,easy,From scraped articles
ZIP,,"Shut up (when u h've used zip up )",pidgin,easy,From scraped articles
ZUWO,,"of somebody who behaves foolishly; a fool.",pidgin,easy,From scraped articles
ZUZU,,"Misbehave or doing stupid things.",pidgin,easy,From scraped articles
SAY,,To speak or utter words,ng_en,easy,English word
LAY,,To place something down,ng_en,easy,English word
STAY,,To remain in a place,ng_en,easy,English word
SLAY,,To defeat utterly,ng_en,easy,Modern slang
PLAY,,To engage in recreation,ng_en,easy,English word
CLAY,,Fine sedimentary rock,ng_en,easy,English word
SLOW,,Moving at low speed,ng_en,easy,English word
LOW,,Below a certain level,ng_en,easy,English word
ALLOW,,To permit something,ng_en,easy,English word
HOLY,,Sacred or divine,ng_en,easy,English word
HOW,,In what way or manner,ng_en,easy,English word
OWL,,A nocturnal bird,ng_en,easy,English word
WALL,,A barrier structure,ng_en,easy,English word
HALL,,A large room or corridor,ng_en,easy,English word
TOLL,,A fee charged for passage,ng_en,medium,English word
TALL,,Great in height,ng_en,easy,English word
CALL,,To summon or telephone,ng_en,easy,English word
ALL,,Everything without exception,ng_en,easy,English word
SHOUT,,To speak loudly,ng_en,easy,English word
ABOUT,,Concerning or approximately,ng_en,easy,English word
OUT,,Outside or external,ng_en,easy,English word
HOT,,Having high temperature,ng_en,easy,English word
SHOT,,Fired a projectile,ng_en,easy,English word
SLAT,,A thin narrow piece of wood,ng_en,medium,English word
STAB,,To pierce with a sharp object,ng_en,easy,English word
SLAP,,To hit with the palm,ng_en,easy,English word
SLOT,,A narrow opening,ng_en,easy,English word
LOST,,Unable to find the way,ng_en,easy,English word
LAST,,Final in sequence,ng_en,easy,English word
HASTE,,Great speed or hurry,ng_en,medium,English word
TASTE,,The sense of flavor,ng_en,easy,English word
WASTE,,Unwanted or useless matter,ng_en,easy,English word
PASTE,,A thick soft substance,ng_en,easy,English word
CAST,,To throw or mold,ng_en,easy,English word
FAST,,Moving at high speed,ng_en,easy,English word
VAST,,Very great in size,ng_en,easy,English word
MAST,,Pole supporting a sail,ng_en,medium,English word
BLAST,,A sudden burst,ng_en,easy,English word
GLASS,,Transparent hard material,ng_en,easy,English word
CLASS,,A group of students,ng_en,easy,English word
PASS,,To move beyond a point,ng_en,easy,English word
MASS,,A large amount,ng_en,easy,English word
GAS,,Airlike fluid substance,ng_en,easy,English word
SALT,,A white seasoning substance,ng_en,easy,English word
SAT,,Past tense of sit,ng_en,easy,English word
EASE,,A state of comfort,ng_en,easy,English word
EAST,,Direction of sunrise,ng_en,easy,English word
SEAT,,A place to sit,ng_en,easy,English word
HEAT,,Warmth or high temperature,ng_en,easy,English word
MEAT,,Animal flesh for food,ng_en,easy,English word
BEAT,,To strike repeatedly.,ng_en,easy,English word
NEAT,,Tidy and orderly,ng_en,easy,English word
WAR,,Conflict between nations,ng_en,easy,English word
CAR,,Automobile vehicle,ng_en,easy,English word
BAR,,A drinking establishment,ng_en,easy,English word
TAR,,Black sticky substance,ng_en,easy,English word
FAR,,At great distance,ng_en,easy,English word
JAR,,A cylindrical container,ng_en,easy,English word
STAR,,Celestial body in space,ng_en,easy,English word
SCAR,,A mark left by a wound,ng_en,easy,English word
DARK,,Absence of light,ng_en,easy,English word
PARK,,A public recreational area,ng_en,easy,English word
BARK,,The sound a dog makes,ng_en,easy,English word
WORK,,Effort or activity done to achieve something.,ng_en,easy,English word
FORK,,Utensil with prongs,ng_en,easy,English word
JOKE,,A humorous story,ng_en,easy,English word
POKE,,To prod with finger,ng_en,easy,English word
BROKE,,Having no money,ng_en,easy,English word
SPOKE,,Talked or uttered,ng_en,easy,English word
SMOKE,,Visible vapor from fire,ng_en,easy,English word
STAKE,,A pointed stick,ng_en,easy,English word
SHAKE,,To move rapidly,ng_en,easy,English word
SHAPE,,The outline or form,ng_en,easy,English word
SHARE,,A portion or part,ng_en,easy,English word
SHORE,,The edge of water,ng_en,easy,English word
SCORE,,A point or notation,ng_en,easy,English word
STORE,,A place to buy things,ng_en,easy,English word
SORE,,Painful or inflamed,ng_en,easy,English word
MORE,,Greater in amount,ng_en,easy,English word
CORE,,The central part,ng_en,easy,English word
WORE,,Past tense of wear,ng_en,easy,English word
TORE,,Past tense of tear,ng_en,easy,English word
DOOR,,A movable barrier that closes an entrance.,ng_en,easy,English word
FLOOR,,Bottom surface of room,ng_en,easy,English word
ROOF,,The top covering of a building.,ng_en,easy,English word
GAME,,A pastime or activity,ng_en,easy,English word
NAME,,What someone is called,ng_en,easy,English word
SAME,,Identical or alike,ng_en,easy,English word
FAME,,Known by many people,ng_en,easy,English word
SHAME,,A feeling of humiliation,ng_en,easy,English word
BLAME,,Responsibility for wrong,ng_en,easy,English word
FLAME,,A burning fire,ng_en,easy,English word
FRAME,,A structure or skeleton,ng_en,easy,English word
TAME,,Not wild or domesticated,ng_en,easy,English word
RAIN,,Water falling from clouds,ng_en,easy,English word
PAIN,,Physical suffering,ng_en,easy,English word
GAIN,,To obtain or increase,ng_en,easy,English word
MAIN,,Primary or most important,ng_en,easy,English word
TRAIN,,A rail vehicle,ng_en,easy,English word
BRAIN,,The organ of thought,ng_en,easy,English word
CHAIN,,Connected links,ng_en,easy,English word
GRAIN,,A seed of cereal,ng_en,easy,English word
PLAIN,,Simple or flat terrain,ng_en,easy,English word
STAIN,,A discoloration mark,ng_en,easy,English word
LAND,,Solid ground,ng_en,easy,English word
SAND,,Fine rock particles,ng_en,easy,English word
BAND,,A group of people playing music.,ng_en,easy,English word
HAND,,The part of the arm,ng_en,easy,English word
STAND,,To be upright,ng_en,easy,English word
FALL,,To drop downward,ng_en,easy,English word
SAIL,,To travel by boat,ng_en,easy,English word
MAIL,,Letters and packages,ng_en,easy,English word
FAIL,,To not succeed,ng_en,easy,English word
RAIL,,A bar or track,ng_en,easy,English word
JAIL,,A place of confinement,ng_en,easy,English word
NAIL,,A pointed fastener,ng_en,easy,English word
TAIL,,The rear part,ng_en,easy,English word
PAID,,Past tense of pay; gave money.,ng_en,easy,English word
SAID,,Past tense of say.,ng_en,easy,English word
WAIT,,To stay until something happens,ng_en,easy,English word
ORE,,Rock containing metal,ng_en,easy,English word
AGE,,How old someone is,ng_en,easy,English word
CAT,,A small domesticated feline,ng_en,easy,English word
WASH,,To clean with water,ng_en,easy,English word
STEW,,A slowly cooked dish,ng_en,easy,English word
HATE,,An intense dislike,ng_en,easy,English word
LAG,,To fall behind,ng_en,easy,English word
GASP,,To inhale sharply in surprise,ng_en,easy,English word
ARCS,,Curved shapes or paths,ng_en,medium,English word
ACTS,,Deeds or performances,ng_en,easy,English word
RAN,,Past tense of run,ng_en,easy,English word
RAD,,Excellent or radical,ng_en,easy,English slang
HARE,,A fast-running wild rabbit,ng_en,easy,English word
HER,,Belonging to a female,ng_en,easy,English word
LEAF,,A flat green part of a plant,ng_en,easy,English word
MALE,,Of or relating to men,ng_en,easy,English word
PAD,,A cushioned surface or tablet,ng_en,easy,English word
PAW,,An animal's foot,ng_en,easy,English word
RAP,,To knock or a music genre,ng_en,easy,English word
WARD,,A division of a hospital or city,ng_en,easy,English word
WRAP,,To cover or enclose,ng_en,easy,English word
DRAW,,To make a picture with a pen,ng_en,easy,English word
WARP,,To bend or twist out of shape,ng_en,medium,English word
UPWARD,,Moving toward a higher place,ng_en,medium,English word
HOLLOW,,Having empty space inside,ng_en,medium,English word
WOOL,,Fiber from sheep,ng_en,easy,English word
WHO,,Which person,ng_en,easy,English word
HOWL,,A long loud cry,ng_en,easy,English word
ATE,,Past tense of eat,ng_en,easy,English word
ASH,,Residue from burning,ng_en,easy,English word
HAS,,Possesses or owns,ng_en,easy,English word
SET,,To put in a position,ng_en,easy,English word
SHE,,A female person,ng_en,easy,English word
THE,,Definite article,ng_en,easy,English word
WAS,,Past tense of be,ng_en,easy,English word
SEW,,To stitch with thread,ng_en,easy,English word
WET,,Covered with water,ng_en,easy,English word
SAW,,Past tense of see,ng_en,easy,English word
HAT,,Head covering,ng_en,easy,English word
TEA,,A hot beverage,ng_en,easy,English word
EAT,,To consume food,ng_en,easy,English word
SEA,,A large body of salt water,ng_en,easy,English word
ARC,,A curved shape,ng_en,easy,English word
ACT,,A deed or performance,ng_en,easy,English word
RAT,,A rodent,ng_en,easy,English word
ART,,Creative expression,ng_en,easy,English word
CART,,A vehicle for carrying goods,ng_en,easy,English word
ARTS,,Creative works or disciplines,ng_en,easy,English word
RATS,,Plural of rat,ng_en,easy,English word
CARS,,Plural of car,ng_en,easy,English word
TARS,,Plural of tar,ng_en,easy,English word
LAPS,,Plural of lap or circuits,ng_en,easy,English word
PALS,,Close friends,ng_en,easy,English word
GAP,,An opening or space,ng_en,easy,English word
LAP,,One circuit of a track,ng_en,easy,English word
PAL,,A close friend,ng_en,easy,English word
SAP,,Plant fluid or vitality,ng_en,easy,English word
ASP,,A venomous snake,ng_en,easy,English word
AIM,,To point or direct,ng_en,easy,English word
MAN,,An adult male human,ng_en,easy,English word
LAME,,Unable to walk properly,ng_en,easy,English word
MEAL,,Food eaten at a regular time,ng_en,easy,English word
FLEA,,A small jumping insect,ng_en,easy,English word
ALE,,A type of beer,ng_en,easy,English word
ELF,,A mythical small being,ng_en,easy,English word
SELF,,A person's own identity,ng_en,easy,English word
SHELF,,A flat board for storage,ng_en,easy,English word
FLEE,,To run away from,ng_en,easy,English word
FEEL,,To touch or experience,ng_en,easy,English word
FELL,,Past tense of fall,ng_en,easy,English word
WELL,,In good health or a water source,ng_en,easy,English word
SELL,,To exchange for money,ng_en,easy,English word
TELL,,To communicate information,ng_en,easy,English word
CELL,,A small room or biological unit,ng_en,easy,English word
BELL,,A hollow metal instrument,ng_en,easy,English word
YELL,,To shout loudly,ng_en,easy,English word
DWELL,,To live or reside,ng_en,medium,English word
SWELL,,To grow larger,ng_en,easy,English word
SPELL,,To form words with letters,ng_en,easy,English word
SMELL,,To detect odor,ng_en,easy,English word
SHELL,,A hard outer covering,ng_en,easy,English word
ABACK,,Toward the back or rear; backward.,english,medium,Common English
ABANDON,,To cast or drive out; to banish; to expel; to reject.,english,medium,Common English
ABATE,,To beat down; to overthrow.,english,medium,Common English
ABDUCT,,To take away surreptitiously by force; to carry away (a,english,medium,Common English
ABDUCTOR,,One who abducts.,english,medium,Common English
ABERRANT,,Wandering; straying from the right way.,english,medium,Common English
ABHOR,,To hate intensely.,english,medium,Common English
ABIDE,,To wait; to pause; to delay.,english,medium,Common English
ABIGAIL,,A lady's waiting-maid.,english,medium,Common English
ABJECT,,Cast down; low-lying.,english,medium,Common English
ABLE,,Fit; adapted; suitable.,english,medium,Common English
ABNORMAL,,Not conformed to rule or system; deviating from the type;,english,medium,Common English
ABOLISH,,To do away with wholly; to annul; to make void; -- said,english,medium,Common English
ABORTED,,Brought forth prematurely.,english,medium,Common English
ABOUND,,To be in great plenty; to be very prevalent; to be,english,medium,Common English
ABOVE,,In or to a higher place; higher than; on or over the,english,medium,Common English
ABRASIVE,,Producing abrasion.,english,medium,Common English
ABSCESS,,A collection of pus or purulent matter in any tissue or,english,medium,Common English
ABSENCE,,A state of being absent or withdrawn from a place or from,english,medium,Common English
ABSENT,,Being away from a place; withdrawn from a place; not,english,medium,Common English
ABSINTHE,,The plant absinthium or common wormwood.,english,medium,Common English
ABSOLUTE,,Loosed from any limitation or condition; uncontrolled;,english,medium,Common English
ABSORB,,To swallow up; to engulf; to overwhelm; to cause to,english,medium,Common English
ABSTAIN,,To hold one's self aloof; to forbear or refrain,english,medium,Common English
ABSTRACT,,Withdraw; separate.,english,medium,Common English
ABSURD,,Contrary to reason or propriety; obviously and fiatly,english,medium,Common English
ABUNDANT,,Fully sufficient; plentiful; in copious supply; --,english,medium,Common English
ABUSE,,To treat someone cruelly or use something improperly.,english,medium,Common English
ABUSER,,One who abuses [in the various senses of the verb].,english,medium,Common English
ABUSIVE,,Wrongly used; perverted; misapplied.,english,medium,Common English
ABUT,,To touch or share a border.,english,medium,Common English
ACADEMY,,A garden or grove near Athens (so named from the hero,english,medium,Common English
ACCENT,,A superior force of voice or of articulative effort upon,english,medium,Common English
ACCEPT,,To receive with a consenting mind (something offered);,english,medium,Common English
ACCOUNT,,A reckoning; computation; calculation; enumeration; a,english,medium,Common English
ENVOY,,As a messenger or delegate.,english,medium,Common English
ACCUSER,,One who accuses; one who brings a charge of crime or,english,medium,Common English
ACE,,A unit; a single point or spot on a card or die; the card or,english,medium,Common English
ACETATE,,A salt formed by the union of acetic acid with a base or,english,medium,Common English
ACHIEVE,,To carry on to a final close; to bring out into a,english,medium,Common English
ACIDIC,,Containing a high percentage of silica; -- opposed to,english,medium,Common English
ACIDITY,,The quality of being sour; sourness; tartness; sharpness,english,medium,Common English
ACME,,The top or highest point; the culmination.,english,medium,Common English
ACQUIT,,Acquitted; set free; rid of.,english,medium,Common English
ACRE,,Any field of arable or pasture land.,english,medium,Common English
YARDS,,560 square feet. This is the English statute acre. That of,english,medium,Common English
ACTIVATE,,To make active.,english,medium,Common English
ACTIVELY,,In an active manner; nimbly; briskly; energetically;,english,medium,Common English
ACTIVITY,,The state or quality of being active; nimbleness;,english,medium,Common English
ACTRESS,,A female actor or doer.,english,medium,Common English
ACTUAL,,Involving or comprising action; active.,english,medium,Common English
ACUMEN,,Quickness of perception or discernment; penetration of,english,medium,Common English
ACUTE,,Sharp at the end; ending in a sharp point; pointed; --,english,medium,Common English
ACUTELY,,In an acute manner; sharply; keenly; with nice,english,medium,Common English
ADAMANT,,A stone imagined by some to be of impenetrable hardness; a,english,medium,Common English
ADAPT,,Fitted; suited.,english,medium,Common English
ADAPTER,,One who adapts.,english,medium,Common English
ADD,,To put something together with another thing.,english,medium,Common English
ADDENDUM,,A thing to be added; an appendix or addition.,english,medium,Common English
ADDITION,,The act of adding two or more things together; -- opposed,english,medium,Common English
ADDITIVE,,Proper to be added; positive; -- opposed to subtractive.,english,medium,Common English
ADDRESS,,To aim; to direct.,english,medium,Common English
ADEPT,,One fully skilled or well versed in anything; a proficient;,english,medium,Common English
ADHESION,,The action of sticking; the state of being attached;,english,medium,Common English
ADIEU,,Good-by; farewell; an expression of kind wishes,english,medium,Common English
ADJUNCT,,Conjoined; attending; consequent.,english,medium,Common English
ADJUST,,To make exact; to fit; to make correspondent or,english,medium,Common English
ADJUTANT,,A helper; an assistant.,english,medium,Common English
ADMIRAL,,A naval officer of the highest rank; a naval officer of,english,medium,Common English
ADMIRE,,To regard with wonder or astonishment; to view with,english,medium,Common English
ADMIRER,,One who admires; one who esteems or loves greatly.,english,medium,Common English
ADOBE,,A sun-dried brick made from clay and straw.,english,medium,Common English
ADONIS,,A youth beloved by Venus for his beauty. He was killed in,english,medium,Common English
FRIEND,,Etc.; esp. to take voluntarily (a child of other,english,medium,Common English
ADORABLE,,Deserving to be adored; worthy of divine honors.,english,medium,Common English
ADORING,,/); p. pr. & vb. n.) of Adore,english,medium,Common English
ADORE,,To love or admire deeply.,english,medium,Common English
ADORN,,To deck or dress with ornaments; to embellish; to set off,english,medium,Common English
ADRIFT,,Floating at random; in a drifting condition; at the,english,medium,Common English
ADULTERY,,The unfaithfulness of a married person to the marriage,english,medium,Common English
ADVANCE,,To bring forward; to move towards the van or front; to,english,medium,Common English
ADVENT,,The period including the four Sundays before Christmas.,english,medium,Common English
ADVERT,,To turn the mind or attention; to refer; to take heed or,english,medium,Common English
ADVISER,,One who advises.,english,medium,Common English
ADVOCACY,,The act of pleading for or supporting; work of,english,medium,Common English
ADVOCATE,,One who pleads the cause of another. Specifically: One,english,medium,Common English
AEGIS,,A shield or protective armor; -- applied in mythology to the,english,medium,Common English
BACTERIA,,Suspended in the air.,english,medium,Common English
FOLDING,,Etc.; prefloration.,english,medium,Common English
AFFABLE,,Easy to be spoken to or addressed; receiving others kindly,english,medium,Common English
AFFECT,,To act upon; to produce an effect or change upon.,english,medium,Common English
AFFINITY,,Relationship by marriage (as between a husband and his,english,medium,Common English
SICKNESS,,Etc.; an instance of grievous distress; a pain or,english,medium,Common English
AFFLUENT,,Flowing to; flowing abundantly.,english,medium,Common English
VESSEL,,To convey cargo.,english,medium,Common English
AFFRONT,,To front; to face in position; to meet or encounter,english,medium,Common English
AFLAME,,Inflames; glowing with light or passion; ablaze.,english,medium,Common English
AFLOAT,,Borne on the water; floating; on board ship.,english,medium,Common English
AFRAID,,Impressed with fear or apprehension; in fear;,english,medium,Common English
AFRESH,,Anew; again; once more; newly.,english,medium,Common English
AFT,,Near or towards the stern of a vessel; astern; abaft.,english,medium,Common English
AGILITY,,The quality of being agile; the power of moving the limbs,english,medium,Common English
BANKS,,Charge for banks or dikes.,english,medium,Common English
AGNOSTIC,,Professing ignorance; involving no dogmatic; pertaining,english,medium,Common English
AGONY,,Violent contest or striving.,english,medium,Common English
AGROUND,,On the ground; stranded; -- a nautical term applied,english,medium,Common English
AILMENT,,Indisposition; morbid affection of the body; -- not,english,medium,Common English
ALACK,,An exclamation expressive of sorrow.,english,medium,Common English
ALBEIT,,Even though; although; notwithstanding.,english,medium,Common English
ALCHEMY,,An imaginary art which aimed to transmute the baser metals,english,medium,Common English
ALCOHOL,,An impalpable powder.,english,medium,Common English
ALDERMAN,,A senior or superior; a person of rank or dignity.,english,medium,Common English
ALGEBRA,,That branch of mathematics which treats of the relations,english,medium,Common English
ALHAMBRA,,The palace of the Moorish kings at Granada.,english,medium,Common English
ALIAS,,Otherwise; otherwise called; -- a term used in legal,english,medium,Common English
ALIBI,,The plea or mode of defense under which a person on trial,english,medium,Common English
ALIENATE,,Estranged; withdrawn in affection; foreign; -- with from.,english,medium,Common English
ALIGN,,To line up or bring into agreement.,english,medium,Common English
ALIKE,,Having resemblance or similitude; similar; without,english,medium,Common English
ALIMONY,,Maintenance; means of living.,english,medium,Common English
ALINE,,To range or place in a line; to bring into line; to,english,medium,Common English
AMMONIA,,Whose distinguishing peculiarities are solubility,english,medium,Common English
ALLEY,,A narrow passage; especially a walk or passage in a garden,english,medium,Common English
ONIONS,,Etc.; having the smell or taste of garlic or onions.,english,medium,Common English
ALLIANCE,,The state of being allied; the act of allying or uniting;,english,medium,Common English
TREATY,,Matrimonial alliances; an alliance between,english,medium,Common English
ALLIED,,United; joined; leagued; akin; related. See Ally.,english,medium,Common English
ALLOCATE,,To distribute or assign; to allot.,english,medium,Common English
ALLOT,,To distribute by lot.,english,medium,Common English
ALLOY,,A mixture of metal with other elements.,english,medium,Common English
ALMIGHTY,,Unlimited in might; omnipotent; all-powerful;,english,medium,Common English
ALMOST,,Nearly; well nigh; all but; for the greatest part.,english,medium,Common English
ALONG,,By the length; in a line with the length; lengthwise.,english,medium,Common English
ALPHABET,,The letters of a language arranged in the customary,english,medium,Common English
ALTAR,,A raised structure (as a square or oblong erection of stone,english,medium,Common English
ALTHOUGH,,Grant all this; be it that; supposing that;,english,medium,Common English
ALTITUDE,,Space extended upward; height; the perpendicular,english,medium,Common English
ALUM,,A double sulphate formed of aluminium and some other element,english,medium,Common English
ALWAYS,,At all times; ever; perpetually; throughout all time;,english,medium,Common English
AMASS,,To collect into a mass or heap; to gather a great,english,medium,Common English
AMAZE,,To bewilder; to stupefy; to bring into a maze.,english,medium,Common English
AMAZON,,One of a fabulous race of female warriors in Scythia;,english,medium,Common English
WHICH,,Emit a fragrant odor.,english,medium,Common English
AMBIENT,,Encompassing on all sides; circumfused; investing.,english,medium,Common English
AMBUSH,,A disposition or arrangement of troops for attacking an,english,medium,Common English
AMEND,,To change or modify in any way for the better,english,medium,Common English
AMENDS,,Compensation for a loss or injury; recompense;,english,medium,Common English
AMIABLE,,Lovable; lovely; pleasing.,english,medium,Common English
AMISS,,Astray; faultily; improperly; wrongly; ill.,english,medium,Common English
AMMA,,An abbes or spiritual mother.,english,medium,Common English
AMNESTY,,Forgetfulness; cessation of remembrance of wrong;,english,medium,Common English
AMONGST,,Mixed or mingled; surrounded by.,english,medium,Common English
AMOUNT,,To go up; to ascend.,english,medium,Common English
AMOUR,,Love; affection.,english,medium,Common English
STATES,,But with four minute limbs and two,english,medium,Common English
AMUSE,,To occupy or engage the attention of; to lose in deep,english,medium,Common English
ANACONDA,,A large South American snake of the Boa family (Eunectes,english,medium,Common English
ANALOGY,,A resemblance of relations; an agreement or likeness,english,medium,Common English
ANALYZE,,To subject to analysis; to resolve (anything complex),english,medium,Common English
ANARCHY,,Absence of government; the state of society where there is,english,medium,Common English
ANATHEMA,,A ban or curse pronounced with religious solemnity by,english,medium,Common English
ANCHOR,,A iron instrument which is attached to a ship by a cable,english,medium,Common English
PETALS,,Like the garden ranunculus.,english,medium,Common English
ANECDOTE,,Unpublished narratives.,english,medium,Common English
ANGELICA,,An aromatic umbelliferous plant (Archangelica officinalis,english,medium,Common English
ANGELUS,,A form of devotion in which three Ave Marias are repeated.,english,medium,Common English
ANGLE,,The inclosed space near the point where two lines meet; a,english,medium,Common English
ANGLER,,One who angles.,english,medium,Common English
ANGLICAN,,English; of or pertaining to England or the English,english,medium,Common English
ANGRILY,,In an angry manner; under the influence of anger.,english,medium,Common English
ANGRY,,Troublesome; vexatious; rigorous.,english,medium,Common English
ANGULAR,,Relating to an angle or to angles; having an angle or,english,medium,Common English
ANIMAL,,An organized living being endowed with sensation and the,english,medium,Common English
ANIME,,Of a different tincture from the animal itself; -- said of,english,medium,Common English
ANIMUS,,Animating spirit; intention; temper.,english,medium,Common English
ANISE,,An umbelliferous plant (Pimpinella anisum) growing naturally,english,medium,Common English
ANKLET,,An ornament or a fetter for the ankle; an ankle ring.,english,medium,Common English
ANNEX,,To join or attach; usually to subjoin; to affix; to,english,medium,Common English
ANNUALLY,,Yearly; year by year.,english,medium,Common English
ANNUL,,To reduce to nothing; to obliterate.,english,medium,Common English
ANOINT,,To smear or rub over with oil or an unctuous substance;,english,medium,Common English
ANOMALY,,Deviation from the common rule; an irregularity; anything,english,medium,Common English
LIONS,,An anserated cross.,english,medium,Common English
ANTARES,,The principal star in Scorpio: -- called also the,english,medium,Common English
ANTERIOR,,Before in time; antecedent.,english,medium,Common English
EMBRYO,,As the radicle.,english,medium,Common English
DIGNITY,,Instead of the proper name of the person; as when,english,medium,Common English
ANXIOUS,,Full of anxiety or disquietude; greatly concerned or,english,medium,Common English
ANYBODY,,Any one out of an indefinite number of persons; anyone;,english,medium,Common English
ANYONE,,One taken at random rather than by selection; anybody.,english,medium,Common English
ANYWAYS,,Anywise; at all.,english,medium,Common English
AORTA,,The main artery carrying blood from the heart.,english,medium,Common English
APACHES,,A group of nomadic North American Indians including,english,medium,Common English
APIECE,,Each by itself; by the single one; to each; as the share,english,medium,Common English
APOLOGY,,Something said or written in defense or justification of,english,medium,Common English
APOSTLE,,Literally: One sent forth; a messenger. Specifically: One,english,medium,Common English
TIMES,,Periods or occasions; plural of time.,english,medium,Common English
UTENSILS,,Experimental or operative; any complex,english,medium,Common English
APPAREL,,External clothing; vesture; garments; dress; garb;,english,medium,Common English
APPEAL,,An earnest request or a request to change a decision.,english,medium,Common English
THING,,Appearances are against him.,english,medium,Common English
APPEASE,,To make quiet; to calm; to reduce to a state of peace;,english,medium,Common English
APPLAUSE,,The act of applauding; approbation and praise publicly,english,medium,Common English
APPLE,,The fleshy pome or fruit of a rosaceous tree (Pyrus malus),english,medium,Common English
APPLY,,To lay or place; to put or adjust (one thing to another);,english,medium,Common English
FITTING,,To apply the testimony to the case; to apply,english,medium,Common English
APPOINT,,To fix with power or firmness; to establish; to mark,english,medium,Common English
FORMERLY,,An officer who audited the,english,medium,Common English
APPROVAL,,Approbation; sanction.,english,medium,Common English
APPROVE,,To show to be real or true; to prove.,english,medium,Common English
APT,,Fit or fitted; suited; suitable; appropriate.,english,medium,Common English
APTITUDE,,A natural or acquired disposition or capacity for a,english,medium,Common English
APTLY,,In an apt or suitable manner; fitly; properly;,english,medium,Common English
ARCADE,,A series of arches with the columns or piers which support,english,medium,Common English
ARCANE,,Hidden; secret.,english,medium,Common English
ARCH,,Any part of a curved line.,english,medium,Common English
ARCHAIC,,Of or characterized by antiquity or archaism; antiquated;,english,medium,Common English
ARCHDUKE,,A prince of the imperial family of Austria.,english,medium,Common English
ARCHIVE,,The place in which public records or historic documents,english,medium,Common English
NUT,,Which is chewed in India with the leaf of the Piper,english,medium,Common English
ARGUE,,To give reasons for or against a point.,english,medium,Common English
ARGUMENT,,Proof; evidence.,english,medium,Common English
ARIA,,An air or song; a melody; a tune.,english,medium,Common English
ARID,,Exhausted of moisture; parched with heat; dry; barren.,english,medium,Common English
ARIGHT,,Rightly; correctly; in a right way or form; without,english,medium,Common English
ARISE,,To come up from a lower to a higher position; to come,english,medium,Common English
ARM,,The limb of the human body which extends from the shoulder to,english,medium,Common English
ARMAMENT,,A body of forces equipped for war; -- used of a land or,english,medium,Common English
ARMCHAIR,,A chair with arms to support the elbows or forearms.,english,medium,Common English
ARMOR,,Defensive arms for the body; any clothing or covering worn,english,medium,Common English
ARMORED,,Clad with armor.,english,medium,Common English
ARMORY,,A place where arms and instruments of war are deposited for,english,medium,Common English
ARMPIT,,The hollow beneath the junction of the arm and shoulder;,english,medium,Common English
ARMS,,Instruments or weapons of offense or defense.,english,medium,Common English
AROMA,,A pleasant smell.,english,medium,Common English
AROUND,,In a circle; circularly; on every side; round.,english,medium,Common English
ARRAY,,An ordered arrangement of items.,english,medium,Common English
ARRIVE,,To come to the shore or bank. In present usage: To come,english,medium,Common English
ARSON,,The crime of deliberately setting property on fire.,english,medium,Common English
ARTISAN,,One who professes and practices some liberal art; an,english,medium,Common English
ARTIST,,One who practices some mechanic art or craft; an artisan.,english,medium,Common English
ARTISTE,,One peculiarly dexterous and tasteful in almost any,english,medium,Common English
ARTISTRY,,Works of art collectively.,english,medium,Common English
ARYAN,,A term for Indo-Iranian peoples and languages.,english,medium,Common English
REDUCED,,To two ounces; in the second Punic,english,medium,Common English
ASCEND,,To move upward; to mount; to go up; to rise; -- opposed,english,medium,Common English
ASCENT,,The act of rising; motion upward; rise; a mounting upward;,english,medium,Common English
ASCETIC,,Extremely rigid in self-denial and devotions; austere;,english,medium,Common English
HAVE,,A vertical sun.,english,medium,Common English
ASHES,,The earthy or mineral particles of combustible,english,medium,Common English
ASHORE,,On shore or on land; on the land adjacent to water; to,english,medium,Common English
ASK,,To request information or help.,english,medium,Common English
ASKEW,,Awry; askance; asquint; oblique or obliquely; --,english,medium,Common English
ASPECT,,The act of looking; vision; gaze; glance.,english,medium,Common English
ASPIRE,,To desire with eagerness; to seek to attain something,english,medium,Common English
ASSEMBLE,,To collect into one place or body; to bring or call,english,medium,Common English
ASSESS,,To value; to make a valuation or official estimate of for,english,medium,Common English
ASSESSOR,,One appointed or elected to assist a judge or magistrate,english,medium,Common English
ASSET,,Any article or separable part of one's assets.,english,medium,Common English
ASSIGN,,To appoint; to allot; to apportion; to make over.,english,medium,Common English
ASSUME,,To suppose without proof.,english,medium,Common English
ASSURE,,To tell someone confidently that something is true.,english,medium,Common English
ASTERN,,In or at the hinder part of a ship; toward the hinder,english,medium,Common English
ASTEROID,,A starlike body; esp. one of the numerous small planets,english,medium,Common English
ASTUTE,,Critically discerning; sagacious; shrewd; subtle; crafty.,english,medium,Common English
ASUNDER,,Apart; separate from each other; into parts; in two;,english,medium,Common English
ASYSTOLE,,A weakening or cessation of the contractile power of the,english,medium,Common English
ATELIER,,A workshop; a studio.,english,medium,Common English
ATHLETE,,One who contended for a prize in the public games of,english,medium,Common English
ATLAS,,One who sustains a great burden.,english,medium,Common English
REEF,,A ridge of rock or coral near the sea surface.,english,medium,Common English
ATOM,,An ultimate indivisible particle of matter.,english,medium,Common English
ATONE,,To agree; to be in accordance; to accord.,english,medium,Common English
ATOP,,On or at the top.,english,medium,Common English
ATROCITY,,Enormous wickedness; extreme heinousness or cruelty.,english,medium,Common English
ATROPHY,,A wasting away from want of nourishment; diminution in,english,medium,Common English
ATTACKER,,One who attacks.,english,medium,Common English
ATTEMPT,,To make trial or experiment of; to try; to endeavor to,english,medium,Common English
ATTEND,,To direct the attention to; to fix the mind upon; to,english,medium,Common English
DENSE,,As fluids or gases.,english,medium,Common English
ATTEST,,To bear witness to; to certify; to affirm to be true or,english,medium,Common English
ATTORNEY,,A substitute; a proxy; an agent.,english,medium,Common English
ATYPICAL,,That has no type; devoid of typical character; irregular;,english,medium,Common English
AUBURN,,Flaxen-colored.,english,medium,Common English
AUDIBLE,,Capable of being heard; loud enough to be heard; actually,english,medium,Common English
AUDIENCE,,The act of hearing; attention to sounds.,english,medium,Common English
AUDIT,,An audience; a hearing.,english,medium,Common English
AUDITION,,The act of hearing or listening; hearing.,english,medium,Common English
AUDITOR,,A hearer or listener.,english,medium,Common English
AUGUST,,Of a quality inspiring mingled admiration and reverence;,english,medium,Common English
AUNT,,The sister of one's father or mother; -- correlative to,english,medium,Common English
AURORA,,The rising light of the morning; the dawn of day; the,english,medium,Common English
AUSTERE,,Sour and astringent; rough to the state; having acerbity;,english,medium,Common English
AUTOPSY,,Personal observation or examination; seeing with one's own,english,medium,Common English
AVAIL,,To turn to the advantage of; to be of service to; to,english,medium,Common English
AVARICE,,An excessive or inordinate desire of gain; greediness,english,medium,Common English
AVAST,,Cease; stop; stay.,english,medium,Common English
AVENGE,,To take vengeance for; to exact satisfaction for by,english,medium,Common English
AVENUE,,A way or opening for entrance into a place; a passage by,english,medium,Common English
ITALY,,Which ancient writers fancied,english,medium,Common English
BLADES,,Fixed on the end of a long rod.,english,medium,Common English
AVIATOR,,An experimenter in aviation.,english,medium,Common English
AVID,,Longing eagerly for; eager; greedy.,english,medium,Common English
AVIS,,Advice; opinion; deliberation.,english,medium,Common English
AWAIT,,To watch for; to look out for.,english,medium,Common English
AWAKE,,To rouse from sleep; to wake; to awaken.,english,medium,Common English
AWARD,,To give by sentence or judicial determination; to assign,english,medium,Common English
AWARE,,Watchful; vigilant or on one's guard against danger or,english,medium,Common English
AWASH,,Washed by the waves or tide; -- said of a rock or strip of,english,medium,Common English
AWE,,Dread; great fear mingled with respect.,english,medium,Common English
AWFULLY,,In an awful manner; in a manner to fill with terror or,english,medium,Common English
AWHILE,,For a while; for some time; for a short time.,english,medium,Common English
AWRY,,Turned or twisted toward one side; not in a straight,english,medium,Common English
AZTEC,,Of or relating to one of the early races in Mexico that,english,medium,Common English
AZURE,,Sky-blue; resembling the clear blue color of the unclouded,english,medium,Common English
BABBITT,,To line with Babbitt metal.,english,medium,Common English
BABBLE,,To utter words indistinctly or unintelligibly; to utter,english,medium,Common English
BACHELOR,,A man of any age who has not been married.,english,medium,Common English
BACKBONE,,The column of bones in the back which sustains and gives,english,medium,Common English
BACKHAND,,A kind of handwriting in which the downward slope of the,english,medium,Common English
BACKLASH,,The distance through which one part of connected,english,medium,Common English
SHARES,,Upon payment of a premium to the,english,medium,Common English
BADGER,,A striped-faced burrowing mammal.,english,medium,Common English
BADLY,,In a bad manner; poorly; not well; unskillfully;,english,medium,Common English
BAGMAN,,A traveling salesperson.,english,medium,Common English
BAIL,,Money given to secure release from custody.,english,medium,Common English
BAIN,,A bath; a bagnio.,english,medium,Common English
BALANCE,,An apparatus for weighing.,english,medium,Common English
BALD,,Destitute of the natural or common covering on the head or,english,medium,Common English
BALDER,,The most beautiful and beloved of the gods; the god of,english,medium,Common English
BALLROOM,,A room for balls or dancing.,english,medium,Common English
BANAL,,Commonplace; trivial; hackneyed; trite.,english,medium,Common English
BANANA,,A perennial herbaceous plant of almost treelike size (Musa,english,medium,Common English
BANDIT,,An outlaw; a brigand.,english,medium,Common English
BANGLE,,A rigid bracelet worn around the wrist.,english,medium,Common English
BANISTER,,A stringed musical instrument having a head and neck like,english,medium,Common English
BANQUET,,A feast; a sumptuous entertainment of eating and drinking;,english,medium,Common English
OFTEN,,Followed by speeches.,english,medium,Common English
BAPTISM,,The act of baptizing; the application of water to a,english,medium,Common English
BAPTIST,,One who administers baptism; -- specifically applied to,english,medium,Common English
BAPTIZE,,To administer the sacrament of baptism to.,english,medium,Common English
BARE,,Without clothes or covering; stripped of the usual covering;,english,medium,Common English
BAREFOOT,,With the feet bare; without shoes or stockings.,english,medium,Common English
BARELY,,Without covering; nakedly.,english,medium,Common English
BARGAIN,,An agreement on price or a good deal.,english,medium,Common English
SMACK,,A rowing boat; a barge. Now applied poetically to a,english,medium,Common English
BARNYARD,,A yard belonging to a barn.,english,medium,Common English
BARONET,,A dignity or degree of honor next below a baron and above,english,medium,Common English
BARRAGE,,An artificial bar or obstruction placed in a river or,english,medium,Common English
MASTER,,A person skilled in a subject or in control of others.,english,medium,Common English
BARREN,,Incapable of producing offspring; producing no young;,english,medium,Common English
BARROOM,,A room containing a bar or counter at which liquors are,english,medium,Common English
BASELESS,,Without a base; having no foundation or support.,english,medium,Common English
BASHFUL,,Abashed; daunted; dismayed.,english,medium,Common English
BASIC,,Relating to a base; performing the office of a base in a,english,medium,Common English
BASIS,,The foundation of anything; that on which a thing rests.,english,medium,Common English
BASK,,To lie in warmth; to be exposed to genial heat.,english,medium,Common English
CLARINET,,Embracing nearly four octaves.,english,medium,Common English
BASTE,,To beat with a stick; to cudgel.,english,medium,Common English
BASTION,,A work projecting outward from the main inclosure of a,english,medium,Common English
BATCH,,The quantity of bread baked at one time.,english,medium,Common English
BIRDS,,Are caught with nets or otherwise.,english,medium,Common English
BATTEN,,To make fat by plenteous feeding; to fatten.,english,medium,Common English
BATTER,,To beat with successive blows; to beat repeatedly and,english,medium,Common English
BAUBLE,,A small showy decoration of little value.,english,medium,Common English
BAY,,A part of the sea partly enclosed by land.,english,medium,Common English
BAYONET,,A pointed instrument of the dagger kind fitted on the,english,medium,Common English
BEAM,,A long sturdy piece of wood or metal.,english,medium,Common English
BEAR,,A large wild animal.,english,medium,Common English
BEARABLE,,Capable of being borne or endured; tolerable.,english,medium,Common English
BEAU,,A boyfriend or male admirer.,english,medium,Common English
BECAUSE,,By or for the cause that; on this account that; for the,english,medium,Common English
BECKER,,A European fish (Pagellus centrodontus); the sea bream or,english,medium,Common English
BED,,An article of furniture to sleep or take rest in or on; a,english,medium,Common English
BEDLAM,,A place appropriated to the confinement and care of the,english,medium,Common English
BEDPAN,,A pan for warming beds.,english,medium,Common English
BEDPOST,,One of the four standards that support a bedstead or the,english,medium,Common English
BEDROOM,,A room or apartment intended or used for a bed; a lodging,english,medium,Common English
BEEFY,,Having much beef; of the nature of beef; resembling beef;,english,medium,Common English
BEEHIVE,,A hive for a swarm of bees. Also used figuratively.,english,medium,Common English
BEG,,To ask earnestly for something.,english,medium,Common English
BEGIN,,To have or commence an independent or first existence; to,english,medium,Common English
BEGINNER,,One who begins or originates anything. Specifically: A,english,medium,Common English
BEGONE,,Go away; depart; get you gone.,english,medium,Common English
BEGRUDGE,,To grudge; to envy the possession of.,english,medium,Common English
BEHALF,,Advantage; favor; stead; benefit; interest; profit;,english,medium,Common English
BEHAVE,,To manage or govern in point of behavior; to discipline;,english,medium,Common English
BEHEAD,,To sever the head from; to take off the head of.,english,medium,Common English
BEHEST,,That which is willed or ordered; a command; a mandate; an,english,medium,Common English
BEHIND,,On the side opposite the front or nearest part; on the back,english,medium,Common English
BEHOLD,,To have in sight; to see clearly; to look at; to regard,english,medium,Common English
BEHOLDER,,One who beholds; a spectator.,english,medium,Common English
BELAY,,To lay on or cover; to adorn.,english,medium,Common English
BELCH,,To eject or throw up from the stomach with violence; to,english,medium,Common English
BELFRY,,A movable tower erected by besiegers for purposes of attack,english,medium,Common English
BELIEVE,,To exercise belief in; to credit upon the authority or,english,medium,Common English
BELIEVER,,One who believes; one who is persuaded of the truth or,english,medium,Common English
BELITTLE,,To make little or less in a moral sense; to speak of,english,medium,Common English
BELIVE,,Forthwith; speedily; quickly.,english,medium,Common English
BELLY,,The abdomen or stomach area.,english,medium,Common English
BELLYFUL,,As much as satisfies the appetite. Hence: A great,english,medium,Common English
BELUGA,,A cetacean allied to the dolphins.,english,medium,Common English
BEND,,To strain or move out of a straight line; to crook by,english,medium,Common English
BENDY,,Divided into an even number of bends; -- said of a shield or,english,medium,Common English
BENEFIT,,An act of kindness; a favor conferred.,english,medium,Common English
BENIGN,,Of a kind or gentle disposition; gracious; generous;,english,medium,Common English
BENNET,,The common yellow-flowered avens of Europe (Geum urbanum);,english,medium,Common English
BEQUEATH,,To give or leave by will; to give by testament; --,english,medium,Common English
BERATE,,To rate or chide vehemently; to scold.,english,medium,Common English
BERTH,,Convenient sea room.,english,medium,Common English
BERTHA,,A kind of collar or cape worn by ladies.,english,medium,Common English
BERTRAM,,Pellitory of Spain (Anacyclus pyrethrum).,english,medium,Common English
BESEECH,,To ask or entreat with urgency; to supplicate; to,english,medium,Common English
BESTOW,,To lay up in store; to deposit for safe keeping; to,english,medium,Common English
BETHEL,,A place of worship; a hallowed spot.,english,medium,Common English
BETRAY,,To deliver into the hands of an enemy by treachery or,english,medium,Common English
BETTY,,A short bar used by thieves to wrench doors open.,english,medium,Common English
BEVERAGE,,Liquid for drinking; drink; -- usually applied to,english,medium,Common English
BEWARE,,To be on one's guard; to be cautious; to take care; --,english,medium,Common English
BEY,,A governor in the former Ottoman Empire.,english,medium,Common English
BEZEL,,The rim which encompasses and fastens a jewel or other,english,medium,Common English
BICEPS,,A muscle having two heads or origins; -- applied,english,medium,Common English
BICYCLE,,A light vehicle having two wheels one behind the other. It,english,medium,Common English
BIDDER,,One who bids or offers a price.,english,medium,Common English
BIDE,,To dwell; to inhabit; to abide; to stay.,english,medium,Common English
BIDET,,A small horse formerly allowed to each trooper or dragoon,english,medium,Common English
BIG,,Having largeness of size; of much bulk or magnitude; of,english,medium,Common English
BIGAMY,,The offense of marrying one person when already legally,english,medium,Common English
BIGGER,,Compar. of Big.,english,medium,Common English
BIGGEST,,Superl. of Big.,english,medium,Common English
BIGHORN,,The Rocky Mountain sheep (Ovis / Caprovis montana).,english,medium,Common English
BIGOTRY,,The state of mind of a bigot; obstinate and unreasoning,english,medium,Common English
BIJOU,,A trinket; a jewel; -- a word applied to anything small and,english,medium,Common English
BILLET,,A small paper; a note; a short letter.,english,medium,Common English
HEDGES,,It is sometimes called a hand,english,medium,Common English
BINARY,,Compounded or consisting of two things or parts;,english,medium,Common English
BIOLOGY,,The science of life; that branch of knowledge which treats,english,medium,Common English
BIRDCAGE,,A cage for confining birds.,english,medium,Common English
BIRDIE,,A pretty or dear little bird; -- a pet name.,english,medium,Common English
BIRDING,,Birdcatching or fowling.,english,medium,Common English
BIRDMAN,,A fowler or birdcatcher.,english,medium,Common English
CURVED,,Clawlike point.,english,medium,Common English
BIRTHDAY,,The day in which any person is born; day of origin or,english,medium,Common English
BIRTHING,,Anything added to raise the sides of a ship.,english,medium,Common English
BISEXUAL,,Of both sexes; hermaphrodite; as a flower with stamens,english,medium,Common English
BISQUE,,Unglazed white porcelain.,english,medium,Common English
BITTER,,AA turn of the cable which is round the bitts.,english,medium,Common English
BIZARRE,,Odd in manner or appearance; fantastic; whimsical;,english,medium,Common English
BLABBER,,A tattler; a telltale.,english,medium,Common English
BLACKEN,,To make or render black.,english,medium,Common English
COIN,,A small piece of money made of metal.,english,medium,Common English
BLAND,,Mild; soft; gentle; smooth and soothing in manner; suave;,english,medium,Common English
BLANK,,Of a white or pale color; without color.,english,medium,Common English
BLARE,,To sound loudly and somewhat harshly.,english,medium,Common English
CALAMITY,,Which destroys or causes to fail; to,english,medium,Common English
DYNAMITE,,To blast rocks.,english,medium,Common English
BLAZE,,A stream of gas or vapor emitting light and heat in the,english,medium,Common English
BLAZER,,"A smart jacket, often part of a uniform.",english,medium,Common English
BLEAK,,Without color; pale; pallid.,english,medium,Common English
BLESS,,To make or pronounce holy; to consecrate,english,medium,Common English
BLIGHT,,To affect with blight; to blast; to prevent the growth,english,medium,Common English
BLOB,,Something blunt and round; a small drop or lump of something,english,medium,Common English
BLOCKAGE,,The act of blocking up; the state of being blocked up.,english,medium,Common English
BEGGARS,,To whim annually on the king's birthday were,english,medium,Common English
BLUNTLY,,In a blunt manner; coarsely; plainly; abruptly; without,english,medium,Common English
BLURRY,,Full of blurs; blurred.,english,medium,Common English
BLURT,,To utter suddenly and unadvisedly; to divulge,english,medium,Common English
BOAST,,To talk with excessive pride about achievements.,english,medium,Common English
BOATMAN,,A man who manages a boat; a rower of a boat.,english,medium,Common English
BODILY,,Having a body or material form; physical; corporeal;,english,medium,Common English
BOG,,A quagmire filled with decayed moss and other vegetable,english,medium,Common English
BOGEY,,A goblin; a bugbear. See Bogy.,english,medium,Common English
BOGUS,,Spurious; fictitious; sham; -- a cant term originally,english,medium,Common English
BOHEMIA,,A country of central Europe.,english,medium,Common English
BOLD,,Showing courage or confidence.,english,medium,Common English
BOLOGNA,,A city of Italy which has given its name to various,english,medium,Common English
BOLT,,A metal fastener used to secure a door.,english,medium,Common English
BOMB,,A great noise; a hollow sound.,english,medium,Common English
BOMBARD,,A piece of heavy ordnance formerly used for throwing,english,medium,Common English
WAYS,,Where one course consists,english,medium,Common English
BONDAGE,,The state of being bound; condition of being under,english,medium,Common English
BONDSMAN,,A slave; a villain; a serf; a bondman.,english,medium,Common English
BONITO,,A type of tuna-like fish.,english,medium,Common English
BONNET,,A headdress for men and boys; a cap.,english,medium,Common English
BONNY,,Attractive and healthy looking.,english,medium,Common English
BOOBY,,A dunce; a stupid fellow.,english,medium,Common English
BOOKMAN,,A studious man; a scholar.,english,medium,Common English
BOOKMARK,,Something placed in a book to guide in finding a,english,medium,Common English
BOOKSHOP,,A bookseller's shop.,english,medium,Common English
BOON,,A helpful gift or benefit.,english,medium,Common English
BOORISH,,Like a boor; clownish; uncultured; unmannerly.,english,medium,Common English
BOOST,,To increase or improve something.,english,medium,Common English
BOOZER,,One who boozes; a toper; a guzzler of alcoholic liquors; a,english,medium,Common English
BOOZY,,A little intoxicated; fuddled; stupid with liquor; bousy.,english,medium,Common English
BORROWER,,One who borrows.,english,medium,Common English
BOSH,,Nonsense or empty talk.,english,medium,Common English
BOSSY,,Ornamented with bosses; studded.,english,medium,Common English
BOTANIST,,One skilled in botany; one versed in the knowledge of,english,medium,Common English
BOTCH,,A swelling on the skin; a large ulcerous affection; a boil;,english,medium,Common English
BOTHER,,To annoy; to trouble; to worry; to perplex. See Pother.,english,medium,Common English
MAY,,Exceed the legal rate of interest. See,english,medium,Common English
BOUQUET,,A nosegay; a bunch of flowers.,english,medium,Common English
BOURBON,,A member of a family which has occupied several European,english,medium,Common English
BOURNE,,A stream or rivulet; a burn.,english,medium,Common English
BOUT,,A short period or round of activity.,english,medium,Common English
PENCIL,,For drawing circles. Its legs are often connected by,english,medium,Common English
BOWER,,One who bows or bends.,english,medium,Common English
BOWL,,A concave vessel of various forms (often approximately,english,medium,Common English
BOWMAN,,A man who uses a bow; an archer.,english,medium,Common English
BOXER,,One who packs boxes.,english,medium,Common English
BOYER,,A Flemish sloop with a castle at each end.,english,medium,Common English
BOYHOOD,,The state of being a boy; the time during which one is a,english,medium,Common English
BOYISH,,Resembling a boy in a manners or opinions; belonging to a,english,medium,Common English
BRACE,,That which holds anything tightly or supports it firmly; a,english,medium,Common English
BRACK,,An opening caused by the parting of any solid body; a crack,english,medium,Common English
BRACKEN,,A brake or fern.,english,medium,Common English
BRAHMIN,,A person of the highest or sacerdotal caste among the,english,medium,Common English
BRAINY,,Having an active or vigorous mind.,english,medium,Common English
THEME,,A branch vein; a branch road or line; a branch topic;,english,medium,Common English
BRAND,,A burning piece of wood; or a stick or piece of wood,english,medium,Common English
BRASH,,Hasty in temper; impetuous.,english,medium,Common English
BRAVADO,,Boastful and threatening behavior; a boastful menace.,english,medium,Common English
BRAVE,,Bold; courageous; daring; intrepid; -- opposed to,english,medium,Common English
BRAVELY,,In a brave manner; courageously; gallantly; valiantly;,english,medium,Common English
BRAVERY,,The quality of being brave; fearless; intrepidity.,english,medium,Common English
BRAVO,,A daring villain; a bandit; one who sets law at defiance; a,english,medium,Common English
BRAWL,,To quarrel noisily and outrageously.,english,medium,Common English
BRAWN,,A muscle; flesh.,english,medium,Common English
BREADTH,,Distance from side to side of any surface or thing;,english,medium,Common English
BREAK,,To strain apart; to sever by fracture; to divide with,english,medium,Common English
BREATHER,,One who breathes. Hence: (a) One who lives.(b) One who,english,medium,Common English
BREECH,,The lower part of the body behind; the buttocks.,english,medium,Common English
BREED,,To produce as offspring; to bring forth; to bear; to,english,medium,Common English
BRETHREN,,Pl. of Brother.,english,medium,Common English
BREW,,To boil or seethe; to cook.,english,medium,Common English
BREWER,,One who brews; one whose occupation is to prepare malt,english,medium,Common English
BREWERY,,A brewhouse; the building and apparatus where brewing is,english,medium,Common English
BRIBE,,A gift begged; a present.,english,medium,Common English
BRIBERY,,Robbery; extortion.,english,medium,Common English
FURNACE,,Etc.; -- usually called a bridge wall.,english,medium,Common English
BRIDLE,,The head gear with which a horse is governed and,english,medium,Common English
BRIEF,,Short in duration.,english,medium,Common English
BRIEFLY,,Concisely; in few words.,english,medium,Common English
BRIGHTEN,,To make bright or brighter; to make to shine; to increase,english,medium,Common English
BRIMMER,,A brimful bowl; a bumper.,english,medium,Common English
BRINE,,Water saturated or strongly impregnated with salt; pickle;,english,medium,Common English
BRING,,To convey to the place where the speaker is or is to be;,english,medium,Common English
BRINGER,,One who brings.,english,medium,Common English
BRISK,,Full of liveliness and activity; characterized by quickness,english,medium,Common English
BRISKET,,That part of the breast of an animal which extends from,english,medium,Common English
BRISTOL,,A seaport city in the west of England.,english,medium,Common English
BROADEN,,To grow broad; to become broader or wider.,english,medium,Common English
BROCHURE,,A printed and stitched book containing only a few,english,medium,Common English
BROKER,,One who transacts business for another; an agent.,english,medium,Common English
BROMIDE,,A compound of bromine with a positive radical.,english,medium,Common English
BROOK,,A natural stream of water smaller than a river or creek.,english,medium,Common English
BROOM,,A plant having twigs suitable for making brooms to sweep,english,medium,Common English
BROTHER,,A male person who has the same father and mother with,english,medium,Common English
BROWSER,,An animal that browses.,english,medium,Common English
BRUNETTE,,A girl or woman with a somewhat brown or dark complexion.,english,medium,Common English
BRUTE,,Not having sensation; senseless; inanimate; unconscious;,english,medium,Common English
BRYONY,,The common name of several cucurbitaceous plants of the,english,medium,Common English
BUB,,Strong malt liquor.,english,medium,Common English
BUBBLY,,Abounding in bubbles; bubbling.,english,medium,Common English
BUCK,,Lye or suds in which cloth is soaked in the operation of,english,medium,Common English
BUDDHISM,,The religion based upon the doctrine originally taught by,english,medium,Common English
BUDDHIST,,One who accepts the teachings of Buddhism.,english,medium,Common English
BUDGE,,To move off; to stir; to walk away.,english,medium,Common English
BUFFOON,,A man who makes a practice of amusing others by low,english,medium,Common English
TRICKS,,Etc.; a droll; a mimic; a harlequin; a clown; a,english,medium,Common English
BUG,,A bugbear; anything which terrifies.,english,medium,Common English
BUGGY,,Infested or abounding with bugs.,english,medium,Common English
BUGLE,,A sort of wild ox; a buffalo.,english,medium,Common English
BUGLER,,One who plays on a bugle.,english,medium,Common English
BULB,,A spheroidal body growing from a plant either above or below,english,medium,Common English
BULGE,,A rounded swelling or protrusion.,english,medium,Common English
BULKY,,Of great bulk or dimensions; of great size; large; thick;,english,medium,Common English
CALLED,,From the apparent incongruity between the dictatorial,english,medium,Common English
BULLDOZE,,To intimidate; to restrain or coerce by intimidation,english,medium,Common English
BULLION,,Uncoined gold or silver in the mass.,english,medium,Common English
BUNCHY,,Swelling out in bunches.,english,medium,Common English
BUNG,,The large stopper of the orifice in the bilge of a cask.,english,medium,Common English
BUNNY,,A great collection of ore without any vein coming into it or,english,medium,Common English
BURDEN,,That which is borne or carried; a load.,english,medium,Common English
BURG,,A fortified town.,english,medium,Common English
BURGLAR,,One guilty of the crime of burglary.,english,medium,Common English
FLANDERS,,Corresponding to mayor in England and the United,english,medium,Common English
BURGUNDY,,An old province of France (in the eastern central part).,english,medium,Common English
BURIAL,,A grave; a tomb; a place of sepulture.,english,medium,Common English
BURN,,To consume with fire; to reduce to ashes by the action of,english,medium,Common English
BURROW,,An incorporated town. See 1st Borough.,english,medium,Common English
TRAGEDY,,As distinguished from comedy.,english,medium,Common English
BUSTLE,,To move noisily; to be rudely active; to move in a way,english,medium,Common English
BUSY,,Engaged in some business; hard at work (either habitually or,english,medium,Common English
BUT,,Except with; unless with; without.,english,medium,Common English
CASING,,Like the strap hinge; also called butt,english,medium,Common English
BUY,,To get something by paying money.,english,medium,Common English
BUYER,,One who buys; a purchaser.,english,medium,Common English
BYE,,A thing not directly aimed at; something which is a secondary,english,medium,Common English
CABARET,,A tavern; a house where liquors are retailed.,english,medium,Common English
CABIN,,A cottage or small house; a hut.,english,medium,Common English
CABINET,,A hut; a cottage; a small house.,english,medium,Common English
CABOODLE,,The whole collection; the entire quantity or number; --,english,medium,Common English
CAD,,A person who stands at the door of an omnibus to open and shut,english,medium,Common English
CADAVER,,A dead human body; a corpse.,english,medium,Common English
CADE,,Bred by hand; domesticated; petted.,english,medium,Common English
CADENCE,,The act or state of declining or sinking.,english,medium,Common English
CADET,,The younger of two brothers; a younger brother or son; the,english,medium,Common English
CADRE,,A small trained group at the core of an organization.,english,medium,Common English
CAIRN,,A rounded or conical heap of stones erected by early,english,medium,Common English
CALCIUM,,An elementary substance; a metal which combined with,english,medium,Common English
CALIPH,,Successor or vicar; -- a title of the successors of,english,medium,Common English
CALLE,,A kind of head covering; a caul.,english,medium,Common English
CALLIOPE,,The Muse that presides over eloquence and heroic poetry;,english,medium,Common English
CALLOUS,,Hardened; indurated.,english,medium,Common English
CALMNESS,,The state of quality of being calm; quietness;,english,medium,Common English
CALORIE,,The unit of heat according to the French standard; the,english,medium,Common English
CAMEL,,A large ruminant used in Asia and Africa for carrying,english,medium,Common English
CAMPER,,One who lodges temporarily in a hut or camp.,english,medium,Common English
FORMS,,A can of tomatoes; an oil can; a,english,medium,Common English
CANAL,,A man-made waterway.,english,medium,Common English
CANDIED,,Preserved in or with sugar; incrusted with a candylike,english,medium,Common English
CANKER,,A corroding or sloughing ulcer; esp. a spreading gangrenous,english,medium,Common English
CANT,,A slope or tilt.,english,medium,Common English
CANTER,,A moderate and easy gallop adapted to pleasure riding.,english,medium,Common English
CANTO,,One of the chief divisions of a long poem; a book.,english,medium,Common English
CHIEF,,Formed by a perpendicular line from,english,medium,Common English
CANTOR,,A singer; esp. the leader of a church choir; a precentor.,english,medium,Common English
CANVASS,,To sift; to strain; to examine thoroughly; to scrutinize;,english,medium,Common English
CANYON,,The English form of the Spanish word Caon.,english,medium,Common English
CAPACITY,,The power of receiving or containing; extent of room or,english,medium,Common English
CAPELLA,,A brilliant star in the constellation Auriga.,english,medium,Common English
CAPER,,To leap or jump about in a sprightly manner; to cut,english,medium,Common English
CAPSULE,,A dry fruit or pod which is made up of several parts or,english,medium,Common English
CAPTION,,A caviling; a sophism.,english,medium,Common English
CARAMEL,,Burnt sugar; a brown or black porous substance obtained by,english,medium,Common English
CARAT,,The weight by which precious stones and pearls are weighed.,english,medium,Common English
CARBIDE,,A binary compound of carbon with some other element or,english,medium,Common English
CARDINAL,,Of fundamental importance; preeminent; superior; chief;,english,medium,Common English
CARE,,Attention given to someone or something.,english,medium,Common English
CAREER,,A race course: the ground run over.,english,medium,Common English
CAREFUL,,Full of care; anxious; solicitous.,english,medium,Common English
CARESS,,An act of endearment; any act or expression of affection;,english,medium,Common English
GLASSY,,Which covers only the nucleus and gills.,english,medium,Common English
CARMINE,,A rich red or crimson color with a shade of purple.,english,medium,Common English
CARNAGE,,Flesh of slain animals or men.,english,medium,Common English
CARNIVAL,,A festival celebrated with merriment and revelry in Roman,english,medium,Common English
CARP,,To talk; to speak; to prattle.,english,medium,Common English
CARRIAGE,,That which is carried; burden; baggage.,english,medium,Common English
CARRION,,The dead and putrefying body or flesh of an animal; flesh,english,medium,Common English
CARTEL,,An agreement between belligerents for the exchange of,english,medium,Common English
CARTMAN,,One who drives or uses a cart; a teamster; a carter.,english,medium,Common English
CASHEW,,A tree (Anacardium occidentale) of the same family which,english,medium,Common English
CASHIER,,One who has charge of money; a cash keeper; the officer,english,medium,Common English
CASINGS,,Dried dung of cattle used as fuel.,english,medium,Common English
CASINO,,A small country house.,english,medium,Common English
CASTE,,One of the hereditary classes into which the Hindoos are,english,medium,Common English
CASUALLY,,Without design; accidentally; fortuitously; by chance;,english,medium,Common English
CASUALTY,,That which comes without design or without being,english,medium,Common English
CATARACT,,A great fall of water over a precipice; a large,english,medium,Common English
CATEGORY,,One of the highest classes to which the objects of,english,medium,Common English
CATER,,A provider; a purveyor; a caterer.,english,medium,Common English
CATERER,,One who caters.,english,medium,Common English
CATHETER,,The name of various instruments for passing along mucous,english,medium,Common English
CATTY,,An East Indian Weight of 1 1/3 pounds.,english,medium,Common English
CAUSAL,,Relating to a cause or causes; inplying or containing a,english,medium,Common English
CAUSE,,That which produces or effects a result; that from which,english,medium,Common English
CAUTIOUS,,Attentive to examine probable effects and consequences of,english,medium,Common English
CAVALIER,,A military man serving on horseback; a knight.,english,medium,Common English
CAVALRY,,That part of military force which serves on horseback.,english,medium,Common English
CAVEAT,,A notice given by an interested party to some officer not,english,medium,Common English
CAYENNE,,Cayenne pepper.,english,medium,Common English
CAYMAN,,The south America alligator. See Alligator.,english,medium,Common English
CEASE,,To come to an end; to stop; to leave off or give over; to,english,medium,Common English
CEDAR,,The name of several evergreen trees. The wood is remarkable,english,medium,Common English
CELIBATE,,Celibate state; celibacy.,english,medium,Common English
CELLO,,A contraction for Violoncello.,english,medium,Common English
CEMETERY,,A place or ground set apart for the burial of the dead; a,english,medium,Common English
CENSOR,,One of two magistrates of Rome who took a register of the,english,medium,Common English
CENTRE,,To be placed in a center; to be central.,english,medium,Common English
CENTRAL,,Relating to the center; situated in or near the center or,english,medium,Common English
CERTAIN,,Assured in mind; having no doubts; free from suspicions,english,medium,Common English
CERTIFY,,To give cetain information to; to assure; to make,english,medium,Common English
CHAFF,,The glumes or husks of grains and grasses separated from the,english,medium,Common English
CHAIR,,A movable single seat with a back.,english,medium,Common English
CHALET,,A herdsman's hut in the mountains of Switzerland.,english,medium,Common English
CHAMP,,To bite with repeated action of the teeth so as to be,english,medium,Common English
CHAMPION,,To furnish with a champion; to attend or defend as,english,medium,Common English
CHANDLER,,A maker or seller of candles.,english,medium,Common English
CHANGER,,One who changes or alters the form of anything.,english,medium,Common English
CHANT,,To utter with a melodious voice; to sing.,english,medium,Common English
CHANTRY,,An endowment or foundation for the chanting of masses and,english,medium,Common English
CHAOTIC,,Resembling chaos; confused.,english,medium,Common English
CHAP,,To cause to open in slits or chinks; to split; to cause,english,medium,Common English
CHAPEL,,A subordinate place of worship,english,medium,Common English
CHAPMAN,,One who buys and sells; a merchant; a buyer or a seller.,english,medium,Common English
CHARADE,,A verbal or acted enigma based upon a word which has two,english,medium,Common English
CHARCOAL,,Impure carbon prepared from vegetable or animal,english,medium,Common English
TAXES,,Etc.; costs; expense incurred; -- usually in the plural.,english,medium,Common English
CHARITY,,Love; universal benevolence; good will.,english,medium,Common English
CHARM,,A melody; a song.,english,medium,Common English
CHASER,,A person or thing that pursues.,english,medium,Common English
CHASTITY,,The state of being chaste; purity of body; freedom from,english,medium,Common English
CHAT,,To talk in a friendly way.,english,medium,Common English
CHATEAU,,A castle or a fortress in France.,english,medium,Common English
TRINKETS,,A chatelaine chain.,english,medium,Common English
CHEAP,,A bargain; a purchase; cheapness.,english,medium,Common English
CHEAPLY,,At a small price; at a low value; in a common or,english,medium,Common English
CHEAT,,An act of deception or fraud; that which is the means of,english,medium,Common English
CHEATER,,One who cheats.,english,medium,Common English
CHECK,,A word of warning denoting that the king is in danger; such,english,medium,Common English
CHECKER,,One who checks.,english,medium,Common English
CHEEKY,,A Brazen-faced; impudent; bold.,english,medium,Common English
CHEER,,The face; the countenance or its expression.,english,medium,Common English
CHEERFUL,,Having or showing good spirits or joy; cheering; cheery;,english,medium,Common English
CHEF,,A chief of head person.,english,medium,Common English
CHEMIST,,A person versed in chemistry or given to chemical,english,medium,Common English
CHERISH,,To treat with tenderness and affection; to nurture with,english,medium,Common English
LIQUIDS,,The steam chest of an engine; the wind chest of an,english,medium,Common English
CHEW,,To bite and grind with the teeth; to masticate.,english,medium,Common English
CHIC,,Good form; style.,english,medium,Common English
CHICORY,,A branching perennial plant (Cichorium Intybus) with,english,medium,Common English
CHIDE,,To rebuke; to reprove; to scold; to find fault,english,medium,Common English
CHILI,,A kind of red pepper. See Capsicum,english,medium,Common English
CHILL,,A moderate but disagreeable degree of cold; a disagreeable,english,medium,Common English
CHILLY,,Moderately cold; cold and raw or damp so as to cause,english,medium,Common English
CHIMNEY,,A fireplace or hearth.,english,medium,Common English
CHINA,,A country in Eastern Asia.,english,medium,Common English
CHINOOK,,One of a tribe of North American Indians now living in the,english,medium,Common English
CHIPPER,,To chirp or chirrup.,english,medium,Common English
CHIPS,,A ship's carpenter.,english,medium,Common English
CHIT,,The embryo or the growing bud of a plant; a shoot; a sprout;,english,medium,Common English
CHITCHAT,,Familiar or trifling talk; prattle.,english,medium,Common English
CHITTY,,Full of chits or sprouts.,english,medium,Common English
CHIVALRY,,A body or order of cavaliers or knights serving on,english,medium,Common English
CHLORIDE,,A binary compound of chlorine with another element or,english,medium,Common English
CHOICE,,Act of choosing; the voluntary act of selecting or,english,medium,Common English
CHOLERA,,One of several diseases affecting the digestive and,english,medium,Common English
CHOMP,,To chew loudly and greedily; to champ.,english,medium,Common English
CHOOSE,,To make choice of; to select; to take by way of,english,medium,Common English
CHOPPY,,Full of cracks.,english,medium,Common English
CHRISTEN,,To baptize and give a Christian name to.,english,medium,Common English
CHROMIUM,,A comparatively rare element occurring most abundantly in,english,medium,Common English
CHRONIC,,Relating to time; according to time.,english,medium,Common English
CHUCK,,To make a noise resembling that of a hen when she calls,english,medium,Common English
CHUNKY,,Short and thick.,english,medium,Common English
CICERO,,Pica type; -- so called by French printers.,english,medium,Common English
CIRCUS,,A level oblong space surrounded on three sides by seats of,english,medium,Common English
CIRQUE,,A circle; a circus; a circular erection or arrangement of,english,medium,Common English
CIT,,A citizen; an inhabitant of a city; a pert townsman; -- used,english,medium,Common English
CITATION,,An official summons or notice given to a person to,english,medium,Common English
CITIZEN,,One who enjoys the freedom and privileges of a city; a,english,medium,Common English
CIVILIAN,,One skilled in the civil law.,english,medium,Common English
CLAIMANT,,One who claims; one who asserts a right or title; a,english,medium,Common English
CLAMOR,,A great outcry or vociferation; loud and continued shouting,english,medium,Common English
CLAMP,,Something rigid that holds fast or binds things together; a,english,medium,Common English
CLANG,,To strike together so as to produce a ringing metallic,english,medium,Common English
CLAPPER,,A person who claps.,english,medium,Common English
CLAPTRAP,,A contrivance for clapping in theaters.,english,medium,Common English
CLARE,,A nun of the order of St. Clare.,english,medium,Common English
CLARIFY,,To make clear or bright by freeing from feculent,english,medium,Common English
CLARITY,,Clearness; brightness; splendor.,english,medium,Common English
CLARY,,To make a loud or shrill noise.,english,medium,Common English
CLASH,,To make a noise by striking against something; to dash,english,medium,Common English
CLASSIFY,,To distribute into classes; to arrange according to a,english,medium,Common English
CLATTER,,To make a rattling sound by striking hard bodies,english,medium,Common English
CLAYMORE,,A large two-handed sword used formerly by the Scottish,english,medium,Common English
CLEANLY,,Habitually clean; pure; innocent.,english,medium,Common English
CLEAVE,,To adhere closely; to stick; to hold fast; to cling.,english,medium,Common English
CLEM,,To starve; to famish.,english,medium,Common English
CLIMBERS,,Which greatly enlarge in the fruit;,english,medium,Common English
CLEMENT,,Mild in temper and disposition; merciful; compassionate.,english,medium,Common English
CLERK,,A clergyman or ecclesiastic.,english,medium,Common English
CONTACT,,Clicking sound is produced. The sounds are,english,medium,Common English
CLICKER,,One who stands before a shop door to invite people to buy.,english,medium,Common English
CLIENT,,A citizen who put himself under the protection of a man of,english,medium,Common English
CLINCH,,To hold firmly; to hold fast by grasping or embracing,english,medium,Common English
CLINGY,,Apt to cling; adhesive.,english,medium,Common English
CLINIC,,One confined to the bed by sickness.,english,medium,Common English
CLIQUE,,A narrow circle of persons associated by common,english,medium,Common English
CLOISTER,,An inclosed place.,english,medium,Common English
CLOSET,,A small room or apartment for retirement; a room for,english,medium,Common English
CLOTHE,,To put garments on; to cover with clothing; to dress.,english,medium,Common English
CLOUGH,,A cleft in a hill; a ravine; a narrow valley.,english,medium,Common English
CLOUT,,A cloth; a piece of cloth or leather; a patch; a rag.,english,medium,Common English
CLOWN,,A man of coarse nature and manners; an awkward fellow; an,english,medium,Common English
CLUMP,,An unshaped piece or mass of wood or other substance.,english,medium,Common English
CLUMPS,,A game in which questions are asked for the purpose of,english,medium,Common English
CLUSTER,,A number of things of the same kind growing together; a,english,medium,Common English
COACHMAN,,A man whose business is to drive a coach or carriage.,english,medium,Common English
SKYLIGHT,,To prevent water from running,english,medium,Common English
COAT,,An outer garment fitting the upper part of the body;,english,medium,Common English
COBBLE,,A fishing boat. See Coble.,english,medium,Common English
COBBLER,,A mender of shoes.,english,medium,Common English
COBWEB,,The network spread by a spider to catch its prey.,english,medium,Common English
COCA,,A South American shrub whose leaves contain cocaine.,english,medium,Common English
COCCYX,,The end of the vertebral column beyond the sacrum in man,english,medium,Common English
COCKER,,To treat with too great tenderness; to fondle; to,english,medium,Common English
COCKNEY,,An effeminate person; a spoilt child.,english,medium,Common English
COCOON,,An oblong case in which the silkworm lies in its chrysalis,english,medium,Common English
CODEX,,A book; a manuscript.,english,medium,Common English
CODFISH,,A kind of fish. Same as Cod.,english,medium,Common English
COEXIST,,To exist at the same time; -- sometimes followed by,english,medium,Common English
COFFEE,,The beans or berries (pyrenes) obtained from the drupes,english,medium,Common English
COFFIN,,The case in which a dead human body is inclosed for burial.,english,medium,Common English
COHERENT,,Sticking together; cleaving; as the parts of bodies;,english,medium,Common English
COHESION,,The act or state of sticking together; close union.,english,medium,Common English
COHORT,,A body of about five or six hundred soldiers; the tenth,english,medium,Common English
COKES,,A simpleton; a gull; a dupe.,english,medium,Common English
COL,,A short ridge connecting two higher elevations or mountains;,english,medium,Common English
COLESLAW,,A salad made of sliced cabbage.,english,medium,Common English
COLIN,,A bobwhite or American quail.,english,medium,Common English
COLLIDE,,To strike or dash against each other; to come into,english,medium,Common English
COLLIER,,One engaged in the business of digging mineral coal or,english,medium,Common English
COLLIN,,A very pure form of gelatin.,english,medium,Common English
COLON,,Part of the large intestine.,english,medium,Common English
COLONEL,,The chief officer of a regiment; an officer ranking next,english,medium,Common English
COLONIZE,,To plant or establish a colony or colonies in; to,english,medium,Common English
COLONY,,A company of people transplanted from their mother country,english,medium,Common English
STAINING,,Etc.; to dye; to tinge; to paint; to stain.,english,medium,Common English
COLOSSUS,,A statue of gigantic size. The name was especially,english,medium,Common English
COLUMBIA,,America; the United States; -- a poetical appellation,english,medium,Common English
COMA,,A state of profound insensibility from which it is difficult,english,medium,Common English
COMBINE,,To unite or join; to link closely together; to bring,english,medium,Common English
COMEDIAN,,An actor or player in comedy.,english,medium,Common English
COMELY,,Pleasing or agreeable to the sight; well-proportioned;,english,medium,Common English
COMES,,The answer to the theme (dux) in a fugue.,english,medium,Common English
COMET,,A member of the solar system which usually moves in an,english,medium,Common English
COMFORT,,To make strong; to invigorate; to fortify; to,english,medium,Common English
COMICAL,,Relating to comedy.,english,medium,Common English
COMMENCE,,To have a beginning or origin; to originate; to start;,english,medium,Common English
COMMERCE,,The exchange or buying and selling of commodities; esp.,english,medium,Common English
COMMIT,,To give in trust; to put into charge or keeping; to,english,medium,Common English
COMMONER,,One of the common people; one having no rank of nobility.,english,medium,Common English
COMMONLY,,Usually; generally; ordinarily; frequently; for the,english,medium,Common English
COMMUNE,,To converse together with sympathy and confidence; to,english,medium,Common English
COMMUTE,,To exchange; to put or substitute something else in,english,medium,Common English
COMPACT,,Joined or held together; leagued; confederated.,english,medium,Common English
COMPASS,,A passing round; circuit; circuitous course.,english,medium,Common English
COMPETE,,To contend emulously; to seek or strive for the same,english,medium,Common English
RIVALRY,,Tradesmen compete with one,english,medium,Common English
COMPILE,,To put together; to construct; to build.,english,medium,Common English
COMPLETE,,Filled up; with no part or element lacking; free from,english,medium,Common English
COMPOSE,,To form by putting together two or more things or,english,medium,Common English
COMPOST,,A mixture; a compound.,english,medium,Common English
COMPOTE,,A preparation of fruit in sirup in such a manner as to,english,medium,Common English
COMPRESS,,To press or squeeze together; to force into a narrower,english,medium,Common English
COMPRISE,,To comprehend; to include.,english,medium,Common English
COMPUTE,,To determine calculation; to reckon; to count.,english,medium,Common English
COMPUTER,,One who computes.,english,medium,Common English
CON,,Against the affirmative side; in opposition; on the negative,english,medium,Common English
CONCEAL,,To hide or withdraw from observation; to cover; to,english,medium,Common English
CONCEIVE,,To receive into the womb and begin to breed; to begin,english,medium,Common English
CONCEPT,,An abstract general conception; a notion; a universal.,english,medium,Common English
CONCERN,,To relate or belong to; to have reference to or,english,medium,Common English
CONCERTO,,A composition (usually in symphonic form with three,english,medium,Common English
CONCH,,A name applied to various marine univalve shells; esp. to,english,medium,Common English
CONCHA,,The plain semidome of an apse; sometimes used for the,english,medium,Common English
CONCISE,,Expressing much in a few words; condensed; brief and,english,medium,Common English
CONCLAVE,,The set of apartments within which the cardinals of the,english,medium,Common English
CONCLUDE,,To shut up; to inclose.,english,medium,Common English
CONCOCT,,To digest; to convert into nourishment by the organs of,english,medium,Common English
CONCORD,,A state of agreement; harmony; union.,english,medium,Common English
CONCUR,,To run together; to meet.,english,medium,Common English
CONDONE,,To pardon; to forgive.,english,medium,Common English
CONDOR,,A very large bird of the Vulture family (Sarcorhamphus,english,medium,Common English
CONE,,A solid shape with a circular base tapering to a point.,english,medium,Common English
CONEY,,A rabbit. See Cony.,english,medium,Common English
CONFER,,To bring together for comparison; to compare.,english,medium,Common English
CONFESS,,To make acknowledgment or avowal in a matter pertaining,english,medium,Common English
CONFIDE,,To put faith (in); to repose confidence; to trust; --,english,medium,Common English
CONFINE,,To restrain within limits; to restrict; to limit; to,english,medium,Common English
CONFIRM,,To make firm or firmer; to add strength to; to,english,medium,Common English
CONFRONT,,To stand facing or in front of; to face; esp. to face,english,medium,Common English
CONFUSE,,Mixed; confounded.,english,medium,Common English
CONG,,An abbreviation of Congius.,english,medium,Common English
CONJUGAL,,Belonging to marriage; suitable or appropriate to the,english,medium,Common English
CONJURE,,To call on or summon by a sacred name or in solemn,english,medium,Common English
CONNY,,Brave; fine; canny.,english,medium,Common English
CONQUER,,To gain or acquire by force; to take possession of by,english,medium,Common English
CONSENT,,To agree in opinion or sentiment; to be of the same,english,medium,Common English
CONSERVE,,To keep in a safe or sound state; to save; to,english,medium,Common English
CONSOLE,,To cheer in distress or depression; to alleviate the,english,medium,Common English
CONSORT,,One who shares the lot of another; a companion; a partner;,english,medium,Common English
CONSTANT,,Firm; solid; fixed; immovable; -- opposed to fluid.,english,medium,Common English
CONSUL,,One of the two chief magistrates of the republic.,english,medium,Common English
CONSULT,,To seek the opinion or advice of another; to take,english,medium,Common English
CONTAIN,,To hold within fixed limits; to comprise; to include;,english,medium,Common English
CONTEMPT,,The act of contemning or despising; the feeling with,english,medium,Common English
CONTEND,,To strive in opposition; to contest; to dispute; to,english,medium,Common English
CONTEXT,,Knit or woven together; close; firm.,english,medium,Common English
CONTINUE,,To remain in a given place or condition; to remain in,english,medium,Common English
EVENTS,,Etc.; extended; protracted; uninterrupted;,english,medium,Common English
CONTRARY,,Opposite; in an opposite direction; in opposition;,english,medium,Common English
CONTRITE,,Thoroughly bruised or broken.,english,medium,Common English
SUMMONS,,As a refusal to appear in,english,medium,Common English
CONVENE,,To come together; to meet; to unite.,english,medium,Common English
CONVENT,,A coming together; a meeting.,english,medium,Common English
CONVERGE,,To tend to one point; to incline and approach nearer,english,medium,Common English
CONVERT,,To cause to turn; to turn.,english,medium,Common English
CONVEX,,Rising or swelling into a spherical or rounded form;,english,medium,Common English
CONVEY,,To carry from one place to another; to bear or,english,medium,Common English
CONVEYOR,,A contrivance for carrying objects from place to place;,english,medium,Common English
CONVICT,,Proved or found guilty; convicted.,english,medium,Common English
CONVINCE,,To overpower; to overcome; to subdue or master.,english,medium,Common English
COOK,,To make the noise of the cuckoo.,english,medium,Common English
COOKBOOK,,A book of directions and receipts for cooking; a cookery,english,medium,Common English
COOLNESS,,The state of being cool; a moderate degree of cold; a,english,medium,Common English
COOP,,A barrel or cask for liquor.,english,medium,Common English
COOTER,,A fresh-water tortoise (Pseudemus concinna) of Florida.,english,medium,Common English
COPE,,A covering for the head.,english,medium,Common English
COPIER,,One who copies; one who writes or transcribes from an,english,medium,Common English
COPIOUS,,Large in quantity or amount; plentiful; abundant;,english,medium,Common English
COPPED,,Rising to a point or head; conical; pointed; crested.,english,medium,Common English
COPULATE,,Joined; associated; coupled.,english,medium,Common English
COPY,,An abundance or plenty of anything.,english,medium,Common English
PLAYS,,As well as in books.,english,medium,Common English
COR,,A Hebrew measure of capacity; a homer.,english,medium,Common English
CORDIAL,,Proceeding from the heart.,english,medium,Common English
CORDON,,A cord or ribbon bestowed or borne as a badge of honor; a,english,medium,Common English
CORINNE,,The common gazelle (Gazella dorcas). See Gazelle.,english,medium,Common English
CORNEA,,The transparent part of the coat of the eyeball which,english,medium,Common English
COROLLA,,The inner envelope of a flower; the part which surrounds,english,medium,Common English
CORONA,,A crown or garland bestowed among the Romans as a reward,english,medium,Common English
CORONER,,An officer of the peace whose principal duty is to,english,medium,Common English
RELATION,,To some other person or thing.,english,medium,Common English
CORRIDOR,,A gallery or passageway leading to several apartments of,english,medium,Common English
CORRUPT,,Changed from a sound to a putrid state; spoiled; tainted;,english,medium,Common English
CORSAIR,,A pirate; one who cruises about without authorization from,english,medium,Common English
COSMOS,,The universe or universality of created things; -- so,english,medium,Common English
COSTA,,A rib of an animal or a human being.,english,medium,Common English
COT,,A small house; a cottage or hut.,english,medium,Common English
COTE,,A cottage or hut.,english,medium,Common English
COTTAGE,,A small house; a cot; a hut.,english,medium,Common English
COUCH,,To lay upon a bed or other resting place.,english,medium,Common English
COUNSEL,,Interchange of opinions; mutual advising; consultation.,english,medium,Common English
FAVOR,,Support; aid; encouragement.,english,medium,Common English
ANSWERS,,To another; a copy; a duplicate; a facsimile.,english,medium,Common English
COUNTY,,An earldom; the domain of a count or earl.,english,medium,Common English
COUP,,A sudden stroke; an unexpected device or stratagem; -- a term,english,medium,Common English
COUPLET,,Two taken together; a pair or couple; especially two lines,english,medium,Common English
COURIER,,A messenger sent with haste to convey letters or,english,medium,Common English
COURSE,,The act of moving from one point to another; progress;,english,medium,Common English
COURTIER,,One who is in attendance at the court of a prince; one,english,medium,Common English
COUSIN,,One collaterally related more remotely than a brother or,english,medium,Common English
COVENT,,A convent or monastery.,english,medium,Common English
COVER,,To overspread the surface of (one thing) with another;,english,medium,Common English
COVERT,,Covered over; private; hid; secret; disguised.,english,medium,Common English
COVERTLY,,Secretly; in private; insidiously.,english,medium,Common English
COVET,,To wish for with eagerness; to desire possession of; --,english,medium,Common English
COWAN,,One who works as a mason without having served a regular,english,medium,Common English
COWARD,,Borne in the escutcheon with his tail doubled between his,english,medium,Common English
COWARDLY,,Wanting courage; basely or weakly timid or fearful;,english,medium,Common English
COWER,,To stoop by bending the knees; to crouch; to squat;,english,medium,Common English
COWL,,A monk's hood; -- usually attached to the gown. The name was,english,medium,Common English
COWORKER,,One who works with another; a co/perator.,english,medium,Common English
COX,,A coxcomb; a simpleton; a gull.,english,medium,Common English
COZ,,A contraction of cousin.,english,medium,Common English
COZY,,Snug; comfortable; easy; contented.,english,medium,Common English
CRAFT,,Strength; might; secret power.,english,medium,Common English
CRAMP,,That which confines or contracts; a restraint; a shackle; a,english,medium,Common English
SKULL,,The bony structure of the head protecting the brain.,english,medium,Common English
CRANKY,,Full of spirit; crank.,english,medium,Common English
CRAPS,,A gambling game with dice.,english,medium,Common English
CRASS,,Gross; thick; dense; coarse; not elaborated or refined.,english,medium,Common English
CRAVE,,To ask with earnestness or importunity; to ask with,english,medium,Common English
CRAVEN,,Cowardly; fainthearted; spiritless.,english,medium,Common English
CRAZY,,Characterized by weakness or feebleness; decrepit; broken;,english,medium,Common English
CREASY,,Full of creases.,english,medium,Common English
CREATE,,Created; composed; begotten.,english,medium,Common English
CREDENCE,,Reliance of the mind on evidence of facts derived from,english,medium,Common English
CREDIBLE,,Capable of being credited or believed; worthy of belief;,english,medium,Common English
CREEPY,,Crawly; having or producing a sensation like that caused by,english,medium,Common English
CREOLE,,One born of European parents in the American colonies of,english,medium,Common English
CRETIN,,One afflicted with cretinism.,english,medium,Common English
CREVICE,,A narrow opening resulting from a split or crack or the,english,medium,Common English
CRIB,,A manger or rack; a feeding place for animals.,english,medium,Common English
CRIER,,One who cries; one who makes proclamation.,english,medium,Common English
CRIMINAL,,Guilty of crime or sin.,english,medium,Common English
CRIMP,,To fold or plait in regular undulation in such a way that,english,medium,Common English
CRINGE,,To draw one's self together as in fear or servility; to,english,medium,Common English
CRISIS,,The point of time when it is to be decided whether any,english,medium,Common English
CRISPIN,,A shoemaker; -- jocularly so called from the patron saint,english,medium,Common English
CRITIC,,One skilled in judging of the merits of literary or,english,medium,Common English
CROQUET,,An open-air game in which two or more players endeavor to,english,medium,Common English
SUIT,,Respecting the matter in question in that,english,medium,Common English
CROUCH,,To bend down; to stoop low; to lie close to the ground,english,medium,Common English
CROUPIER,,One who presides at a gaming table and collects the,english,medium,Common English
CROWDER,,One who plays on a crowd; a fiddler.,english,medium,Common English
CRUCIFIX,,A representation in art of the figure of Christ upon the,english,medium,Common English
CRUCIFY,,To fasten to a cross; to put to death by nailing the,english,medium,Common English
CRUDE,,In its natural state; not cooked or prepared by fire or,english,medium,Common English
CRUELTY,,The attribute or quality of being cruel; a disposition to,english,medium,Common English
CRUMBLE,,To break into small pieces; to cause to fall in pieces.,english,medium,Common English
CRUMMY,,Full of crumb or crumbs.,english,medium,Common English
CRUMPLE,,To draw or press into wrinkles or folds; to crush,english,medium,Common English
CRUNCH,,To chew with force and noise; to craunch.,english,medium,Common English
CRUSADE,,Any one of the military expeditions undertaken by,english,medium,Common English
CRUST,,The hard external coat or covering of anything; the hard,english,medium,Common English
CRUX,,Anything that is very puzzling or difficult to explain.,english,medium,Common English
CRY,,To make a loud call or cry; to call or exclaim vehemently,english,medium,Common English
CRYER,,The female of the hawk; a falcon-gentil.,english,medium,Common English
CRYSTAL,,The regular form which a substance tends to assume in,english,medium,Common English
CUCKOLD,,A man whose wife is unfaithful; the husband of an,english,medium,Common English
HOOD,,"A covering for the head, often attached to a coat.",english,medium,Common English
CUDDLE,,To lie close or snug; to crouch; to nestle.,english,medium,Common English
CULPABLE,,Deserving censure; worthy of blame; faulty; immoral;,english,medium,Common English
CULT,,Attentive care; homage; worship.,english,medium,Common English
RAILROAD,,Etc.; a small bridge.,english,medium,Common English
CUNNING,,Knowing; skillful; dexterous.,english,medium,Common English
CURABLE,,Capable of being cured; admitting remedy.,english,medium,Common English
CURIOUS,,Difficult to please or satisfy; solicitous to be correct;,english,medium,Common English
CURLY,,Curling or tending to curl; having curls; full of ripples;,english,medium,Common English
CURRENCY,,A continued or uninterrupted course or flow like that of,english,medium,Common English
CURRENT,,Running or moving rapidly.,english,medium,Common English
CURSE,,To call upon divine or supernatural power to send injury,english,medium,Common English
CURSOR,,Any part of a mathematical instrument that moves or slides,english,medium,Common English
CURSORY,,Running about; not stationary.,english,medium,Common English
CURT,,Characterized by excessive brevity; short; rudely concise;,english,medium,Common English
THEATERS,,A movable screen for concealing the stage.,english,medium,Common English
CUSTOMER,,One who collect customs; a toll gatherer.,english,medium,Common English
CUTE,,Clever; sharp; shrewd; ingenious; cunning.,english,medium,Common English
CUTENESS,,Acuteness; cunning.,english,medium,Common English
CYANIDE,,A compound formed by the union of cyanogen with an element,english,medium,Common English
CYCLE,,An imaginary circle or orbit in the heavens; one of the,english,medium,Common English
EXTENT,,A man of cyclopedic knowledge.,english,medium,Common English
CYLINDER,,A solid body which may be generated by the rotation of a,english,medium,Common English
CYMBAL,,A musical instrument used by the ancients. It is supposed,english,medium,Common English
CYNICISM,,The doctrine of the Cynics; the quality of being cynical;,english,medium,Common English
CZAR,,A king; a chief; the title of the emperor of Russia.,english,medium,Common English
CZECH,,One of the Czechs.,english,medium,Common English
CZECHS,,The most westerly branch of the great Slavic family of,english,medium,Common English
DAB,,A skillful hand; a dabster; an expert.,english,medium,Common English
DABBLE,,To wet by little dips or strokes; to spatter; to,english,medium,Common English
DAD,,Father; -- a word sometimes used by children.,english,medium,Common English
DADDY,,Diminutive of Dad.,english,medium,Common English
DAGGER,,A short weapon used for stabbing. This is the general term:,english,medium,Common English
DAINTY,,Value; estimation; the gratification or pleasure taken in,english,medium,Common English
TWELVE,,A daker of hides consisted of ten,english,medium,Common English
DALE,,A low place between hills; a vale or valley.,english,medium,Common English
DAMASCUS,,A city of Syria.,english,medium,Common English
DAMP,,Moisture; humidity; fog; fogginess; vapor.,english,medium,Common English
DAMPEN,,To make damp or moist; to make slightly wet.,english,medium,Common English
DAMPER,,That which damps or checks; as: (a) A valve or movable,english,medium,Common English
DANCER,,One who dances or who practices dancing.,english,medium,Common English
DANDER,,Dandruff or scurf on the head.,english,medium,Common English
DANDY,,One who affects special finery or gives undue attention to,english,medium,Common English
DANGER,,Authority; jurisdiction; control.,english,medium,Common English
DANIEL,,A Hebrew prophet distinguished for sagacity and ripeness of,english,medium,Common English
DAPPER,,Little and active; spruce; trim; smart; neat in dress or,english,medium,Common English
DARE,,To have the courage to do something.,english,medium,Common English
DARKNESS,,The absence of light; blackness; obscurity; gloom.,english,medium,Common English
DARLING,,One dearly beloved; a favorite.,english,medium,Common English
REDUCE,,By throwing in something of an inferior quality;,english,medium,Common English
DATUM,,Something given or admitted; a fact or principle granted;,english,medium,Common English
DAWDLE,,To waste time in trifling employment; to trifle; to,english,medium,Common English
DAWN,,To begin to grow light in the morning; to grow light; to,english,medium,Common English
DAYBREAK,,The time of the first appearance of light in the morning.,english,medium,Common English
DAYDREAM,,A vain fancy speculation; a reverie; a castle in the air;,english,medium,Common English
DAYLIGHT,,The light of day as opposed to the darkness of night; the,english,medium,Common English
DAZZLE,,To overpower with light; to confuse the sight of by,english,medium,Common English
DEACON,,An officer in Christian churches appointed to perform,english,medium,Common English
DEAD,,Deprived of life; -- opposed to alive and living; reduced to,english,medium,Common English
DEADBEAT,,Making a beat without recoil; giving indications by a,english,medium,Common English
DEADLY,,Capable of causing death; mortal; fatal; destructive;,english,medium,Common English
DEADWOOD,,A mass of timbers built into the bow and stern of a,english,medium,Common English
DEAFNESS,,Incapacity of perceiving sounds; the state of the organs,english,medium,Common English
DEAN,,A dignitary or presiding officer in certain ecclesiastical,english,medium,Common English
DEAR,,Bearing a high price; high-priced; costly; expensive.,english,medium,Common English
DEARLY,,In a dear manner; with affection; heartily; earnestly;,english,medium,Common English
DEARY,,A dear; a darling.,english,medium,Common English
DEATHLY,,Deadly; fatal; mortal; destructive.,english,medium,Common English
DEBACLE,,A breaking or bursting forth; a violent rush or flood of,english,medium,Common English
DEBATE,,To engage in combat for; to strive for.,english,medium,Common English
DEBTOR,,One who owes a debt; one who is indebted; -- correlative to,english,medium,Common English
DECADENT,,Decaying; deteriorating.,english,medium,Common English
DECEDENT,,Removing; departing.,english,medium,Common English
DECEIT,,An attempt or disposition to deceive or lead into error;,english,medium,Common English
DECEIVER,,One who deceives; one who leads into error; a cheat; an,english,medium,Common English
DECIDE,,To cut off; to separate.,english,medium,Common English
STAGES,,Deciduous trees; the deciduous membrane.,english,medium,Common English
DECIMATE,,To take the tenth part of; to tithe.,english,medium,Common English
DECIPHER,,To translate from secret characters or ciphers into,english,medium,Common English
DECORUM,,Propriety of manner or conduct; grace arising from,english,medium,Common English
DECOY,,To lead into danger by artifice; to lure into a net or,english,medium,Common English
DECREPIT,,Broken down with age; wasted and enfeebled by the,english,medium,Common English
DEDICATE,,Dedicated; set apart; devoted; consecrated.,english,medium,Common English
DEDUCT,,To lead forth or out.,english,medium,Common English
DEEM,,To decide; to judge; to sentence; to condemn.,english,medium,Common English
DEEPEN,,To make deep or deeper; to increase the depth of; to,english,medium,Common English
DEFAME,,To harm or destroy the good fame or reputation of; to,english,medium,Common English
DEFAULT,,A failing or failure; omission of that which ought to be,english,medium,Common English
DEFEAT,,To undo; to disfigure; to destroy.,english,medium,Common English
DEFECT,,Want or absence of something necessary for completeness or,english,medium,Common English
DEFEND,,To ward or fend off; to drive back or away; to repel.,english,medium,Common English
DEFER,,To put off; to postpone to a future time; to delay the,english,medium,Common English
DEFICIT,,Deficiency in amount or quality; a falling short; lack;,english,medium,Common English
DEFINE,,To fix the bounds of; to bring to a termination; to end.,english,medium,Common English
DEFINITE,,Having certain or distinct; determinate in extent or,english,medium,Common English
DEFLATE,,To reduce from an inflated condition.,english,medium,Common English
LINE,,Course or direction; to swerve.,english,medium,Common English
DEFT,,Apt; fit; dexterous; clever; handy; spruce; neat.,english,medium,Common English
DEFUNCT,,Having finished the course of life; dead; deceased.,english,medium,Common English
DEFUSE,,To disorder; to make shapeless.,english,medium,Common English
DEGRADE,,To reduce from a higher to a lower rank or degree; to,english,medium,Common English
DEITY,,The collection of attributes which make up the nature of a,english,medium,Common English
DELAY,,A putting off or deferring; procrastination; lingering,english,medium,Common English
DELEGATE,,Any one sent and empowered to act for another; one,english,medium,Common English
DELICATE,,Addicted to pleasure; luxurious; voluptuous; alluring.,english,medium,Common English
DELIGHT,,A high degree of gratification of mind; a high- wrought,english,medium,Common English
DELIVER,,To set free from restraint; to set at liberty; to,english,medium,Common English
DELIVERY,,The act of delivering from restraint; rescue; release;,english,medium,Common English
DELUDE,,To lead from truth or into error; to mislead the mind or,english,medium,Common English
DELUGE,,A washing away; an overflowing of the land by water; an,english,medium,Common English
DELUSION,,The act of deluding; deception; a misleading of the mind.,english,medium,Common English
DELVE,,To dig; to open (the ground) as with a spade.,english,medium,Common English
DEMEAN,,To manage; to conduct; to treat.,english,medium,Common English
DEMEANOR,,Management; treatment; conduct.,english,medium,Common English
DEMENTED,,Insane; mad; of unsound mind.,english,medium,Common English
DEMENTIA,,Insanity; madness; esp. that form which consists in,english,medium,Common English
DEMISE,,A person's death or the end of something.,english,medium,Common English
DEMOLISH,,To throw or pull down; to raze; to destroy the fabric,english,medium,Common English
DEMURE,,Of sober or serious mien; composed and decorous in bearing;,english,medium,Common English
DENOTE,,To mark out plainly; to signify by a visible sign; to,english,medium,Common English
DENOUNCE,,To make known in a solemn or official manner; to,english,medium,Common English
DENT,,A stroke; a blow.,english,medium,Common English
DENY,,To declare not to be true; to gainsay; to contradict; --,english,medium,Common English
DEPART,,To part; to divide; to separate.,english,medium,Common English
DEPEND,,To hang down; to be sustained by being fastened or,english,medium,Common English
DEPLORE,,To feel or to express deep and poignant grief for; to,english,medium,Common English
DEPLOY,,To open out; to unfold; to spread out (a body of,english,medium,Common English
DEPORT,,To transport; to carry away; to exile; to send into,english,medium,Common English
DEPOSE,,To lay down; to divest one's self of; to lay aside.,english,medium,Common English
DEPOSIT,,To lay down; to place; to put; to let fall or throw down,english,medium,Common English
DEPOT,,A place of deposit for the storing of goods; a warehouse; a,english,medium,Common English
DEPRESS,,To press down; to cause to sink; to let fall; to lower;,english,medium,Common English
DEPRIVE,,To take away; to put an end; to destroy.,english,medium,Common English
DEPTH,,The quality of being deep; deepness; perpendicular,english,medium,Common English
DERELICT,,Given up or forsaken by the natural owner or guardian;,english,medium,Common English
TRACED,,Income is derivable from various,english,medium,Common English
DESCEND,,To pass from a higher to a lower place; to move,english,medium,Common English
DESCRIBE,,To represent by drawing; to draw a plan of; to,english,medium,Common English
DESIGN,,To draw preliminary outline or main features of; to sketch,english,medium,Common English
DESIRE,,To long for; to wish for earnestly; to covet.,english,medium,Common English
DESIST,,To cease to proceed or act; to stop; to forbear; --,english,medium,Common English
DESOLATE,,Destitute or deprived of inhabitants; deserted;,english,medium,Common English
DESPAIR,,To be hopeless; to have no hope; to give up all hope or,english,medium,Common English
DESPISE,,To look down upon with disfavor or contempt; to,english,medium,Common English
DESPITE,,Malice; malignity; spite; malicious anger; contemptuous,english,medium,Common English
DESTINY,,That to which any person or thing is destined;,english,medium,Common English
DESTROY,,To unbuild; to pull or tear down; to separate,english,medium,Common English
DETACH,,To part; to separate or disunite; to disengage; -- the,english,medium,Common English
DETAIL,,A minute portion; one of the small parts; a particular; an,english,medium,Common English
DETAIN,,To keep back or from; to withhold.,english,medium,Common English
DETEST,,To witness against; to denounce; to condemn.,english,medium,Common English
DETOUR,,A turning; a circuitous route; a deviation from a direct,english,medium,Common English
DEVA,,A god; a deity; a divine being; an idol; a king.,english,medium,Common English
DEVELOP,,To free from that which infolds or envelops; to unfold;,english,medium,Common English
DEVI,,; fem. of Deva. A goddess.,english,medium,Common English
DEVIATE,,To go out of the way; to turn aside from a course or a,english,medium,Common English
DEVIOUS,,Out of a straight line; winding; varying from directness;,english,medium,Common English
DEVOID,,To empty out; to remove.,english,medium,Common English
DEVON,,"A cattle breed originating in Devon, England.",english,medium,Common English
DEVOTE,,To appropriate by vow; to set apart or dedicate by a,english,medium,Common English
DEVOUR,,To eat up with greediness; to consume ravenously; to,english,medium,Common English
DEVOUT,,Devoted to religion or to religious feelings and duties;,english,medium,Common English
DEW,,Moisture from the atmosphere condensed by cool bodies upon,english,medium,Common English
DIAGNOSE,,To ascertain by diagnosis; to diagnosticate. See,english,medium,Common English
DIAGONAL,,Joining two not adjacent angles of a quadrilateral or,english,medium,Common English
DIALECT,,Means or mode of expressing thoughts; language; tongue;,english,medium,Common English
DIAMOND,,A precious stone or gem excelling in brilliancy and,english,medium,Common English
DIAPER,,Any textile fabric (esp. linen or cotton toweling) woven in,english,medium,Common English
DIARY,,A register of daily events or transactions; a daily record;,english,medium,Common English
DIBBLE,,A pointed implement used to make holes in the ground in,english,medium,Common English
DICTATE,,To tell or utter so that another may write down; to,english,medium,Common English
DICTATOR,,One who dictates; one who prescribes rules and maxims,english,medium,Common English
DICTION,,Choice of words for the expression of ideas; the,english,medium,Common English
DIET,,Course of living or nourishment; what is eaten and drunk,english,medium,Common English
DIFFER,,To be or stand apart; to disagree; to be unlike; to be,english,medium,Common English
DIGEST,,To distribute or arrange methodically; to work over and,english,medium,Common English
DIGGERS,,A degraded tribe of California Indians; -- so called,english,medium,Common English
DIGIT,,One of the terminal divisions of a limb appendage; a finger,english,medium,Common English
DIGNIFY,,To invest with dignity or honor; to make illustrious;,english,medium,Common English
DIGRESS,,To step or turn aside; to deviate; to swerve;,english,medium,Common English
DIKE,,A ditch; a channel for water made by digging.,english,medium,Common English
DILATE,,To expand; to distend; to enlarge or extend in all,english,medium,Common English
DILEMMA,,An argument which presents an antagonist with two or more,english,medium,Common English
DILIGENT,,Prosecuted with careful attention and effort; careful;,english,medium,Common English
DILLY,,A kind of stagecoach.,english,medium,Common English
DILUTE,,To make thinner or more liquid by admixture with,english,medium,Common English
DIM,,Not bright or distinct; wanting luminousness or,english,medium,Common English
DIMINISH,,To make smaller in any manner; to reduce in bulk or,english,medium,Common English
DIMPLE,,A slight natural depression or indentation on the surface,english,medium,Common English
DINAR,,A petty money of accounts of Persia.,english,medium,Common English
DINE,,To eat the principal regular meal of the day; to take,english,medium,Common English
DING,,To dash; to throw violently.,english,medium,Common English
DINGHY,,A kind of boat used in the East Indies.,english,medium,Common English
DINT,,A blow; a stroke.,english,medium,Common English
PASSAGES,,Become coated with a false,english,medium,Common English
LIVING,,Ecclesiastics and benefactors of,english,medium,Common English
DIRECTLY,,In a direct manner; in a straight line or course.,english,medium,Common English
DIRK,,A kind of dagger or poniard; -- formerly much used by the,english,medium,Common English
DIRTY,,Defiled with dirt; foul; nasty; filthy; not clean or,english,medium,Common English
DISABLE,,Lacking ability; unable.,english,medium,Common English
DISAGREE,,To fail to accord; not to agree; to lack harmony; to,english,medium,Common English
DISARMED,,Deprived of arms.,english,medium,Common English
DISARRAY,,To throw into disorder; to break the array of.,english,medium,Common English
DISASTER,,An unpropitious or baleful aspect of a planet or star;,english,medium,Common English
DISAVOW,,To refuse strongly and solemnly to own or acknowledge;,english,medium,Common English
DISBAND,,To loose the bands of; to set free; to disunite; to,english,medium,Common English
DISCERN,,To see and identify by noting a difference or,english,medium,Common English
DISCIPLE,,One who receives instruction from another; a scholar; a,english,medium,Common English
PENANCE,,A penitential scourge.,english,medium,Common English
DISCLOSE,,To unclose; to open; -- applied esp. to eggs in the,english,medium,Common English
DISCORD,,Want of concord or agreement; absence of unity or,english,medium,Common English
UPON,,A bill or note not due; payment in advance of,english,medium,Common English
DISCRETE,,Separate; distinct; disjunct.,english,medium,Common English
DISCUS,,A quoit; a circular plate of some heavy material intended,english,medium,Common English
DISCUSS,,To break to pieces; to shatter.,english,medium,Common English
DISDAIN,,A feeling of contempt and aversion; the regarding,english,medium,Common English
DISGUST,,To provoke disgust or strong distaste in; to cause (any,english,medium,Common English
DISHONOR,,Lack of honor; disgrace; ignominy; shame; reproach.,english,medium,Common English
DISK,,A discus; a quoit.,english,medium,Common English
DISLIKE,,To regard with dislike or aversion; to disapprove; to,english,medium,Common English
FAULTS,,Are dislocations.,english,medium,Common English
DISLODGE,,To drive from a lodge or place of rest; to remove from,english,medium,Common English
DISMAL,,Fatal; ill-omened; unlucky.,english,medium,Common English
DISMAY,,To disable with alarm or apprehensions; to depress the,english,medium,Common English
DISMISS,,To send away; to give leave of departure; to cause or,english,medium,Common English
DISMOUNT,,To come down; to descend.,english,medium,Common English
DISOBEY,,Not to obey; to neglect or refuse to obey (a superior,english,medium,Common English
DISORDER,,Want of order or regular disposition; lack of,english,medium,Common English
DISOWN,,To refuse to own or acknowledge as belonging to one's,english,medium,Common English
USUALLY,,Distinguished from a pharmacop/ia in that it,english,medium,Common English
DISPERSE,,To scatter abroad; to drive to different parts; to,english,medium,Common English
DISPLACE,,To change the place of; to remove from the usual or,english,medium,Common English
DISPLAY,,To unfold; to spread wide; to expand; to stretch out;,english,medium,Common English
DISPOSE,,To distribute and put in place; to arrange; to set in,english,medium,Common English
DISPROVE,,To prove to be false or erroneous; to confute; to,english,medium,Common English
DISRUPT,,Rent off; torn asunder; severed; disrupted.,english,medium,Common English
DISSECT,,To divide into separate parts; to cut in pieces; to,english,medium,Common English
DISSENT,,To differ in opinion; to be of unlike or contrary,english,medium,Common English
DISSOLVE,,To separate into competent parts; to disorganize; to,english,medium,Common English
DISSUADE,,To advise or exhort against; to try to persuade (one,english,medium,Common English
DISTANT,,Separated; having an intervening space; at a distance;,english,medium,Common English
DISTINCT,,Distinguished; having the difference marked; separated by,english,medium,Common English
HAVING,,Superiority; eminent or known; illustrious; --,english,medium,Common English
DISTORT,,Distorted; misshapen.,english,medium,Common English
DISTRACT,,Separated; drawn asunder.,english,medium,Common English
EITHER,,As bini (two by two).,english,medium,Common English
DISTRUST,,To feel absence of trust in; not to confide in or rely,english,medium,Common English
DISTURB,,To throw into disorder or confusion; to derange; to,english,medium,Common English
DITTO,,The aforesaid thing; the same (as before). Often contracted,english,medium,Common English
DIVERSE,,Different; unlike; dissimilar; distinct; separate.,english,medium,Common English
DIVERT,,To turn aside; to turn off from any course or intended,english,medium,Common English
DIVES,,The name popularly given to the rich man in our Lord's,english,medium,Common English
DIVIDE,,To part asunder (a whole); to sever into two or more,english,medium,Common English
DIVIDEND,,A sum of money to be divided and distributed; the share,english,medium,Common English
DIVINELY,,In a divine or godlike manner; holily; admirably or,english,medium,Common English
DIVINITY,,The state of being divine; the nature or essence of God;,english,medium,Common English
DIVISIVE,,Indicating division or distribution.,english,medium,Common English
DIVORCE,,A legal dissolution of the marriage contract by a court or,english,medium,Common English
DIVORCEE,,A person divorced.,english,medium,Common English
DIVULGE,,To make public; to several or communicate to the,english,medium,Common English
DIXIE,,A colloquial name for the Southern portion of the United,english,medium,Common English
DOABLE,,Capable of being done.,english,medium,Common English
DOBBIN,,An old jaded horse.,english,medium,Common English
DOBSON,,The aquatic larva of a large neuropterous insect (Corydalus,english,medium,Common English
DOCILE,,Teachable; easy to teach; docible.,english,medium,Common English
DOCTRINE,,Teaching; instruction.,english,medium,Common English
DOCUMENT,,That which is taught or authoritatively set forth;,english,medium,Common English
DOER,,One who does; one performs or executes; one who is,english,medium,Common English
DOGMA,,That which is held as an opinion; a tenet; a doctrine.,english,medium,Common English
DOILY,,A small decorative mat placed under an object.,english,medium,Common English
DOLE,,Grief; sorrow; lamentation.,english,medium,Common English
DOLL,,A child's puppet; a toy baby for a little girl.,english,medium,Common English
DOLLAR,,A silver coin of the United States containing 371.25 grains,english,medium,Common English
DOMAIN,,Dominion; empire; authority.,english,medium,Common English
DOME,,A building; a house; an edifice; -- used chiefly in poetry.,english,medium,Common English
DOMINANT,,Ruling; governing; prevailing; controlling; predominant;,english,medium,Common English
DOMINATE,,To predominate over; to rule; to govern.,english,medium,Common English
DOMINE,,A name given to a pastor of the Reformed Church. The word,english,medium,Common English
DOMINION,,Sovereign or supreme authority; the power of governing,english,medium,Common English
DOMINO,,A kind of hood worn by the canons of a cathedral church; a,english,medium,Common English
DOMINUS,,Master; sir; -- a title of respect formerly applied to a,english,medium,Common English
DONATION,,The act of giving or bestowing; a grant.,english,medium,Common English
DONKEY,,An ass; or (less frequently) a mule.,english,medium,Common English
DONOR,,One who gives or bestows; one who confers anything,english,medium,Common English
DOODLE,,A trifler; a simple fellow.,english,medium,Common English
DOOM,,Judgment; judicial sentence; penal decree; condemnation.,english,medium,Common English
DOOMSDAY,,A day of sentence or condemnation; day of death.,english,medium,Common English
DOORNAIL,,The nail or knob on which in ancient doors the knocker,english,medium,Common English
DOORSTEP,,The stone or plank forming a step before an outer door.,english,medium,Common English
DOORWAY,,The passage of a door; entrance way into a house or a,english,medium,Common English
DOT,,A marriage portion; dowry.,english,medium,Common English
DOUBLE,,Twofold; multiplied by two; increased by its equivalent;,english,medium,Common English
MARCHING,,A double-quick step or march.,english,medium,Common English
DOUBT,,To waver in opinion or judgment; to be in uncertainty as,english,medium,Common English
DOUBTFUL,,Not settled in opinion; undetermined; wavering;,english,medium,Common English
DOUCHE,,A jet or current of water or vapor directed upon some part,english,medium,Common English
DOUGHNUT,,A small cake (usually sweetened) fried in a kettle of,english,medium,Common English
DOUSE,,To pour liquid over something or extinguish it.,english,medium,Common English
DOW,,A kind of vessel. See Dhow.,english,medium,Common English
DOWDY,,Showing a vulgar taste in dress; awkward and slovenly,english,medium,Common English
DOVER,,Employed as a naval rendezvous in time of war.,english,medium,Common English
DOWNFALL,,A sudden fall; a body of things falling.,english,medium,Common English
DOWRY,,A gift; endowment.,english,medium,Common English
DOZE,,To slumber; to sleep lightly; to be in a dull or stupefied,english,medium,Common English
DOZER,,One who dozes or drowses.,english,medium,Common English
DRAG,,A confection; a comfit; a drug.,english,medium,Common English
DRAIN,,To remove liquid from a place.,english,medium,Common English
DRASTIC,,Acting rapidly and violently; efficacious; powerful; --,english,medium,Common English
DREADFUL,,Full of dread or terror; fearful.,english,medium,Common English
DREAMER,,One who dreams.,english,medium,Common English
DREAMY,,Abounding in dreams or given to dreaming; appropriate,english,medium,Common English
DREARY,,Sorrowful; distressful.,english,medium,Common English
DREDGE,,Any instrument used to gather or take by dragging; as: (a),english,medium,Common English
DRESSER,,One who dresses; one who put in order or makes ready for,english,medium,Common English
DRESSY,,Showy in dress; attentive to dress.,english,medium,Common English
DRIFT,,A driving; a violent movement.,english,medium,Common English
DRIVEWAY,,A passage or way along or through which a carriage may be,english,medium,Common English
WAGONS,,To a ship's deck.,english,medium,Common English
DROWN,,To be suffocated in water or other fluid; to perish in,english,medium,Common English
DROWSY,,Inclined to drowse; heavy with sleepiness; lethargic;,english,medium,Common English
DRUDGERY,,The act of drudging; disagreeable and wearisome labor;,english,medium,Common English
DRUG,,To drudge; to toil laboriously.,english,medium,Common English
DRUID,,One of an order of priests which in ancient times existed,english,medium,Common English
HARD,,Evergreen leaves.,english,medium,Common English
DUALITY,,The quality or condition of being two or twofold; dual,english,medium,Common English
DUBIOUS,,Doubtful or not settled in opinion; being in doubt;,english,medium,Common English
DUCHY,,The territory or dominions of a duke; a dukedom.,english,medium,Common English
DUCK,,A pet; a darling.,english,medium,Common English
DUCKLING,,A young or little duck.,english,medium,Common English
DUCT,,Any tube or canal by which a fluid or other substance is,english,medium,Common English
DUDS,,Old or inferior clothes; tattered garments.,english,medium,Common English
DUELING,,The act or practice of fighting in single combat. Also,english,medium,Common English
DUFF,,Dough or paste.,english,medium,Common English
DUGOUT,,A canoe or boat dug out from a large log.,english,medium,Common English
DUKE,,A leader; a chief; a prince.,english,medium,Common English
DULCE,,To make sweet; to soothe.,english,medium,Common English
DULCINEA,,A mistress; a sweetheart.,english,medium,Common English
DULL,,Slow of understanding; wanting readiness of,english,medium,Common English
DUMB,,Destitute of the power of speech; unable; to utter articulate,english,medium,Common English
DUMMY,,Silent; mute; noiseless; as a dummy engine.,english,medium,Common English
DUMPY,,Short and thick; of low stature and disproportionately,english,medium,Common English
DUNCE,,One backward in book learning; a child or other person dull,english,medium,Common English
DUO,,A composition for two performers; a duet.,english,medium,Common English
DUPE,,One who has been deceived or who is easily deceived; a gull;,english,medium,Common English
DUPER,,One who dupes another.,english,medium,Common English
DUPLEX,,Double; twofold.,english,medium,Common English
DURABLE,,Able to endure or continue in a particular condition;,english,medium,Common English
DURATION,,The state or quality of lasting; continuance in time; the,english,medium,Common English
DURESS,,Threats or force used to make someone act.,english,medium,Common English
DUSK,,Tending to darkness or blackness; moderately dark or black;,english,medium,Common English
DUSTPAN,,A shovel-like utensil for conveying away dust brushed from,english,medium,Common English
DWARF,,An animal or plant which is much below the ordinary size of,english,medium,Common English
DYER,,One whose occupation is to dye cloth and the like.,english,medium,Common English
DYNAMICS,,That branch of mechanics which treats of the motion of,english,medium,Common English
DYNAMO,,A dynamo-electric machine.,english,medium,Common English
DYNASTY,,Sovereignty; lordship; dominion.,english,medium,Common English
EACH,,Every one of the two or more individuals composing,english,medium,Common English
EAGER,,Sharp; sour; acid.,english,medium,Common English
EARNEST,,Seriousness; reality; fixed determination; eagerness;,english,medium,Common English
EARRING,,An ornament consisting of a ring passed through the lobe,english,medium,Common English
EARSHOT,,Reach of the ear; distance at which words may be heard.,english,medium,Common English
EASTER,,An annual church festival commemorating Christ's,english,medium,Common English
ECHELON,,An arrangement of a body of troops when its divisions are,english,medium,Common English
ECHO,,A sound reflected from an opposing surface and repeated to,english,medium,Common English
ECLECTIC,,Selecting; choosing (what is true or excellent in,english,medium,Common English
HONOR,,To show respect or give recognition.,english,medium,Common English
ECSTASY,,The state of being beside one's self or rapt out of one's,english,medium,Common English
EXTERNAL,,As those of mammals.,english,medium,Common English
EDICT,,A public command or ordinance by the sovereign power; the,english,medium,Common English
EDIFICE,,A building; a structure; an architectural fabric; --,english,medium,Common English
EDIT,,To superintend the publication of; to revise and prepare,english,medium,Common English
EDUCATOR,,One who educates; a teacher.,english,medium,Common English
EFFICACY,,Power to produce effects; operation or energy of an agent,english,medium,Common English
KNIFE,,-- as in making chamois leather.,english,medium,Common English
EGG,,The oval or roundish body laid by domestic poultry and other,english,medium,Common English
EGGSHELL,,The shell or exterior covering of an egg. Also used,english,medium,Common English
EGOIST,,One given overmuch to egoism or thoughts of self.,english,medium,Common English
EIGHT,,An island in a river; an ait.,english,medium,Common English
EIGHTH,,Next in order after the seventh.,english,medium,Common English
EIGHTY,,Eight times ten; fourscore.,english,medium,Common English
EJECT,,To expel; to dismiss; to cast forth; to thrust or drive,english,medium,Common English
EJECTION,,The act of ejecting or casting out; discharge; expulsion;,english,medium,Common English
ELASTIC,,Springing back; having a power or inherent property of,english,medium,Common English
ELATION,,A lifting up by success; exaltation; inriation with pride,english,medium,Common English
ELBOW,,The joint or bend of the arm; the outer curve in the middle,english,medium,Common English
ELDERLY,,Somewhat old; advanced beyond middle age; bordering on old,english,medium,Common English
ELDEST,,Oldest; longest in duration.,english,medium,Common English
ELECT,,Chosen; taken by preference from among two or more.,english,medium,Common English
ELECTRO,,An electrotype.,english,medium,Common English
ELEVATE,,Elevated; raised aloft.,english,medium,Common English
VOICE,,The elevation of grain; elevation to a throne;,english,medium,Common English
ELICIT,,Elicited; drawn out; made real; open; evident.,english,medium,Common English
ELIGIBLE,,That may be selected; proper or qualified to be chosen;,english,medium,Common English
ELIXIR,,A tincture with more than one base; a compound tincture or,english,medium,Common English
ELUSIVE,,Tending to elude; using arts or deception to escape;,english,medium,Common English
ELYSIUM,,A dwelling place assigned to happy souls after death; the,english,medium,Common English
EMBARGO,,An official ban on trade with a country.,english,medium,Common English
EMBARK,,To cause to go on board a vessel or boat; to put on,english,medium,Common English
EMBASSY,,The public function of an ambassador; the charge or,english,medium,Common English
EMBODY,,To form into a body; to invest with a body; to collect,english,medium,Common English
EMERGE,,To come into view or become known.,english,medium,Common English
EMERGENT,,Rising or emerging out of a fluid or anything that covers,english,medium,Common English
EMERITUS,,Honorably discharged from the performance of public duty,english,medium,Common English
EMINENCE,,That which is eminent or lofty; a high ground or place; a,english,medium,Common English
EMINENT,,High; lofty; towering; prominent.,english,medium,Common English
LIKEWISE,,Given to certain high officials.,english,medium,Common English
EMISSION,,The act of sending or throwing out; the act of sending,english,medium,Common English
EMIT,,"To give off light, sound or gas.",english,medium,Common English
EMPEROR,,The sovereign or supreme monarch of an empire; -- a title,english,medium,Common English
EMPLOY,,To inclose; to infold.,english,medium,Common English
EMPLOYEE,,One employed by another.,english,medium,Common English
EMPOWER,,To give authority to; to delegate power to; to,english,medium,Common English
EMPTY,,Containing nothing; not holding or having anything,english,medium,Common English
EMULATE,,Striving to excel; ambitious; emulous.,english,medium,Common English
ENABLE,,To give strength or ability to; to make firm and strong.,english,medium,Common English
ENACT,,To decree; to establish by legal and authoritative act;,english,medium,Common English
ENCHANT,,To charm by sorcery; to act on by enchantment; to get,english,medium,Common English
ENCIRCLE,,To form a circle about; to inclose within a circle or,english,medium,Common English
ENCLOSE,,To inclose. See Inclose.,english,medium,Common English
ENCORE,,Once more; again; -- used by the auditors and,english,medium,Common English
ENDANGER,,To put to hazard; to bring into danger or peril; to,english,medium,Common English
ENDEAVOR,,To exert physical or intellectual strength for the,english,medium,Common English
ENDLESS,,Without end; having no end or conclusion; perpetual;,english,medium,Common English
ENDURE,,To continue in the same state without perishing; to,english,medium,Common English
ENERGIZE,,To use strength in action; to act or operate with,english,medium,Common English
ENFORCE,,To put force upon; to force; to constrain; to compel;,english,medium,Common English
ENFORCER,,One who enforces.,english,medium,Common English
ENGAGE,,To put under pledge; to pledge; to place under,english,medium,Common English
ENGINEER,,A person skilled in the principles and practice of any,english,medium,Common English
ENGRAVE,,To deposit in the grave; to bury.,english,medium,Common English
ENGULF,,To absorb or swallow up as in a gulf.,english,medium,Common English
ENHANCE,,To raise or lift up; to exalt.,english,medium,Common English
ENJOY,,To take pleasure or satisfaction in the possession or,english,medium,Common English
ENLARGE,,To make larger; to increase in quantity or dimensions;,english,medium,Common English
ENLIST,,To enter on a list; to enroll; to register.,english,medium,Common English
ENMITY,,The quality of being an enemy; hostile or unfriendly,english,medium,Common English
ENOUGH,,Satisfying desire; giving content; adequate to meet the,english,medium,Common English
ENRICH,,To make rich with any kind of wealth; to render opulent;,english,medium,Common English
ENROLL,,To insert in a roil; to register or enter in a list or,english,medium,Common English
ENSEMBLE,,The whole; all the parts taken together.,english,medium,Common English
ENSLAVE,,To reduce to slavery; to make a slave of; to subject to,english,medium,Common English
ENSUE,,To follow; to pursue; to follow and overtake.,english,medium,Common English
ENSURE,,To make sure. See Insure.,english,medium,Common English
ENTAIL,,That which is entailed.,english,medium,Common English
ENTIRE,,Complete in all parts; undivided; undiminished; whole; full,english,medium,Common English
ENTRAILS,,The internal parts of animal bodies; the bowels; the,english,medium,Common English
ENTRY,,The act of entering or passing into or upon; entrance;,english,medium,Common English
ENVIABLE,,Fitted to excite envy; capable of awakening an ardent,english,medium,Common English
ENVIOUS,,Malignant; mischievous; spiteful.,english,medium,Common English
ENVIRON,,To surround; to encompass; to encircle; to hem in; to,english,medium,Common English
EPHRAIM,,A hunter's name for the grizzly bear.,english,medium,Common English
EPIC,,Narrated in a grand style; pertaining to or designating a,english,medium,Common English
EPILOGUE,,A speech or short poem addressed to the spectators and,english,medium,Common English
EPITOME,,A work in which the contents of a former work are reduced,english,medium,Common English
EQUALITY,,The condition or quality of being equal; agreement in,english,medium,Common English
EQUALLY,,In an equal manner or degree in equal shares or,english,medium,Common English
EQUATE,,To make equal; to reduce to an average; to make such an,english,medium,Common English
EQUATION,,A making equal; equal division; equality; equilibrium.,english,medium,Common English
ERECTILE,,Capable of being erected; susceptible of being erected of,english,medium,Common English
EROSION,,The act or operation of eroding or eating away.,english,medium,Common English
ERR,,To wander; to roam; to stray.,english,medium,Common English
ERRAND,,A special business intrusted to a messenger; something to,english,medium,Common English
ERRATIC,,Having no certain course; roving about without a fixed,english,medium,Common English
ERROR,,A wandering; a roving or irregular course.,english,medium,Common English
ERUDITE,,Characterized by extensive reading or knowledge; well,english,medium,Common English
ERUPTION,,The act of breaking out or bursting forth; as: (a) A,english,medium,Common English
ESCAPE,,To flee from and avoid; to be saved or exempt from; to,english,medium,Common English
ESCORT,,A body of armed men to attend a person of distinction for,english,medium,Common English
ESKIMO,,One of a peculiar race inhabiting Arctic America and,english,medium,Common English
ESSENCE,,The constituent elementary notions which constitute a,english,medium,Common English
LAWS,,Etc.; to enact; to ordain.,english,medium,Common English
ESTUARY,,A place where water boils up; a spring that wells forth.,english,medium,Common English
ETCH,,A variant of Eddish.,english,medium,Common English
ETERNAL,,Without beginning or end of existence; always existing.,english,medium,Common English
ETHICS,,The science of human duty; the body of rules of duty drawn,english,medium,Common English
ETIOLOGY,,The science of causes. Same as /tiology.,english,medium,Common English
EULOGY,,A speech or writing in commendation of the character or,english,medium,Common English
EURASIAN,,A child of a European parent on the one side and an,english,medium,Common English
EVACUATE,,To make empty; to empty out; to remove the contents,english,medium,Common English
EVAL,,Relating to time or duration.,english,medium,Common English
EVALUATE,,To fix the value of; to rate; to appraise.,english,medium,Common English
EVER,,At any time; at any period or point of time.,english,medium,Common English
EVERMORE,,During eternity; always; forever; for an indefinite,english,medium,Common English
EVERY,,All the parts which compose a whole collection or,english,medium,Common English
EVICT,,To dispossess by a judicial process; to dispossess by,english,medium,Common English
EVICTION,,The act or process of evicting; or state of being,english,medium,Common English
EVIL,,Profoundly immoral or harmful.,english,medium,Common English
EVOKE,,To call out; to summon forth.,english,medium,Common English
EVOLVE,,To unfold or unroll; to open and expand; to disentangle,english,medium,Common English
EXAMINE,,To test by any appropriate method; to inspect carefully,english,medium,Common English
EXCAVATE,,To hollow out; to form cavity or hole in; to make,english,medium,Common English
EXCEED,,To go beyond; to proceed beyond the given or supposed,english,medium,Common English
EXCEL,,To go beyond or surpass in good qualities or laudable,english,medium,Common English
EXCEPT,,To take or leave out (anything) from a number or a whole,english,medium,Common English
EXCERPT,,To select; to extract; to cite; to quote.,english,medium,Common English
EXCISE,,In inland duty or impost operating as an indirect tax on,english,medium,Common English
EXCITE,,To call to activity in any way; to rouse to feeling; to,english,medium,Common English
EXCLAIM,,To cry out from earnestness or passion; to utter,english,medium,Common English
EXCLUDE,,To shut out; to hinder from entrance or admission; to,english,medium,Common English
EXECUTE,,To follow out or through to the end; to carry out into,english,medium,Common English
EXEMPT,,Cut off; set apart.,english,medium,Common English
EXERCISE,,The act of exercising; a setting in action or practicing;,english,medium,Common English
EXERT,,To thrust forth; to emit; to push out.,english,medium,Common English
EXHUME,,To dig out of the ground; to take out of a place of,english,medium,Common English
EXILE,,Forced separation from one's native country; expulsion from,english,medium,Common English
EXIST,,To be as a fact and not as a mode; to have an actual or,english,medium,Common English
EXORCISM,,The act of exorcising; the driving out of evil spirits,english,medium,Common English
EXORCIST,,One who expels evil spirits by conjuration or exorcism.,english,medium,Common English
EXOTIC,,Introduced from a foreign country; not native; extraneous;,english,medium,Common English
EXPAND,,To lay open by extending; to open wide; to spread out;,english,medium,Common English
EXPANSE,,That which is expanded or spread out; a wide extent of,english,medium,Common English
EXPECT,,To wait for; to await.,english,medium,Common English
EXPEDITE,,Free of impediment; unimpeded.,english,medium,Common English
EXPEL,,To drive or force out from that within which anything is,english,medium,Common English
EXPENSE,,A spending or consuming; disbursement; expenditure.,english,medium,Common English
EXPERTLY,,In a skillful or dexterous manner; adroitly; with,english,medium,Common English
EXPIRE,,To breathe out; to emit from the lungs; to throw out,english,medium,Common English
EXPLAIN,,To flatten; to spread out; to unfold; to expand.,english,medium,Common English
EXPLICIT,,A word formerly used (as finis is now) at the conclusion,english,medium,Common English
EXPLODE,,To become suddenly expanded into a great volume of gas,english,medium,Common English
EXPLORE,,To seek for or after; to strive to attain by search; to,english,medium,Common English
EXPORT,,To carry away; to remove.,english,medium,Common English
EXPORTER,,One who exports; the person who sends goods or,english,medium,Common English
EXPOSE,,To set forth; to set out to public view; to exhibit; to,english,medium,Common English
EXPRESS,,Exactly representing; exact.,english,medium,Common English
EXTEND,,To stretch out; to prolong in space; to carry forward or,english,medium,Common English
EXTERIOR,,External; outward; pertaining to that which is external;,english,medium,Common English
EXTERN,,External; outward; not inherent.,english,medium,Common English
EXTRACT,,To draw out or forth; to pull out; to remove forcibly,english,medium,Common English
EYEFUL,,Filling or satisfying the eye; visible; remarkable.,english,medium,Common English
EYELASH,,The fringe of hair that edges the eyelid; -- usually in,english,medium,Common English
EYELID,,The cover of the eye; that portion of movable skin with,english,medium,Common English
EYESIGHT,,Sight of the eye; the sense of seeing; view; observation.,english,medium,Common English
EYESORE,,Something offensive to the eye or sight; a blemish.,english,medium,Common English
FABRIC,,The structure of anything; the manner in which the parts of,english,medium,Common English
FACILITY,,The quality of being easily performed; freedom from,english,medium,Common English
FACTION,,One of the divisions or parties of charioteers,english,medium,Common English
FACTOR,,One who transacts business for another; an agent; a,english,medium,Common English
FAD,,A hobby ; freak; whim.,english,medium,Common English
FADE,,Weak; insipid; tasteless; commonplace.,english,medium,Common English
FAG,,A knot or coarse part in cloth.,english,medium,Common English
FAINTS,,The impure spirit which comes over first and last in the,english,medium,Common English
FAIRLY,,In a fair manner; clearly; openly; plainly; fully;,english,medium,Common English
FAITH,,Belief; the assent of the mind to the truth of what is,english,medium,Common English
FALCONER,,A person who breeds or trains hawks for taking birds or,english,medium,Common English
FALLACY,,Deceptive or false appearance; deceitfulness; that which,english,medium,Common English
FALSE,,Uttering falsehood; unveracious; given to deceit;,english,medium,Common English
FALSELY,,In a false manner; erroneously; not truly; perfidiously,english,medium,Common English
FALSETTO,,A false or artificial voice; that voice in a man which,english,medium,Common English
FALSIFY,,To make false; to represent falsely.,english,medium,Common English
FAMINE,,General scarcity of food; dearth; a want of provisions;,english,medium,Common English
FAMOUS,,Celebrated in fame or public report; renowned; mach talked,english,medium,Common English
FAMOUSLY,,In a famous manner; in a distinguished degree; greatly;,english,medium,Common English
FANCIER,,One who is governed by fancy.,english,medium,Common English
FANCY,,The faculty by which the mind forms an image or a,english,medium,Common English
FARE,,To go; to pass; to journey; to travel.,english,medium,Common English
REVENUE,,On condition of receiving in return a percentage of what,english,medium,Common English
FARROW,,A litter of piglets.,english,medium,Common English
FARTHER,,More remote; more distant than something else.,english,medium,Common English
FARTHING,,The fourth of a penny; a small copper coin of Great,english,medium,Common English
UNSTABLE,,To make fast the door.,english,medium,Common English
FASTER,,One who abstains from food.,english,medium,Common English
FATE,,A fixed decree by which the order of things is prescribed;,english,medium,Common English
FATHEAD,,A cyprinoid fish of the Mississippi valley (Pimephales,english,medium,Common English
FATHERLY,,Like a father in affection and care; paternal; tender;,english,medium,Common English
FATIGUE,,Weariness from bodily labor or mental exertion; lassitude,english,medium,Common English
FATTEN,,To make fat; to feed for slaughter; to make fleshy or,english,medium,Common English
FAULT,,Defect; want; lack; default.,english,medium,Common English
FAVORITE,,A person or thing regarded with peculiar favor; one,english,medium,Common English
FAWN,,A young deer; a buck or doe of the first year. See Buck.,english,medium,Common English
FEALTY,,Fidelity to one's lord; the feudal obligation by which the,english,medium,Common English
FEARLESS,,Free from fear.,english,medium,Common English
FEARSOME,,Frightful; causing fear.,english,medium,Common English
FEAT,,An act; a deed; an exploit.,english,medium,Common English
FEATURED,,Shaped; fashioned.,english,medium,Common English
FECES,,Dregs; sediment; excrement. See FAeces.,english,medium,Common English
FECKLESS,,Spiritless; weak; worthless.,english,medium,Common English
FEE,,Property; possession; tenure.,english,medium,Common English
FEEBLE,,Deficient in physical strength; weak; infirm;,english,medium,Common English
FEINT,,Feigned; counterfeit.,english,medium,Common English
FELICITY,,The state of being happy; blessedness; blissfulness;,english,medium,Common English
FELLOW,,A companion; a comrade; an associate; a partner; a sharer.,english,medium,Common English
FELON,,A person who has committed a felony.,english,medium,Common English
FELONY,,An act on the part of the vassal which cost him his fee by,english,medium,Common English
FENCING,,/); p. pr. & vb. n.) of Fence,english,medium,Common English
FENDER,,One who or that which defends or protects by,english,medium,Common English
FERRYMAN,,One who maintains or attends a ferry.,english,medium,Common English
FERTILE,,Producing fruit or vegetation in abundance; fruitful; able,english,medium,Common English
FERVOR,,Heat; excessive warmth.,english,medium,Common English
PERFORM,,To fetch a compass; to fetch a leap;,english,medium,Common English
FIANCE,,To betroth; to affiance.,english,medium,Common English
FIANCEE,,A betrothed woman.,english,medium,Common English
FIAT,,An official order or decree.,english,medium,Common English
FIB,,A falsehood; a lie; -- used euphemistically.,english,medium,Common English
LEG,,Below the knee.,english,medium,Common English
FICKLE,,Not fixed or firm; liable to change; unstable; of a,english,medium,Common English
FIDDLE,,A stringed instrument of music played with a bow; a violin;,english,medium,Common English
FIDDLER,,One who plays on a fiddle or violin.,english,medium,Common English
FIDELITY,,Faithfulness; adherence to right; careful and exact,english,medium,Common English
FIDGET,,To move uneasily one way and the other; to move,english,medium,Common English
FIDGETY,,Restless; uneasy.,english,medium,Common English
FIELDER,,A ball payer who stands out in the field to catch or stop,english,medium,Common English
FIEND,,An implacable or malicious foe; one who is diabolically,english,medium,Common English
FIENDISH,,Like a fiend; diabolically wicked or cruel; infernal;,english,medium,Common English
FIFTEEN,,Five and ten; one more than fourteen.,english,medium,Common English
FIFTH,,Next in order after the fourth; -- the ordinal of five.,english,medium,Common English
FIGARO,,An adroit and unscrupulous intriguer.,english,medium,Common English
FIGHTER,,One who fights; a combatant; a warrior.,english,medium,Common English
FIGMENT,,An invention; a fiction; something feigned or imagined.,english,medium,Common English
FILL,,One of the thills or shafts of a carriage.,english,medium,Common English
FILTH,,Foul matter; anything that soils or defiles; dirt;,english,medium,Common English
FINANCE,,The income of a ruler or of a state; revennue; public,english,medium,Common English
FINER,,One who fines or purifies.,english,medium,Common English
FINERY,,Fineness; beauty.,english,medium,Common English
FINESSE,,Subtilty of contrivance to gain a point; artifice;,english,medium,Common English
FINGER,,One of the five terminating members of the hand; a digit;,english,medium,Common English
FINICKY,,Finical; unduly particular.,english,medium,Common English
FINISH,,To arrive at the end of; to bring to an end; to put an,english,medium,Common English
FINNS,,Natives of Finland; Finlanders.,english,medium,Common English
FIREMAN,,A man whose business is to extinguish fires in towns; a,english,medium,Common English
FIRESIDE,,A place near the fire or hearth; home; domestic life or,english,medium,Common English
FIRST,,Preceding all others of a series or kind; the ordinal of,english,medium,Common English
FIRTH,,An arm of the sea; a frith.,english,medium,Common English
FISHER,,One who fishes.,english,medium,Common English
FISHERY,,The business or practice of catching fish; fishing.,english,medium,Common English
FISHY,,Consisting of fish; fishlike; having the qualities or taste,english,medium,Common English
FISK,,To run about; to frisk; to whisk.,english,medium,Common English
CATS,,In which the feet are not webbed; -- opposed to,english,medium,Common English
FIST,,The hand with the fingers doubled into the palm; the closed,english,medium,Common English
FITTER,,One who fits or makes to fit;,english,medium,Common English
FIX,,Fixed; solidified.,english,medium,Common English
FIXABLE,,Capable of being fixed.,english,medium,Common English
FIXTURE,,That which is fixed or attached to something as a,english,medium,Common English
FIZZLE,,To make a hissing sound.,english,medium,Common English
FLACCID,,Yielding to pressure for want of firmness and stiffness;,english,medium,Common English
FLAGRANT,,Flaming; inflamed; glowing; burning; ardent.,english,medium,Common English
FLAGSHIP,,The vessel which carries the commanding officer of a,english,medium,Common English
FLAIL,,To wave or swing wildly.,english,medium,Common English
FLAKE,,A paling; a hurdle.,english,medium,Common English
FLASHY,,Dazzling for a moment; making a momentary show of,english,medium,Common English
MINOR,,A flat seventh; A flat.,english,medium,Common English
FLATLY,,In a flat manner; evenly; horizontally; without spirit;,english,medium,Common English
FLATTEN,,To reduce to an even surface or one approaching evenness;,english,medium,Common English
FLATTERY,,The act or practice of flattering; the act of pleasing,english,medium,Common English
FLAUNT,,To throw or spread out; to flutter; to move,english,medium,Common English
FLAVOR,,That quality of anything which affects the smell; odor;,english,medium,Common English
FLAW,,A crack or breach; a gap or fissure; a defect of continuity,english,medium,Common English
FLAWLESS,,Free from flaws.,english,medium,Common English
FLEECE,,The entire coat of wood that covers a sheep or other,english,medium,Common English
OBSOLETE,,-- as Fleet Street in London.,english,medium,Common English
FLETCHER,,One who fletches of feathers arrows; a manufacturer of,english,medium,Common English
FLEURY,,Finished at the ends with fleurs-de-lis; -- said esp. of a,english,medium,Common English
FLICKER,,To flutter; to flap the wings without flying.,english,medium,Common English
FLIER,,One who flies or flees; a runaway; a fugitive.,english,medium,Common English
FLIGHT,,The act or flying; a passing through the air by the help of,english,medium,Common English
FLIGHTY,,Fleeting; swift; transient.,english,medium,Common English
FLIMSY,,Weak; feeble; limp; slight; vain; without strength or,english,medium,Common English
FLIRT,,To throw with a jerk or quick effort; to fling suddenly;,english,medium,Common English
FLOATER,,One who floats or swims.,english,medium,Common English
FLOCK,,A company or collection of living creatures; -- especially,english,medium,Common English
FLOOD,,An overflow of water onto normally dry land.,english,medium,Common English
FLOSS,,The slender styles of the pistillate flowers of maize; also,english,medium,Common English
FLOWERY,,Full of flowers; abounding with blossoms.,english,medium,Common English
FLUE,,An inclosed passage way for establishing and directing a,english,medium,Common English
FLUENT,,Flowing or capable of flowing; liquid; glodding; easily,english,medium,Common English
FLUNKY,,A contemptuous name for a liveried servant or a footman.,english,medium,Common English
FLUORIDE,,A binary compound of fluorine with another element or,english,medium,Common English
PUNGENT,,Colorless gas. Symbol F. Atomic weight 19.,english,medium,Common English
FLYER,,One that uses wings.,english,medium,Common English
FOAL,,A young horse.,english,medium,Common English
FODDER,,A weight by which lead and some other metals were formerly,english,medium,Common English
SOLD,,Varying from 19/ to 24 cwt.; a fother.,english,medium,Common English
FOG,,A second growth of grass; aftergrass.,english,medium,Common English
FOIL,,To tread under foot; to trample.,english,medium,Common English
FOLD,,To lap or lay in plaits or folds; to lay one part over,english,medium,Common English
FOLIO,,A leaf of a book or manuscript.,english,medium,Common English
FOLLOW,,To go or come after; to move behind in the same path or,english,medium,Common English
FOLLOWER,,One who follows; a pursuer; an attendant; a disciple; a,english,medium,Common English
FON,,A fool; an idiot.,english,medium,Common English
FONDNESS,,The quality or state of being fond; foolishness.,english,medium,Common English
FOOTHOLD,,A holding with the feet; firm standing; that on which one,english,medium,Common English
FOOTMAN,,A soldier who marches and fights on foot; a foot soldier.,english,medium,Common English
FOOTNOTE,,A note of reference or comment at the foot of a page.,english,medium,Common English
FOOTPATH,,A narrow path or way for pedestrains only; a footway.,english,medium,Common English
FOP,,One whose ambition it is to gain admiration by showy dress; a,english,medium,Common English
FORCEFUL,,Full of or processing force; exerting force; mighty.,english,medium,Common English
FORE,,Journey; way; method of proceeding.,english,medium,Common English
FOREARM,,The part of the arm between elbow and wrist.,english,medium,Common English
FORECAST,,To plan beforehand; to scheme; to project.,english,medium,Common English
FOREGO,,To quit; to relinquish; to leave.,english,medium,Common English
FOREHEAD,,The front of that part of the head which incloses the,english,medium,Common English
FOREMOST,,First in time or place; most advanced; chief in rank or,english,medium,Common English
FORENSIC,,Belonging to courts of judicature or to public discussion,english,medium,Common English
FORESEE,,To see beforehand; to have prescience of; to foreknow.,english,medium,Common English
FORESEEN,,Provided; in case that; on condition that.,english,medium,Common English
FOREST,,An extensive wood; a large tract of land covered with,english,medium,Common English
WOODY,,Set apart for the keeping of game,english,medium,Common English
FORESTER,,One who has charge of the growing timber on an estate; an,english,medium,Common English
FORESTRY,,The art of forming or of cultivating forests; the,english,medium,Common English
FORETELL,,To predict; to tell before occurence; to prophesy; to,english,medium,Common English
FORFEIT,,Injury; wrong; mischief.,english,medium,Common English
FORGE,,To shape metal by heating and hammering.,english,medium,Common English
FORGET,,To lose the remembrance of; to let go from the memory;,english,medium,Common English
FORGIVE,,To give wholly; to make over without reservation; to,english,medium,Common English
FORGO,,To pass by; to leave. See 1st Forego.,english,medium,Common English
FORMALLY,,In a formal manner; essentially; characteristically;,english,medium,Common English
FORMULA,,A prescribed or set form; an established rule; a fixed or,english,medium,Common English
FORSAKE,,To quit or leave entirely; to desert; to abandon; to,english,medium,Common English
FORTE,,The strong point; that in which one excels.,english,medium,Common English
FORTIFY,,To add strength to; to strengthen; to confirm; to,english,medium,Common English
FORTUNE,,The arrival of something in a sudden or unexpected manner;,english,medium,Common English
FORTY,,Four times ten; thirty-nine and one more.,english,medium,Common English
FORWARDS,,Toward a part or place before or in front; onward; in,english,medium,Common English
FOSSE,,A ditch or moat.,english,medium,Common English
FOSTER,,To feed; to nourish; to support; to bring up.,english,medium,Common English
FOUNTAIN,,A spring of water issuing from the earth.,english,medium,Common English
FOURTEEN,,Four and ten more; twice seven.,english,medium,Common English
FOURTH,,Next in order after the third; the ordinal of four.,english,medium,Common English
FRACAS,,An uproar; a noisy quarrel; a disturbance; a brawl.,english,medium,Common English
FOXY,,Like or pertaining to the fox; foxlike in disposition or,english,medium,Common English
FOYER,,A lobby in a theater; a greenroom.,english,medium,Common English
FRACTURE,,The act of breaking or snapping asunder; rupture; breach.,english,medium,Common English
FRAGILE,,Easily broken; brittle; frail; delicate; easily destroyed.,english,medium,Common English
MENTALLY,,Frailness; infirmity; weakness of resolution;,english,medium,Common English
FRANTIC,,Mad; raving; furious; violent; wild and disorderly;,english,medium,Common English
FRAUGHT,,A freight; a cargo.,english,medium,Common English
FRAY,,Affray; broil; contest; combat.,english,medium,Common English
FRET,,A deer is said to fray her head.,english,medium,Common English
FREAK,,To variegate; to checker; to streak.,english,medium,Common English
FREAKISH,,Apt to change the mind suddenly; whimsical; capricious.,english,medium,Common English
FREE,,Exempt from subjection to the will of others; not under,english,medium,Common English
FREEDOM,,The state of being free; exemption from the power and,english,medium,Common English
FREELY,,In a free manner; without restraint or compulsion;,english,medium,Common English
FREIGHT,,That with which anything in fraught or laden for,english,medium,Common English
FRENZIED,,Affected with frenzy; frantic; maddened.,english,medium,Common English
FRENZY,,Any violent agitation of the mind approaching to,english,medium,Common English
FREQUENT,,Often to be met with; happening at short intervals; often,english,medium,Common English
DESIGNS,,As often in Oriental art.,english,medium,Common English
FRIDGE,,To rub; to fray.,english,medium,Common English
FRIGHT,,A state of terror excited by the sudden appearance of,english,medium,Common English
FRIGHTEN,,To disturb with fear; to throw into a state of alarm,english,medium,Common English
FRISK,,Lively; brisk; frolicsome; frisky.,english,medium,Common English
FRISKY,,Inclined to frisk; frolicsome; gay.,english,medium,Common English
FROGGY,,Abounding in frogs.,english,medium,Common English
FROND,,The organ formed by the combination or union into one body,english,medium,Common English
FRONTAL,,Belonging to the front part; being in front,english,medium,Common English
FRONTIER,,That part of a country which fronts or faces another,english,medium,Common English
FROST,,The act of freezing; -- applied chiefly to the,english,medium,Common English
FROSTED,,Covered with hoarfrost or anything resembling hoarfrost;,english,medium,Common English
FROTH,,The bubbles caused in fluids or liquors by fermentation or,english,medium,Common English
FRUCTOSE,,Fruit sugar; levulose.,english,medium,Common English
FRUGAL,,Economical in the use or appropriation of resources; not,english,medium,Common English
FRUITFUL,,Full of fruit; producing fruit abundantly; bearing,english,medium,Common English
VALVES,,Like a pill box and its cover.,english,medium,Common English
ERY,,A dish of anything fried.,english,medium,Common English
FUCHS,,A student of the first year.,english,medium,Common English
FUDGE,,A made-up story; stuff; nonsense; humbug; -- often an,english,medium,Common English
FUEL,,Any matter used to produce heat by burning; that which feeds,english,medium,Common English
FULCRUM,,A prop or support.,english,medium,Common English
FULFILL,,To fill up; to make full or complete.,english,medium,Common English
FULLER,,One whose occupation is to full cloth.,english,medium,Common English
FULLY,,In a full manner or degree; completely; entirely; without,english,medium,Common English
FUMBLE,,To feel or grope about; to make awkward attempts to do,english,medium,Common English
FUME,,Exhalation; volatile matter (esp. noxious vapor or smoke),english,medium,Common English
FUN,,Sport; merriment; frolicsome amusement.,english,medium,Common English
FUND,,An aggregation or deposit of resources from which supplies,english,medium,Common English
FUNERAL,,The solemn rites used in the disposition of a dead human,english,medium,Common English
FUNK,,An offensive smell; a stench.,english,medium,Common English
FUNNY,,Droll; comical; amusing; laughable.,english,medium,Common English
FURLONG,,A measure of length; the eighth part of a mile; forty,english,medium,Common English
FURRY,,Covered with fur; dressed in fur.,english,medium,Common English
FURTHER,,To a greater distance; in addition; moreover. See,english,medium,Common English
FURTHEST,,Superl. Most remote; most in advance; farthest. See,english,medium,Common English
FURTIVE,,Stolen; obtained or characterized by stealth; sly; secret;,english,medium,Common English
FUSE,,To liquefy by heat; to render fiuid; to dissolve; to melt.,english,medium,Common English
FUSION,,The act or operation of melting or rendering fluid by,english,medium,Common English
FUSS,,A tumult; a bustle; unnecessary or annoying ado about,english,medium,Common English
FUSSY,,Making a fuss; disposed to make an unnecessary ado about,english,medium,Common English
FUTILE,,Talkative; loquacious; tattling.,english,medium,Common English
FUTILITY,,The quality of being talkative; talkativeness;,english,medium,Common English
FUTURE,,That is to be or come hereafter; that will exist at any,english,medium,Common English
FUZZY,,Not firmly woven; that ravels.,english,medium,Common English
GAB,,The hook on the end of an eccentric rod opposite the strap.,english,medium,Common English
GAFFER,,An old fellow; an aged rustic.,english,medium,Common English
GAGGLE,,To make a noise like a goose; to cackle.,english,medium,Common English
GAILY,,Merrily; showily. See gaily.,english,medium,Common English
GAIT,,A going; a walk; a march; a way.,english,medium,Common English
GALE,,A strong current of air; a wind between a stiff breeze and a,english,medium,Common English
APHIDS,,Etc. See Gallnut.,english,medium,Common English
GALLANT,,Showy; splendid; magnificent; gay; well-dressed.,english,medium,Common English
MOUNTED,,Without a limber.,english,medium,Common English
GALORE,,Plenty; abundance; in abundance.,english,medium,Common English
GAMBLE,,To play or game for money or other stake.,english,medium,Common English
GAMBLER,,One who gambles.,english,medium,Common English
GANG,,To go; to walk.,english,medium,Common English
GANGRENE,,A term formerly restricted to mortification of the soft,english,medium,Common English
GANGWAY,,A passage or way into or out of any inclosed place;,english,medium,Common English
GARB,,Clothing in general.,english,medium,Common English
GARDENER,,One who makes and tends a garden; a horticulturist.,english,medium,Common English
GARISH,,Showy; dazzling; ostentatious; attracting or exciting,english,medium,Common English
GARNER,,A granary; a building or place where grain is stored for,english,medium,Common English
GARNET,,A mineral having many varieties differing in color and in,english,medium,Common English
GARNISH,,To decorate with ornamental appendages; to set off; to,english,medium,Common English
GARRET,,A turret; a watchtower.,english,medium,Common English
GARRISON,,A body of troops stationed in a fort or fortified town.,english,medium,Common English
GARTER,,A band worn to hold up a stocking.,english,medium,Common English
GASKET,,A line or band used to lash a furled sail securely. Sea,english,medium,Common English
GASSING,,The process of passing cotton goods between two rollers,english,medium,Common English
GASSY,,Full of gas; like gas. Hence: [Colloq.] Inflated; full of,english,medium,Common English
GAY,,Excited with merriment; manifesting sportiveness or,english,medium,Common English
GAZE,,To fixx the eyes in a steady and earnest look; to look,english,medium,Common English
GEAR,,Clothing; garments; ornaments.,english,medium,Common English
GEE,,An exclamation of surprise.,english,medium,Common English
GEEZ,,An ancient Ethiopic language.,english,medium,Common English
GENDARME,,One of a body of heavy cavalry.,english,medium,Common English
GENERATE,,To beget; to procreate; to propagate; to produce (a,english,medium,Common English
GENT,,Gentle; noble; of gentle birth.,english,medium,Common English
GENTEEL,,Possessing or exhibiting the qualities popularly regarded,english,medium,Common English
GENTILE,,One of a non-Jewish nation; one neither a Jew nor a,english,medium,Common English
GENTRY,,Birth; condition; rank by birth.,english,medium,Common English
GEOLOGY,,The science which treats: (a) Of the structure and mineral,english,medium,Common English
GEOMETRY,,That branch of mathematics which investigates the,english,medium,Common English
GEORDIE,,A name given by miners to George Stephenson's safety lamp.,english,medium,Common English
GERMAN,,Nearly related; closely akin.,english,medium,Common English
MODE,,A way or manner of doing something.,english,medium,Common English
GESTURE,,Manner of carrying the body; position of the body or,english,medium,Common English
GEYSER,,A boiling spring which throws forth at frequent intervals,english,medium,Common English
GHASTLY,,Like a ghost in appearance; deathlike; pale; pallid;,english,medium,Common English
GHETTO,,The Jews'quarter in an Italian town or city.,english,medium,Common English
GHOSTLY,,Relating to the soul; not carnal or secular; spiritual;,english,medium,Common English
GHOULISH,,Characteristic of a ghoul; vampirelike; hyenalike.,english,medium,Common English
GIANT,,A man of extraordinari bulk and stature.,english,medium,Common English
GIDDY,,Having in the head a sensation of whirling or reeling,english,medium,Common English
GIFT,,Anything given; anything voluntarily transferred by one,english,medium,Common English
GUIDE,,The leather strap by which the shield of a knight was slung,english,medium,Common English
GIGGLE,,To laugh with short catches of the breath or voice; to,english,medium,Common English
GILL,,An organ for aquatic respiration; a branchia.,english,medium,Common English
GIMP,,Smart; spruce; trim; nice.,english,medium,Common English
GIVER,,One who gives; a donor; a bestower; a grantor; one who,english,medium,Common English
GLAD,,Pleased; joyous; happy; cheerful; gratified; -- opposed,english,medium,Common English
GLADE,,An open passage through a wood; a grassy open or cleared,english,medium,Common English
GLADLY,,Preferably; by choice.,english,medium,Common English
GLADNESS,,State or quality of being glad; pleasure; joyful,english,medium,Common English
GLANCE,,A sudden flash of light or splendor.,english,medium,Common English
GLAZE,,To become glazed of glassy.,english,medium,Common English
GLEAN,,To gather information bit by bit.,english,medium,Common English
GLEE,,Music; minstrelsy; entertainment.,english,medium,Common English
GLEN,,A secluded and narrow valley; a dale; a depression between,english,medium,Common English
GLIMMER,,To give feeble or scattered rays of light; to shine,english,medium,Common English
GLIMPSE,,A sudden flash; transient luster.,english,medium,Common English
GLITTER,,To sparkle with light; to shine with a brilliant and,english,medium,Common English
GLOAT,,To look steadfastly; to gaze earnestly; -- usually in a,english,medium,Common English
GLOOMY,,Imperfectly illuminated; dismal through obscurity or,english,medium,Common English
GLORIFY,,To make glorious by bestowing glory upon; to confer,english,medium,Common English
GLOSS,,Brightness or luster of a body proceeding from a smooth,english,medium,Common English
GLOSSARY,,A collection of glosses or explanations of words and,english,medium,Common English
GLOVER,,One whose trade it is to make or sell gloves.,english,medium,Common English
GLOW,,To shine with an intense or white heat; to give forth,english,medium,Common English
STARCH,,By the action of heat and acids. It is only about half as,english,medium,Common English
GLUTTONY,,Excess in eating; extravagant indulgence of the appetite,english,medium,Common English
GNARLY,,Full of knots; knotty; twisted; crossgrained.,english,medium,Common English
GOATEE,,A part of a man's beard on the chin or lower lip which is,english,medium,Common English
GOBBLE,,To swallow or eat greedily or hastily; to gulp.,english,medium,Common English
GOBLIN,,An evil or mischievous spirit; a playful or malicious elf;,english,medium,Common English
GODSEND,,Something sent by God; an unexpected acquisiton or piece,english,medium,Common English
GODSON,,A male for whom one has stood sponsor in baptism. See,english,medium,Common English
GODSPEED,,Success; prosperous journeying; -- a contraction of the,english,medium,Common English
GOLDFISH,,A small domesticated cyprinoid fish (Carassius auratus);,english,medium,Common English
GOLF,,A sport in which players hit a ball into holes using clubs.,english,medium,Common English
GOLFER,,One who plays golf.,english,medium,Common English
GOMER,,A Hebrew measure. See Homer.,english,medium,Common English
GONG,,A metal disc that rings when struck.,english,medium,Common English
GOOD,,Of a high standard; desirable.,english,medium,Common English
GOODNESS,,The quality of being good in any of its various senses;,english,medium,Common English
GOPHER,,One of several North American burrowing rodents of the,english,medium,Common English
GORGE,,A narrow valley with steep sides.,english,medium,Common English
GORGEOUS,,Imposing through splendid or various colors; showy; fine;,english,medium,Common English
GORY,,Covered with gore or clotted blood.,english,medium,Common English
GOSSIP,,A sponsor; a godfather or a godmother.,english,medium,Common English
GOURMET,,A connoisseur in eating and drinking; an epicure.,english,medium,Common English
GOUT,,A drop; a clot or coagulation.,english,medium,Common English
GRABBER,,One who seizes or grabs.,english,medium,Common English
GRAFF,,A steward; an overseer.,english,medium,Common English
GRAIL,,A book of offices in the Roman Catholic Church; a gradual.,english,medium,Common English
GRAINY,,Resembling grains; granular.,english,medium,Common English
GRANDEUR,,The state or quality of being grand; vastness; greatness;,english,medium,Common English
GRANDSON,,A son's or daughter's son.,english,medium,Common English
GRANGE,,A building for storing grain; a granary.,english,medium,Common English
GRANGER,,A farm steward.,english,medium,Common English
GRAPE,,A well-known edible berry growing in pendent clusters or,english,medium,Common English
GRAPHICS,,The art or the science of drawing; esp. of drawing,english,medium,Common English
GRAPPLE,,To seize; to lay fast hold of; to attack at close,english,medium,Common English
GRASP,,To seize and hold by clasping or embracing with the,english,medium,Common English
GRASPING,,Seizing; embracing; catching.,english,medium,Common English
GRATE,,Serving to gratify; agreeable.,english,medium,Common English
GRATEFUL,,Having a due sense of benefits received; kindly disposed,english,medium,Common English
GRATIS,,For nothing; without fee or recompense; freely;,english,medium,Common English
GRATUITY,,Something given freely or without recompense; a free,english,medium,Common English
GRAVES,,The sediment of melted tallow. Same as Greaves.,english,medium,Common English
GRAVY,,The juice or other liquid matter that drips from flesh in,english,medium,Common English
GREAT,,Large in space; of much size; big; immense; enormous;,english,medium,Common English
GREAVES,,The sediment of melted tallow. It is made into cakes,english,medium,Common English
GREEDY,,Having a keen appetite for food or drink; ravenous;,english,medium,Common English
GREENERY,,Green plants; verdure.,english,medium,Common English
GRENADE,,A hollow ball or shell of iron filled with powder of other,english,medium,Common English
GRUESOME,,Ugly; frightful.,english,medium,Common English
GRIBBLE,,A small marine isopod crustacean (Limnoria lignorum or L.,english,medium,Common English
GRIDDLE,,An iron plate or pan used for cooking cakes.,english,medium,Common English
GRIFFIN,,An Anglo-Indian name for a person just arrived from,english,medium,Common English
GRILLE,,A lattice or grating.,english,medium,Common English
GRIM,,Of forbidding or fear-inspiring aspect; fierce; stern;,english,medium,Common English
GRIMY,,Full of grime; begrimed; dirty; foul.,english,medium,Common English
GRIN,,A broad smile.,english,medium,Common English
GRIPE,,A vulture; the griffin.,english,medium,Common English
GRISTLE,,Cartilage. See Cartilage.,english,medium,Common English
GRITTY,,Containing sand or grit; consisting of grit; caused by,english,medium,Common English
GRIZZLY,,Somewhat gray; grizzled.,english,medium,Common English
GROGGY,,Overcome with grog; tipsy; unsteady on the legs.,english,medium,Common English
GROSS,,Great; large; bulky; fat; of huge size; excessively,english,medium,Common English
GROSSLY,,In a gross manner; greatly; coarsely; without delicacy;,english,medium,Common English
GROUT,,Coarse meal; ground malt; pl. groats.,english,medium,Common English
GRUBBY,,Dirty; unclean.,english,medium,Common English
GRUDGE,,To look upon with desire to possess or to appropriate;,english,medium,Common English
GRUMBLE,,To murmur or mutter with discontent; to make,english,medium,Common English
GRUMPY,,Surly; dissatisfied; grouty.,english,medium,Common English
GUEST,,A visitor; a person received and entertained in one's house,english,medium,Common English
GUILE,,Craft; deceitful cunning; artifice; duplicity; wile; deceit;,english,medium,Common English
GUINEA,,A district on the west coast of Africa (formerly noted for,english,medium,Common English
STERLING,,But not coined since the issue of,english,medium,Common English
GUISE,,Customary way of speaking or acting; custom; fashion;,english,medium,Common English
GUITAR,,A stringed instrument of music resembling the lute or the,english,medium,Common English
GULCH,,Act of gulching or gulping.,english,medium,Common English
GULL,,To deceive; to cheat; to mislead; to trick; to defraud.,english,medium,Common English
GULLET,,The tube carrying food from mouth to stomach.,english,medium,Common English
GULLIBLE,,Easily gulled; that may be duped.,english,medium,Common English
GUMBO,,A soup thickened with the mucilaginous pods of the okra;,english,medium,Common English
GUMMY,,Consisting of gum; viscous; adhesive; producing or,english,medium,Common English
GUMP,,A dolt; a dunce.,english,medium,Common English
GUMPTION,,Capacity; shrewdness; common sense.,english,medium,Common English
GUNNERY,,That branch of military science which comprehends the,english,medium,Common English
GUNNING,,The act or practice of hunting or shooting game with a,english,medium,Common English
GUNSHOT,,Act of firing a gun; a shot.,english,medium,Common English
GUST,,A sudden squall; a violent blast of wind; a sudden and brief,english,medium,Common English
GUSTO,,Nice or keen appreciation or enjoyment; relish; taste;,english,medium,Common English
GUTTER,,A channel at the eaves of a roof for conveying away the,english,medium,Common English
GUZZLE,,To swallow liquor greedily; to drink much or frequently.,english,medium,Common English
GYE,,To guide; to govern.,english,medium,Common English
GYMNAST,,One who teaches or practices gymnastic exercises; the,english,medium,Common English
GYPSUM,,A mineral consisting of the hydrous sulphate of lime,english,medium,Common English
HABITUAL,,Formed or acquired by habit or use.,english,medium,Common English
HACKMAN,,The driver of a hack or carriage for public hire.,english,medium,Common English
HACKNEY,,A horse for riding or driving; a nag; a pony.,english,medium,Common English
HADJI,,A Mohammedan pilgrim to Mecca; -- used among Orientals as a,english,medium,Common English
HAGGARD,,Wild or intractable; disposed to break away from duty;,english,medium,Common English
HAGGLE,,To cut roughly or hack; to cut into small pieces; to,english,medium,Common English
HAN,,To inclose for mowing; to set aside for grass.,english,medium,Common English
HAIRLESS,,Destitute of hair.,english,medium,Common English
HAIRY,,Bearing or covered with hair; made of or resembling hair;,english,medium,Common English
HALLOW,,To make holy; to set apart for holy or religious use; to,english,medium,Common English
HALTER,,One who halts or limps; a cripple.,english,medium,Common English
HAMLET,,A small village; a little cluster of houses in the country.,english,medium,Common English
HAMSTER,,A small European rodent (Cricetus frumentarius). It is,english,medium,Common English
HANDFUL,,As much as the hand will grasp or contain.,english,medium,Common English
HANDICAP,,An allowance of a certain amount of time or distance in,english,medium,Common English
HANDLE,,To touch; to feel with the hand; to use or hold with the,english,medium,Common English
HANDSOME,,Dexterous; skillful; handy; ready; convenient; --,english,medium,Common English
HANDY,,Performed by the hand.,english,medium,Common English
HANG,,To suspend; to fasten to some elevated point without,english,medium,Common English
HANK,,A parcel consisting of two or more skeins of yarn or thread,english,medium,Common English
HANSARD,,An official report of proceedings in the British,english,medium,Common English
HAP,,To clothe; to wrap.,english,medium,Common English
HAPLESS,,Without hap or luck; luckless; unfortunate; unlucky;,english,medium,Common English
HAPPEN,,To come by chance; to come without previous expectation;,english,medium,Common English
HARASS,,To fatigue; to tire with repeated and exhausting,english,medium,Common English
HARDEN,,To make hard or harder; to make firm or compact; to,english,medium,Common English
HARDLY,,In a hard or difficult manner; with difficulty.,english,medium,Common English
HARDY,,Bold; brave; stout; daring; resolu?e; intrepid.,english,medium,Common English
HAREM,,The apartments or portion of the house allotted to females,english,medium,Common English
HARK,,To listen; to hearken.,english,medium,Common English
HARM,,Injury; hurt; damage; detriment; misfortune.,english,medium,Common English
HARP,,A musical instrument consisting of a triangular frame,english,medium,Common English
HARPER,,A player on the harp; a minstrel.,english,medium,Common English
HARSH,,Rough; disagreeable; grating,english,medium,Common English
HARSHLY,,In a harsh manner; gratingly; roughly; rudely.,english,medium,Common English
HART,,A stag; the male of the red deer. See the Note under Buck.,english,medium,Common English
HARVEST,,The gathering of a crop of any kind; the ingathering of,english,medium,Common English
HASTEN,,To press; to drive or urge forward; to push on; to,english,medium,Common English
HATCH,,To emerge from an egg.,english,medium,Common English
HATEFUL,,Manifesting hate or hatred; malignant; malevolent.,english,medium,Common English
HATRED,,Strong aversion; intense dislike; hate; an affection of the,english,medium,Common English
HATTER,,To tire or worry; -- out.,english,medium,Common English
HAUGHTY,,High; lofty; bold.,english,medium,Common English
HAUL,,To pull or draw with force; to drag.,english,medium,Common English
HAUNT,,To frequent; to resort to frequently; to visit,english,medium,Common English
HAVOC,,Wide and general destruction; devastation; waste.,english,medium,Common English
HAYSTACK,,A stack or conical pile of hay in the open air.,english,medium,Common English
HAZARD,,A game of chance played with dice.,english,medium,Common English
HAZE,,Light vapor or smoke in the air which more or less impedes,english,medium,Common English
HAZY,,Thick with haze; somewhat obscured with haze; not clear or,english,medium,Common English
HEADACHE,,Pain in the head; cephalalgia.,english,medium,Common English
HEADBAND,,A fillet; a band for the head.,english,medium,Common English
HEADY,,Willful; rash; precipitate; hurried on by will or passion;,english,medium,Common English
HEALTHY,,Being in a state of health; enjoying health; hale;,english,medium,Common English
HEAP,,A crowd; a throng; a multitude or great number of persons.,english,medium,Common English
HEAR,,To perceive sound with the ears.,english,medium,Common English
HEARSAY,,Report; rumor; fame; common talk; something heard from,english,medium,Common English
HEARSE,,A hind in the year of its age.,english,medium,Common English
HEARTED,,Having a heart; having (such) a heart (regarded as the,english,medium,Common English
HEARTILY,,From the heart; with all the heart; with sincerity.,english,medium,Common English
HEAVE,,To cause to move upward or onward by a lifting effort; to,english,medium,Common English
HECTIC,,Habitual; constitutional; pertaining especially to slow,english,medium,Common English
HEED,,To mind; to regard with care; to take notice of; to attend,english,medium,Common English
SOCK,,A solid part projecting downward from the hinder,english,medium,Common English
HEFTY,,Moderately heavy.,english,medium,Common English
HEIGHT,,The condition of being high; elevated position.,english,medium,Common English
HEIGHTEN,,To make high; to raise higher; to elevate.,english,medium,Common English
HEINOUS,,Hateful; hatefully bad; flagrant; odious; atrocious;,english,medium,Common English
HELIUM,,A gaseous element found in the atmospheres of the sun and,english,medium,Common English
HELIX,,A nonplane curve whose tangents are all equally inclined to,english,medium,Common English
TILLER,,Etc.; -- commonly used of the tiller or wheel alone.,english,medium,Common English
HELP,,To furnish with strength or means for the successful,english,medium,Common English
HELPFUL,,Furnishing help; giving aid; assistant; useful; salutary.,english,medium,Common English
HELPLESS,,Destitute of help or strength; unable to help or defend,english,medium,Common English
HEMATOMA,,A circumscribed swelling produced by an effusion of blood,english,medium,Common English
NEUTER,,Whether male or female; -- said of,english,medium,Common English
HENCHMAN,,An attendant; a servant; a follower. Now chiefly used as,english,medium,Common English
HENHOUSE,,A house or shelter for fowls.,english,medium,Common English
HEREDITY,,Hereditary transmission of the physical and psychical,english,medium,Common English
HERESY,,An opinion held in opposition to the established or,english,medium,Common English
HERETIC,,One who holds to a heresy; one who believes some doctrine,english,medium,Common English
HERETO,,To this; hereunto.,english,medium,Common English
HERMIT,,A person who retires from society and lives in solitude; a,english,medium,Common English
HEROINE,,A woman of an heroic spirit.,english,medium,Common English
HERSELF,,An emphasized form of the third person feminine,english,medium,Common English
HESITANT,,Not prompt in deciding or acting; hesitating.,english,medium,Common English
HESITATE,,To stop or pause respecting decision or action; to be,english,medium,Common English
PULLEY,,In which the resistance and the actuating force are on,english,medium,Common English
HETMAN,,A Cossack headman or general. The title of chief hetman is,english,medium,Common English
HIDDEN,,From Hide. Concealed; put out of view; secret; not,english,medium,Common English
HIGHLAND,,Elevated or mountainous land; (often in the pl.) an,english,medium,Common English
HIGHNESS,,The state of being high; elevation; loftiness.,english,medium,Common English
HIGHWAY,,A road or way open to the use of the public; a main road,english,medium,Common English
PINT,,English measure.,english,medium,Common English
HINDU,,A native inhabitant of Hindostan. As an ethnical term it is,english,medium,Common English
HINDUISM,,The religious doctrines and rites of the Hindoos;,english,medium,Common English
HINT,,To bring to mind by a slight mention or remote allusion;,english,medium,Common English
HIP,,The projecting region of the lateral parts of one side of the,english,medium,Common English
HIS,,Belonging or pertaining to him; -- used as a pronominal,english,medium,Common English
HISTORY,,A learning or knowing by inquiry; the knowledge of facts,english,medium,Common English
HITCH,,A temporary problem; also to fasten something.,english,medium,Common English
HITHERTO,,To this place; to a prescribed limit.,english,medium,Common English
HOARDER,,One who hoards.,english,medium,Common English
HOAX,,A deception for mockery or mischief; a deceptive trick or,english,medium,Common English
HOCUS,,To deceive or cheat.,english,medium,Common English
SESSION,,To direct and bring about officially; to conduct,english,medium,Common English
HOLDER,,One who is employed in the hold of a vessel.,english,medium,Common English
HOLIDAY,,A consecrated day; religious anniversary; a day set apart,english,medium,Common English
HOLLAND,,A kind of linen first manufactured in Holland; a linen,english,medium,Common English
PIKE,,Etc.; the bony ganoids. See Illustration in Appendix.,english,medium,Common English
HOMELESS,,Destitute of a home.,english,medium,Common English
HOMEMADE,,Made at home; of domestic manufacture; made either in a,english,medium,Common English
HOMESICK,,Pining for home; in a nostalgic condition.,english,medium,Common English
HOMICIDE,,The killing of one human being by another.,english,medium,Common English
HOMING,,Home-returning; -- used specifically of carrier pigeons.,english,medium,Common English
HONE,,To pine; to lament; to long.,english,medium,Common English
HONEST,,Decent; honorable; suitable; becoming.,english,medium,Common English
HONESTLY,,Honorably; becomingly; decently.,english,medium,Common English
HONESTY,,Honor; honorableness; dignity; propriety; suitableness;,english,medium,Common English
HONG,,A mercantile establishment or factory for foreign trade in,english,medium,Common English
OFFICES,,His Honor the Mayor. See Note under,english,medium,Common English
HOODOO,,One who causes bad luck.,english,medium,Common English
HOOF,,The horny substance or case that covers or terminates the,english,medium,Common English
HOOKY,,Full of hooks; pertaining to hooks.,english,medium,Common English
HOOPS,,Circular rings; plural of hoop.,english,medium,Common English
HOOPER,,One who hoops casks or tubs; a cooper.,english,medium,Common English
HOOT,,To cry out or shout in contempt.,english,medium,Common English
HOPELESS,,Destitute of hope; having no expectation of good;,english,medium,Common English
HORIZON,,The circle which bounds that part of the earth's surface,english,medium,Common English
HORNED,,Furnished with a horn or horns; furnished with a hornlike,english,medium,Common English
HORNER,,One who works or deal in horn or horns.,english,medium,Common English
HORRIBLY,,In a manner to excite horror; dreadfully; terribly.,english,medium,Common English
HORRID,,Rough; rugged; bristling.,english,medium,Common English
HORRIFIC,,Causing horror; frightful.,english,medium,Common English
HORROR,,A bristling up; a rising into roughness; tumultuous,english,medium,Common English
HORSEMAN,,A rider on horseback; one skilled in the management of,english,medium,Common English
HOSPICE,,A convent or monastery which is also a place of refuge or,english,medium,Common English
HOSPITAL,,A place for shelter or entertainment; an inn.,english,medium,Common English
HOSTAGE,,A person given as a pledge or security for the performance,english,medium,Common English
HOSTESS,,A female host; a woman who hospitably entertains guests at,english,medium,Common English
HOSTILE,,Belonging or appropriate to an enemy; showing the,english,medium,Common English
HOSTING,,An encounter; a battle.,english,medium,Common English
HOTBED,,A bed of earth heated by fermenting manure or other,english,medium,Common English
HOTEL,,A house for entertaining strangers or travelers; an inn or,english,medium,Common English
HOTHOUSE,,A house kept warm to shelter tender plants and shrubs,english,medium,Common English
HOUR,,The twenty-fourth part of a day; sixty minutes.,english,medium,Common English
HOURLY,,Happening or done every hour; occurring hour by hour;,english,medium,Common English
HOVER,,A cover; a shelter; a protection.,english,medium,Common English
HUBBUB,,A loud noise of many confused voices; a tumult; uproar.,english,medium,Common English
HUCK,,To higgle in trading.,english,medium,Common English
HUE,,Color or shade of color; tint; dye.,english,medium,Common English
HUG,,To cower; to crouch; to curl up.,english,medium,Common English
HUGE,,Very large; enormous; immense; excessive; -- used esp.,english,medium,Common English
HUGGER,,One who hugs or embraces.,english,medium,Common English
HUMAN,,Belonging to man or mankind; having the qualities or,english,medium,Common English
HUMANIST,,One of the scholars who in the field of literature proper,english,medium,Common English
HUMANLY,,In a human manner; after the manner of men; according to,english,medium,Common English
HUMBLE,,Near the ground; not high or lofty; not pretentious or,english,medium,Common English
HUMBUG,,An imposition under fair pretenses; something contrived in,english,medium,Common English
HUMDRUM,,Monotonous; dull; commonplace.,english,medium,Common English
HUMMEL,,To separate from the awns; -- said of barley.,english,medium,Common English
HUMOROUS,,Moist; humid; watery.,english,medium,Common English
HUMPBACK,,A crooked back; a humped back.,english,medium,Common English
HUNCH,,A hump; a protuberance.,english,medium,Common English
HUNGER,,An uneasy sensation occasioned normally by the want of,english,medium,Common English
HUNGRY,,Feeling hunger; having a keen appetite; feeling,english,medium,Common English
HURL,,To send whirling or whizzing through the air; to throw,english,medium,Common English
HURRIES,,A staith or framework from which coal is discharged from,english,medium,Common English
HURRY,,To hasten; to impel to greater speed; to urge on.,english,medium,Common English
HURST,,A wood or grove; -- a word used in the composition of many,english,medium,Common English
HURTFUL,,Tending to impair or damage; injurious; mischievous;,english,medium,Common English
HUSH,,To still; to silence; to calm; to make quiet; to repress,english,medium,Common English
HUSKY,,Abounding with husks; consisting of husks.,english,medium,Common English
HUSSY,,A housewife or housekeeper.,english,medium,Common English
HYDRANT,,A discharge pipe with a valve and spout at which water may,english,medium,Common English
HYDRATE,,A compound formed by the union of water with some other,english,medium,Common English
HYGIENE,,That department of sanitary science which treats of the,english,medium,Common English
HYMEN,,A fold of muscous membrane often found at the orifice of the,english,medium,Common English
HYPERION,,The god of the sun; in the later mythology identified,english,medium,Common English
HYPNOSIS,,Supervention of sleep.,english,medium,Common English
ICE,,Water or other fluid frozen or reduced to the solid state by,english,medium,Common English
ICON,,A picture or symbol representing something.,english,medium,Common English
IDEAL,,Existing in idea or thought; conceptional; intellectual;,english,medium,Common English
IDEALIST,,One who idealizes; one who forms picturesque fancies; one,english,medium,Common English
IDEALLY,,In an ideal manner; by means of ideals; mentally.,english,medium,Common English
IDENTIFY,,To make to be the same; to unite or combine in such a,english,medium,Common English
IDIOM,,The syntactical or structural form peculiar to any language;,english,medium,Common English
IDLE,,Of no account; useless; vain; trifling; unprofitable;,english,medium,Common English
IDLENESS,,The condition or quality of being idle (in the various,english,medium,Common English
IDLY,,In a idle manner; ineffectually; vainly; lazily;,english,medium,Common English
IDOL,,An image or representation of anything.,english,medium,Common English
IGLOO,,An Eskimo snow house.,english,medium,Common English
IGNOBLE,,Of low birth or family; not noble; not illustrious;,english,medium,Common English
IGNORANT,,Destitute of knowledge; uninstructed or uninformed;,english,medium,Common English
IGNORE,,To be ignorant of or not acquainted with.,english,medium,Common English
ILK,,Same; each; every.,english,medium,Common English
ILLUSION,,An unreal image presented to the bodily or mental vision;,english,medium,Common English
IMAGERY,,The work of one who makes images or visible representation,english,medium,Common English
IMAGINE,,To form in the mind a notion or idea of; to form a,english,medium,Common English
IMITATES,,One having secretion offensive to birds.,english,medium,Common English
IMMATURE,,Not mature; unripe; not arrived at perfection of full,english,medium,Common English
IMMENSE,,Immeasurable; unlimited. In commonest use: Very great;,english,medium,Common English
IMMERSE,,Immersed; buried; hid; sunk.,english,medium,Common English
IMMINENT,,Threatening to occur immediately; near at hand;,english,medium,Common English
IMMOBILE,,Incapable of being moved; immovable; fixed; stable.,english,medium,Common English
IMMORTAL,,Not mortal; exempt from liability to die; undying;,english,medium,Common English
IMMUNE,,Exempt; protected by inoculation.,english,medium,Common English
IMP,,A shoot; a scion; a bud; a slip; a graft.,english,medium,Common English
IMPACT,,To drive close; to press firmly together: to wedge into,english,medium,Common English
IMPALE,,To pierce with a pale; to put to death by fixing on a,english,medium,Common English
IMPEACH,,To hinder; to impede; to prevent.,english,medium,Common English
IMPETUS,,A property possessed by a moving body in virtue of its,english,medium,Common English
IMPLICIT,,Infolded; entangled; complicated; involved.,english,medium,Common English
IMPLIED,,Virtually involved or included; involved in substance;,english,medium,Common English
IMPLODED,,Formed by implosion.,english,medium,Common English
IMPLY,,To infold or involve; to wrap up.,english,medium,Common English
IMPOLITE,,Not polite; not of polished manners; wanting in good,english,medium,Common English
IMPORT,,To bring in from abroad; to introduce from without;,english,medium,Common English
IMPORTER,,One who imports; the merchant who brings goods into a,english,medium,Common English
IMPOSE,,To lay on; to set or place; to put; to deposit.,english,medium,Common English
IMPOSTOR,,One who imposes upon others; a person who assumes a,english,medium,Common English
IMPOUND,,To shut up or place in an inclosure called a pound;,english,medium,Common English
IMPRINT,,To impress; to mark by pressure; to indent; to stamp.,english,medium,Common English
IMPRISON,,To put in prison or jail; To arrest and detain in,english,medium,Common English
IMPROPER,,Not proper; not suitable; not fitted to the,english,medium,Common English
IMPROVE,,To disprove or make void; to refute.,english,medium,Common English
IMPURE,,Not pure; not clean; dirty; foul; filthy; containing,english,medium,Common English
IMPURITY,,The condition or quality of being impure in any sense;,english,medium,Common English
INJECT,,In- regularly becomes il-,english,medium,Common English
INACTION,,Want of action or activity; forbearance from labor;,english,medium,Common English
INANE,,Without contents; empty; void of sense or intelligence;,english,medium,Common English
INASMUCH,,In like degree; in like manner; seeing that;,english,medium,Common English
INC,,A Japanese measure of length equal to about two and one,english,medium,Common English
INCENSE,,To set on fire; to inflame; to kindle; to burn.,english,medium,Common English
INCITE,,To move to action; to stir up; to rouse; to spur or urge,english,medium,Common English
INCOME,,A coming in; entrance; admittance; ingress; infusion.,english,medium,Common English
INCOMING,,Coming in; accruing.,english,medium,Common English
INDECENT,,Not decent; unfit to be seen or heard; offensive to,english,medium,Common English
INDEED,,In reality; in truth; in fact; verily; truly; -- used in,english,medium,Common English
INDICATE,,To point out; to discover; to direct to a knowledge,english,medium,Common English
INDICT,,To write; to compose; to dictate; to indite.,english,medium,Common English
INDIGENT,,Wanting; void; free; destitute; -- used with of.,english,medium,Common English
INDOOR,,Done or being within doors; within a house or institution;,english,medium,Common English
INDUCE,,To lead in; to introduce.,english,medium,Common English
USING,,Inductive reasoning.,english,medium,Common English
INDULGE,,To be complacent toward; to give way to; not to oppose,english,medium,Common English
INEPT,,Not apt or fit; unfit; unsuitable; improper; unbecoming.,english,medium,Common English
INERTIA,,That property of matter by which it tends when at rest to,english,medium,Common English
INFAMOUS,,Of very bad report; having a reputation of the worst,english,medium,Common English
INFAMY,,Total loss of reputation; public disgrace; dishonor;,english,medium,Common English
INFANTRY,,A body of children.,english,medium,Common English
INFECT,,Infected. Cf. Enfect.,english,medium,Common English
INFER,,To bring on; to induce; to occasion.,english,medium,Common English
INFIDEL,,Not holding the faith; -- applied esp. to one who does not,english,medium,Common English
INFLATE,,Blown in; inflated.,english,medium,Common English
INFORM,,Without regular form; shapeless; ugly; deformed.,english,medium,Common English
INHALER,,One who inhales.,english,medium,Common English
INHERENT,,Permanently existing in something; inseparably attached,english,medium,Common English
INHERIT,,To take by descent from an ancestor; to take by,english,medium,Common English
INHIBIT,,To check; to hold back; to restrain; to hinder.,english,medium,Common English
INHUMAN,,Destitute of the kindness and tenderness that belong to a,english,medium,Common English
INITIATE,,To introduce by a first act; to make a beginning with;,english,medium,Common English
INJURE,,To do harm to; to impair the excellence and value of; to,english,medium,Common English
INKLING,,A hint; an intimation.,english,medium,Common English
INLAND,,Within the land; more or less remote from the ocean or from,english,medium,Common English
INLET,,A passage by which an inclosed place may be entered; a place,english,medium,Common English
INMATE,,One who lives in the same house or apartment with another;,english,medium,Common English
INQUEST,,Inquiry; quest; search.,english,medium,Common English
INQUIRY,,The act of inquiring; a seeking for information by asking,english,medium,Common English
INSANE,,Exhibiting unsoundness or disorded of mind; not sane; mad;,english,medium,Common English
INSANELY,,Without reason; madly; foolishly.,english,medium,Common English
INSANITY,,The state of being insane; unsoundness or derangement of,english,medium,Common English
INSECURE,,Not secure; not confident of safety or permanence;,english,medium,Common English
INSERT,,To set within something; to put or thrust in; to,english,medium,Common English
INSIDE,,Within the sides of; in the interior; contained within;,english,medium,Common English
INSIGHT,,A sight or view of the interior of anything; a deep,english,medium,Common English
INSIPID,,Wanting in the qualities which affect the organs of taste;,english,medium,Common English
INSOLENT,,Deviating from that which is customary; novel; strange;,english,medium,Common English
INSOMNIA,,Want of sleep; inability to sleep; wakefulness;,english,medium,Common English
OFFERED,,Etc.; to oversee; to superintend.,english,medium,Common English
INSPIRE,,To breathe into; to fill with the breath; to animate.,english,medium,Common English
INSTALL,,To set in a seat; to give a place to; establish (one),english,medium,Common English
INSTANCE,,The act or quality of being instant or pressing; urgency;,english,medium,Common English
INSTANT,,Pressing; urgent; importunate; earnest.,english,medium,Common English
INSTINCT,,Urged or stimulated from within; naturally moved or,english,medium,Common English
MAXIM,,Recognized as established and authoritative; usually in,english,medium,Common English
INSTRUCT,,Arranged; furnished; provided.,english,medium,Common English
INSULATE,,To make an island of.,english,medium,Common English
INTAKE,,The place where water or air is taken into a pipe or,english,medium,Common English
INTEND,,To stretch' to extend; to distend.,english,medium,Common English
INTENSE,,Strained; tightly drawn; kept on the stretch; strict; very,english,medium,Common English
INTENT,,A purpose or aim.,english,medium,Common English
INTER,,To deposit and cover in the earth; to bury; to inhume;,english,medium,Common English
INTERNAL,,Inward; interior; being within any limit or surface;,english,medium,Common English
INTERVAL,,A space between things; a void space intervening between,english,medium,Common English
INTIMACY,,The state of being intimate; close familiarity or,english,medium,Common English
INTIMATE,,Innermost; inward; internal; deep-seated; hearty.,english,medium,Common English
INTREPID,,Not trembling or shaking with fear; fearless; bold;,english,medium,Common English
INTRIGUE,,To form a plot or scheme; to contrive to accomplish a,english,medium,Common English
INTRUDE,,To thrust one's self in; to come or go in without,english,medium,Common English
INVADE,,To enter a place by force.,english,medium,Common English
INVADER,,One who invades; an assailant; an encroacher; an intruder.,english,medium,Common English
INVASION,,The act of invading; the act of encroaching upon the,english,medium,Common English
INVASIVE,,Tending to invade; characterized by invasion; aggressive.,english,medium,Common English
INVENT,,To come or light upon; to meet; to find.,english,medium,Common English
INVEST,,To put garments on; to clothe; to dress; to array; --,english,medium,Common English
INVESTOR,,One who invests.,english,medium,Common English
INVISION,,Want of vision or of the power of seeing.,english,medium,Common English
INVITE,,To ask; to request; to bid; to summon; to ask to do some,english,medium,Common English
INVOKE,,To call upon for help or authority.,english,medium,Common English
INVOLVE,,To roll or fold up; to wind round; to entwine.,english,medium,Common English
INWARD,,Being or placed within; inner; interior; -- opposed to,english,medium,Common English
ION,,One of the elements which appear at the respective poles when,english,medium,Common English
IOTA,,The ninth Greek letter; a very small amount.,english,medium,Common English
IRATE,,Angry; incensed; enraged.,english,medium,Common English
IRISHMAN,,A man born in Ireland or of the Irish race; an Hibernian.,english,medium,Common English
NOTES,,Brief written records; plural of note.,english,medium,Common English
IRRIGATE,,To water; to wet; to moisten with running or dropping,english,medium,Common English
IRRITATE,,To render null and void.,english,medium,Common English
ISLANDER,,An inhabitant of an island.,english,medium,Common English
ISOLATE,,To place in a detached situation; to place by itself or,english,medium,Common English
ITALIC,,Relating to Italy or to its people.,english,medium,Common English
ITEM,,Also; as an additional article.,english,medium,Common English
ITS,,Possessive form of the pronoun it. See It.,english,medium,Common English
JACKMAN,,One wearing a jack; a horse soldier; a retainer. See 3d,english,medium,Common English
JAG,,A sharp point or sudden stab.,english,medium,Common English
JAGGER,,One who carries about a small load; a peddler. See 2d Jag.,english,medium,Common English
JAMAICA,,One of the West India is islands.,english,medium,Common English
JANITOR,,A door-keeper; a porter; one who has the care of a public,english,medium,Common English
JANUS,,A Latin deity represented with two faces looking in opposite,english,medium,Common English
JAUNT,,To ramble here and there; to stroll; to make an,english,medium,Common English
JAWBONE,,The bone of either jaw; a maxilla or a mandible.,english,medium,Common English
JEALOUS,,Zealous; solicitous; vigilant; anxiously watchful.,english,medium,Common English
JEALOUSY,,The quality of being jealous; earnest concern or,english,medium,Common English
JENKINS,,Name of contempt for a flatterer of persons high in social,english,medium,Common English
JENNY,,A familiar or pet form of the proper name Jane.,english,medium,Common English
JERKY,,Moving by jerks and starts; characterized by abrupt,english,medium,Common English
JEST,,A deed; an action; a gest.,english,medium,Common English
JESTER,,A buffoon; a merry-andrew; a court fool.,english,medium,Common English
JEWESS,,A Hebrew woman.,english,medium,Common English
JIB,,A triangular sail set upon a stay or halyard extending from,english,medium,Common English
JIGGLE,,To wriggle or frisk about; to move awkwardly; to shake,english,medium,Common English
JIMMY,,A short crowbar used by burglars in breaking open doors.,english,medium,Common English
JOB,,A sudden thrust or stab; a jab.,english,medium,Common English
JOCKEY,,A professional rider of horses in races.,english,medium,Common English
JOHNNY,,A familiar diminutive of John.,english,medium,Common English
JOINTLY,,In a joint manner; together; unitedly; in concert; not,english,medium,Common English
JOKER,,One who makes jokes or jests.,english,medium,Common English
JOLLY,,Full of life and mirth; jovial; joyous; merry;,english,medium,Common English
JOSTLE,,To run against and shake; to push out of the way; to,english,medium,Common English
JOURNAL,,Daily; diurnal.,english,medium,Common English
SPINDLE,,Which turns in a bearing or box. See Illust. of Axle,english,medium,Common English
JOVE,,The chief divinity of the ancient Romans; Jupiter.,english,medium,Common English
JUDAISM,,The religious doctrines and rites of the Jews as enjoined,english,medium,Common English
JUDAS,,The disciple who betrayed Christ. Hence: A treacherous,english,medium,Common English
JUGGLE,,To play tricks by sleight of hand; to cause amusement,english,medium,Common English
JUGGLER,,One who practices or exhibits tricks by sleight of hand;,english,medium,Common English
JUICE,,The characteristic fluid of any vegetable or animal,english,medium,Common English
JUICY,,A bounding with juice; succulent.,english,medium,Common English
JUKE,,To bend the neck; to bow or duck the head.,english,medium,Common English
JULIENNE,,A kind of soup containing thin slices or shreds of,english,medium,Common English
JUMBLE,,To mix in a confused mass; to put or throw together,english,medium,Common English
JUMP,,A kind of loose jacket for men.,english,medium,Common English
JUNCTURE,,A joining; a union; an alliance.,english,medium,Common English
JUNIOR,,Less advanced in age than another; younger.,english,medium,Common English
JUNK,,A fragment of any solid substance; a thick piece. See Chunk.,english,medium,Common English
JUNKET,,A cheese cake; a sweetmeat; any delicate food.,english,medium,Common English
JURA,,1. A range of mountains between France and Switzerland.,english,medium,Common English
JUST,,Conforming or conformable to rectitude or justice; not doing,english,medium,Common English
JUSTIFY,,To prove or show to be just; to vindicate; to maintain or,english,medium,Common English
JUT,,To shoot out or forward; to project beyond the main body;,english,medium,Common English
KAISER,,The ancient title of emperors of Germany assumed by King,english,medium,Common English
KAT,,A shrub whose leaves are chewed as a stimulant.,english,medium,Common English
KEEL,,The main beam along the bottom of a ship.,english,medium,Common English
KEELER,,One employed in managing a Newcastle keel; -- called also,english,medium,Common English
KEENER,,A professional mourner who wails at a funeral.,english,medium,Common English
KEEP,,To retain or hold on to something.,english,medium,Common English
KEG,,A small cask or barrel.,english,medium,Common English
KENNEL,,A shelter for a dog.,english,medium,Common English
KERCHIEF,,A square of fine linen worn by women as a covering for,english,medium,Common English
KERN,,A light-armed foot soldier of the ancient militia of Ireland,english,medium,Common English
KERNEL,,The essential part of a seed; all that is within the seed,english,medium,Common English
KETCHUP,,A sauce. See Catchup.,english,medium,Common English
KEYNOTE,,The tonic or first tone of the scale in which a piece or,english,medium,Common English
KEYSTONE,,The central or topmost stone of an arch. This in some,english,medium,Common English
KIDDY,,To deceive; to outwit; to hoax.,english,medium,Common English
KILO,,An abbreviation of Kilogram.,english,medium,Common English
KINDLE,,To bring forth young.,english,medium,Common English
KINDRED,,Relationship by birth or marriage; consanguinity;,english,medium,Common English
KINSHIP,,Family relationship.,english,medium,Common English
KINSMAN,,A man of the same race or family; one related by blood.,english,medium,Common English
KIPPER,,A salmon after spawning.,english,medium,Common English
KIRKMAN,,A clergyman or officer in a kirk.,english,medium,Common English
KISSER,,One who kisses.,english,medium,Common English
KITCHEN,,A cookroom; the room of a house appropriated to cookery.,english,medium,Common English
KNEEL,,To bend the knee; to fall or rest on the knees; --,english,medium,Common English
VERGE,,A member of the household being one,english,medium,Common English
KNOB,,A round handle on a door or drawer.,english,medium,Common English
KNOCK,,To drive or be driven against something; to strike,english,medium,Common English
KNOLL,,A little round hill; a mound; a small elevation of earth;,english,medium,Common English
KNOT,,A fastening together of the pars or ends of one or more,english,medium,Common English
KRANG,,The carcass of a whale after the blubber has been removed.,english,medium,Common English
KUDOS,,Glory; fame; renown; praise.,english,medium,Common English
LAB,,To prate; to gossip; to babble; to blab.,english,medium,Common English
LACK,,Blame; cause of blame; fault; crime; offense.,english,medium,Common English
LACKEY,,An attending male servant; a footman; a servile follower.,english,medium,Common English
LACTOSE,,Sugar of milk or milk sugar; a crystalline sugar present,english,medium,Common English
LADDIE,,A lad; a male sweetheart.,english,medium,Common English
LADYLIKE,,Like a lady in appearance or manners; well-bred.,english,medium,Common English
LADYSHIP,,The rank or position of a lady; -- given as a title,english,medium,Common English
LAMENT,,To express or feel sorrow; to weep or wail; to mourn.,english,medium,Common English
LANDFALL,,A sudden transference of property in land by the death of,english,medium,Common English
LANDLADY,,A woman having real estate which she leases to a tenant,english,medium,Common English
SOUNDS,,Articulated by the organs of the throat,english,medium,Common English
LANGUISH,,To become languid or weak; to lose strength or,english,medium,Common English
LANYARD,,A short piece of rope or line for fastening something in,english,medium,Common English
LAPDOG,,A small dog fondled in the lap.,english,medium,Common English
LARCENY,,The unlawful taking and carrying away of things personal,english,medium,Common English
LARD,,Bacon; the flesh of swine.,english,medium,Common English
LARDER,,A room or place where meat and other articles of food are,english,medium,Common English
LARK,,A frolic; a jolly time.,english,medium,Common English
LARVA,,Any young insect from the time that it hatches from the egg,english,medium,Common English
LAS,,A lace. See Lace.,english,medium,Common English
LASS,,A youth woman; a girl; a sweetheart.,english,medium,Common English
LASSIE,,A young girl; a lass.,english,medium,Common English
LAT,,To let; to allow.,english,medium,Common English
LATCH,,To smear; to anoint.,english,medium,Common English
LATENT,,Not visible or apparent; hidden; springs of action.,english,medium,Common English
LATER,,A brick or tile.,english,medium,Common English
LATEX,,A milky or colored juice in certain plants in cavities,english,medium,Common English
LATHER,,Foam or froth made by soap moistened with water.,english,medium,Common English
LAUNDRY,,A laundering; a washing.,english,medium,Common English
LAVA,,Molten rock expelled by a volcano.,english,medium,Common English
LAWFUL,,Conformable to law; allowed by law; legitimate; competent.,english,medium,Common English
LAWN,,An open space between woods.,english,medium,Common English
LAWSUIT,,An action at law; a suit in equity or admiralty; any legal,english,medium,Common English
LAXATIVE,,Having a tendency to loosen or relax.,english,medium,Common English
LAZAR,,A person infected with a filthy or pestilential disease; a,english,medium,Common English
LAZY,,Disinclined to action or exertion; averse to labor;,english,medium,Common English
LEARN,,To gain knowledge or information of; to ascertain by,english,medium,Common English
LEATHERY,,Resembling leather in appearance or consistence; tough.,english,medium,Common English
LEAVE,,To send out leaves; to leaf; -- often with out.,english,medium,Common English
LECTURER,,One who lectures; an assistant preacher.,english,medium,Common English
SHEETS,,Large pieces of cloth used to cover a bed.,english,medium,Common English
LEDGER,,A book in which a summary of accounts is laid up or,english,medium,Common English
LEE,,The side sheltered from the wind.,english,medium,Common English
LEEWAY,,The lateral movement of a ship to the leeward of her,english,medium,Common English
LEGALITY,,The state or quality of being legal; conformity to law.,english,medium,Common English
LEGATION,,The sending forth or commissioning one person to act for,english,medium,Common English
LEGGY,,Having long legs.,english,medium,Common English
LEGIBLE,,Capable of being read or deciphered; distinct to the eye;,english,medium,Common English
LEGION,,A body of foot soldiers and cavalry consisting of different,english,medium,Common English
LEGLESS,,Not having a leg.,english,medium,Common English
LEISURE,,Freedom from occupation or business; vacant time; time,english,medium,Common English
LEMONADE,,A beverage consisting of lemon juice mixed with water and,english,medium,Common English
LEMUR,,One of a family of nocturnal mammals allied to,english,medium,Common English
LENGTHEN,,To extent in length; to make longer in extent or,english,medium,Common English
LENGTHY,,Having length; rather long or too long; prolix; not,english,medium,Common English
LENIENCY,,The quality or state of being lenient; lenity; clemency.,english,medium,Common English
LENIENT,,Relaxing; emollient; softening; assuasive; -- sometimes,english,medium,Common English
LENO,,A light open cotton fabric used for window curtains.,english,medium,Common English
LEPER,,A person affected with leprosy.,english,medium,Common English
LEPROSY,,A cutaneous disease which first appears as blebs or as,english,medium,Common English
LESION,,A hurt; an injury.,english,medium,Common English
LESSER,,Less; smaller; inferior.,english,medium,Common English
LESSON,,Anything read or recited to a teacher by a pupil or,english,medium,Common English
LET,,To retard; to hinder; to impede; to oppose.,english,medium,Common English
LETHAL,,One of the higher alcohols of the paraffine series obtained,english,medium,Common English
LETTER,,One who lets or permits; one who lets anything for hire.,english,medium,Common English
LEVER,,More agreeable; more pleasing.,english,medium,Common English
LEVERAGE,,The action of a lever; mechanical advantage gained by the,english,medium,Common English
WOMAN,,Was married to the husband's,english,medium,Common English
LEVITY,,The quality of weighing less than something else of equal,english,medium,Common English
LEY,,To lay; to wager.,english,medium,Common English
LIABLE,,Bound or obliged in law or equity; responsible;,english,medium,Common English
LIAR,,A person who knowingly utters falsehood; one who lies.,english,medium,Common English
LIBERATE,,To release from restraint or bondage; to set at liberty;,english,medium,Common English
LIBERTY,,The state of a free person; exemption from subjection to,english,medium,Common English
LICENSE,,Authority or liberty given to do or forbear any act;,english,medium,Common English
PREACH,,To sell gunpowder or intoxicating,english,medium,Common English
LIEGE,,Sovereign; independent; having authority or right to,english,medium,Common English
LIFELIKE,,Like a living being; resembling life; giving an accurate,english,medium,Common English
LIFELONG,,Lasting or continuing through life.,english,medium,Common English
LIGHTEN,,To descend; to light.,english,medium,Common English
LIGHTMAN,,A man who carries or takes care of a light.,english,medium,Common English
LIKENESS,,The state or quality of being like; similitude;,english,medium,Common English
LIMB,,A part of a tree which extends from the trunk and separates,english,medium,Common English
LIMBER,,The shafts or thills of a wagon or carriage.,english,medium,Common English
LIMOGES,,A city of Southern France.,english,medium,Common English
LIMP,,To halt; to walk lamely. Also used figuratively.,english,medium,Common English
LINCHPIN,,A pin used to prevent the wheel of a vehicle from sliding,english,medium,Common English
LINEAGE,,Descent in a line from a common progenitor; progeny; race;,english,medium,Common English
MARKS,,Particularly of the face; feature; form;,english,medium,Common English
LINGAM,,The phallic symbol under which Siva is principally,english,medium,Common English
LINGER,,To delay; to loiter; to remain or wait long; to be slow or,english,medium,Common English
LINGO,,Language; speech; dialect.,english,medium,Common English
LINGUIST,,A master of the use of language; a talker.,english,medium,Common English
LINOLEUM,,Linseed oil brought to various degrees of hardness by,english,medium,Common English
LIQUEUR,,An aromatic alcoholic cordial.,english,medium,Common English
LIST,,A series of items written one after another.,english,medium,Common English
LISTEN,,To give close attention with the purpose of hearing; to,english,medium,Common English
LISTENER,,One who listens; a hearkener.,english,medium,Common English
LISTLESS,,Having no desire or inclination; indifferent; heedless;,english,medium,Common English
LITANY,,A solemn form of supplication in the public worship of,english,medium,Common English
LITERACY,,State of being literate.,english,medium,Common English
LITERAL,,According to the letter or verbal expression; real; not,english,medium,Common English
LITTLE,,Small in size or extent; not big; diminutive; -- opposed to,english,medium,Common English
LIVABLE,,Such as can be lived.,english,medium,Common English
LIVERY,,The act of delivering possession of lands or tenements.,english,medium,Common English
LIZA,,The American white mullet (Mugil curema).,english,medium,Common English
LOAD,,A weight carried or moved.,english,medium,Common English
LOAFER,,One who loafs; a lazy lounger.,english,medium,Common English
LOATH,,Hateful; odious; disliked.,english,medium,Common English
LOBBYIST,,A member of the lobby; a person who solicits members of a,english,medium,Common English
LOCATE,,To place; to set in a particular spot or position.,english,medium,Common English
LOCH,,A lake; a bay or arm of the sea.,english,medium,Common English
LOCKET,,A small lock; a catch or spring to fasten a necklace or,english,medium,Common English
LOCKJAW,,A contraction of the muscles of the jaw by which its,english,medium,Common English
LOCKUP,,A place where persons under arrest are temporarily locked,english,medium,Common English
LOCO,,A direction in written or printed music to return to the,english,medium,Common English
LOCUS,,A place; a locality.,english,medium,Common English
LODGE,,A shelter in which one may rest; as: (a) A shed; a rude,english,medium,Common English
LOFT,,That which is lifted up; an elevation.,english,medium,Common English
LOFTY,,Lifted high up; having great height; towering; high.,english,medium,Common English
LOGOS,,A word; reason; speech.,english,medium,Common English
LOITER,,To be slow in moving; to delay; to linger; to be,english,medium,Common English
LOLLIPOP,,A kind of sugar confection which dissolves easily in the,english,medium,Common English
LONE,,Alone; without companions.,english,medium,Common English
LONELY,,Sequestered from company or neighbors; solitary;,english,medium,Common English
LONESOME,,Secluded from society; not frequented by human,english,medium,Common English
LONGER,,One who longs for anything.,english,medium,Common English
LOOKOUT,,A careful looking or watching for any object or event.,english,medium,Common English
LOOP,,A curved line that closes on itself.,english,medium,Common English
LOPSIDED,,Leaning to one side because of some defect of structure;,english,medium,Common English
LORD,,A hump-backed person; -- so called sportively.,english,medium,Common English
LORDSHIP,,The state or condition of being a lord; hence (with his,english,medium,Common English
LORING,,Instructive discourse.,english,medium,Common English
LOT,,That which happens without human design or forethought;,english,medium,Common English
LOTTERY,,A scheme for the distribution of prizes by lot or chance;,english,medium,Common English
LOTUS,,A name of several kinds of water lilies; as Nelumbium,english,medium,Common English
LOUSY,,Infested with lice.,english,medium,Common English
LOUT,,To bend; to box; to stoop.,english,medium,Common English
LOVELESS,,Void of love; void of tenderness or kindness.,english,medium,Common English
LOVELORN,,Forsaken by one's love.,english,medium,Common English
LOWLY,,Not high; not elevated in place; low.,english,medium,Common English
LOWRY,,An open box car used on railroads. Compare Lorry.,english,medium,Common English
LOYAL,,Faithful to law; upholding the lawful authority; faithful,english,medium,Common English
LOYALIST,,A person who adheres to his sovereign or to the lawful,english,medium,Common English
LOYALTY,,The state or quality of being loyal; fidelity to a,english,medium,Common English
LUCE,,A pike when full grown.,english,medium,Common English
LUCENT,,Shining; bright; resplendent.,english,medium,Common English
LUCKILY,,In a lucky manner; by good fortune; fortunately; -- used,english,medium,Common English
LUCKY,,Favored by luck; fortunate; meeting with good success,english,medium,Common English
LUGGAGE,,That which is lugged; anything cumbrous and heavy to be,english,medium,Common English
LUKEWARM,,Moderately warm; neither cold nor hot; tepid; not ardent;,english,medium,Common English
LULL,,To cause to rest by soothing influences; to compose; to,english,medium,Common English
LULLABY,,A song to quiet babes or lull them to sleep; that which,english,medium,Common English
LUMBAGO,,A rheumatic pain in the loins and the small of the back.,english,medium,Common English
LUMINOUS,,Shining; emitting or reflecting light; brilliant; bright;,english,medium,Common English
LUMP,,"A solid, irregular mass.",english,medium,Common English
LUNATIC,,Affected by lunacy; insane; mad.,english,medium,Common English
LUNCHEON,,A lump of food.,english,medium,Common English
LUNG,,An organ for aerial respiration; -- commonly in the plural.,english,medium,Common English
LUPUS,,A cutaneous disease occurring under two distinct forms.,english,medium,Common English
LURID,,Pale yellow; ghastly pale; wan; gloomy; dismal.,english,medium,Common English
LURK,,To lie hid; to lie in wait.,english,medium,Common English
LUSCIOUS,,Sweet; delicious; very grateful to the taste; toothsome;,english,medium,Common English
LUSH,,Full of juice or succulence.,english,medium,Common English
LUSTY,,Exhibiting lust or vigor; stout; strong; vigorous;,english,medium,Common English
LUTE,,A stringed musical instrument like a small guitar.,english,medium,Common English
LUX,,To put out of joint; to luxate.,english,medium,Common English
LUZ,,A bone of the human body which was supposed by certain,english,medium,Common English
SPORES,,Tiny reproductive cells made by fungi or plants.,english,medium,Common English
LYMPHOMA,,A tumor having a structure resembling that of a lymphatic,english,medium,Common English
LYN,,A waterfall. See Lin.,english,medium,Common English
LYRE,,A stringed instrument of music; a kind of harp much used by,english,medium,Common English
MACARONI,,Long slender tubes made of a paste chiefly of wheat,english,medium,Common English
MACE,,A money of account in China equal to one tenth of a tael;,english,medium,Common English
MADAM,,A polite form of address for a woman.,english,medium,Common English
MADAME,,My lady; -- a French title formerly given to ladies of,english,medium,Common English
MADDEN,,To make mad; to drive to madness; to craze; to excite,english,medium,Common English
MADDER,,A plant of the Rubia (R. tinctorum). The root is much used,english,medium,Common English
MADEIRA,,A rich wine made on the Island of Madeira.,english,medium,Common English
MADHOUSE,,A house where insane persons are confined; an insane,english,medium,Common English
MADLY,,In a mad manner; without reason or understanding; wildly.,english,medium,Common English
MADMAN,,A man who is mad; lunatic; a crazy person.,english,medium,Common English
MADNESS,,The condition of being mad; insanity; lunacy.,english,medium,Common English
MAGENTA,,An aniline dye obtained as an amorphous substance having a,english,medium,Common English
MAGGOT,,The footless larva of any fly. See Larval.,english,medium,Common English
MAGIC,,Tricks that seem to use supernatural powers.,english,medium,Common English
MAGICIAN,,One skilled in magic; one who practices the black art; an,english,medium,Common English
MAGMA,,Any crude mixture of mineral or organic matters in the state,english,medium,Common English
MAGNATE,,A person of rank; a noble or grandee; a person of influence,english,medium,Common English
MAGNUM,,A large wine bottle.,english,medium,Common English
MAHONE,,A large Turkish ship.,english,medium,Common English
MAIDEN,,An unmarried woman; a girl or woman who has not experienced,english,medium,Common English
MAINLY,,Very strongly; mightily; to a great degree.,english,medium,Common English
MAINSAIL,,The principal sail in a ship or other vessel.,english,medium,Common English
MAJESTY,,The dignity and authority of sovereign power; quality or,english,medium,Common English
MAJORITY,,The quality or condition of being major or greater;,english,medium,Common English
MALARIA,,Air infected with some noxious substance capable of,english,medium,Common English
MALICE,,Enmity of heart; malevolence; ill will; a spirit delighting,english,medium,Common English
MALIGN,,Having an evil disposition toward others; harboring violent,english,medium,Common English
MALL,,A large heavy wooden beetle; a mallet for driving anything,english,medium,Common English
MALLARD,,A drake; the male of Anas boschas.,english,medium,Common English
MAMMA,,Mother; -- word of tenderness and familiarity.,english,medium,Common English
MAMMAL,,One of the Mammalia.,english,medium,Common English
MANDARIN,,A Chinese public officer or nobleman; a civil or military,english,medium,Common English
MANDATE,,An official or authoritative command; an order or,english,medium,Common English
MANDRAKE,,A low plant (Mandragora officinarum) of the Nightshade,english,medium,Common English
MANGER,,A trough or open box in which fodder is placed for horses,english,medium,Common English
MANGO,,A sweet tropical fruit.,english,medium,Common English
MANGY,,Infected with the mange; scabby.,english,medium,Common English
MANHOLE,,A hole through which a man may descend or creep into a,english,medium,Common English
MANIA,,Violent derangement of mind; madness; insanity. Cf.,english,medium,Common English
MANIAC,,Raving with madness; raging with disordered intellect;,english,medium,Common English
MANICURE,,A person who makes a business of taking care of people's,english,medium,Common English
MANIFOLD,,Various in kind or quality; many in number; numerous;,english,medium,Common English
MANLY,,Having qualities becoming to a man; not childish or,english,medium,Common English
MANNA,,The food supplied to the Israelites in their journey through,english,medium,Common English
PUDDINGS,,Etc. -- called also manna groats.,english,medium,Common English
MANTLE,,A loose cloak or covering.,english,medium,Common English
MANTRA,,A prayer; an invocation; a religious formula; a charm.,english,medium,Common English
MANTUA,,A superior kind of rich silk formerly exported from Mantua,english,medium,Common English
MAR,,A small lake. See Mere.,english,medium,Common English
MARAUDER,,A rover in quest of booty or plunder; a plunderer; one,english,medium,Common English
MARE,,The female of the horse and other equine quadrupeds.,english,medium,Common English
MARGE,,Border; margin; edge; verge.,english,medium,Common English
MARINER,,One whose occupation is to assist in navigating ships; a,english,medium,Common English
MARKER,,One who or that which marks.,english,medium,Common English
MARKSMAN,,One skillful to hit a mark with a missile; one who shoots,english,medium,Common English
MARLIN,,The American great marbled godwit (Limosa fedoa). Applied,english,medium,Common English
MARROW,,The tissue which fills the cavities of most bones; the,english,medium,Common English
MARRY,,To unite in wedlock or matrimony; to perform the ceremony,english,medium,Common English
MARTEN,,A bird. See Martin.,english,medium,Common English
MARVEL,,That which causes wonder; a prodigy; a miracle.,english,medium,Common English
MASSACRE,,The killing of a considerable number of human beings,english,medium,Common English
MASSEUSE,,One who performs massage.,english,medium,Common English
MASTERY,,The position or authority of a master; dominion; command;,english,medium,Common English
MATADOR,,The killer; the man appointed to kill the bull in,english,medium,Common English
MATCH,,Anything used for catching and retaining or communicating,english,medium,Common English
MATURE,,Brought by natural process to completeness of growth,english,medium,Common English
MAUDLIN,,Tearful; easily moved to tears; exciting to tears;,english,medium,Common English
MAUL,,A heavy wooden hammer or beetle.,english,medium,Common English
MAVIS,,The European throstle or song thrush (Turdus musicus).,english,medium,Common English
MAXIMIZE,,To increase to the highest degree.,english,medium,Common English
MAXIMUM,,The greatest quantity or value attainable in a given case;,english,medium,Common English
MAYBE,,Perhaps; possibly; peradventure.,english,medium,Common English
MAYHEM,,The maiming of a person by depriving him of the use of any,english,medium,Common English
MAYOR,,The chief magistrate of a city or borough; the chief officer,english,medium,Common English
MAZE,,A wild fancy; a confused notion.,english,medium,Common English
MEADOW,,A tract of low or level land producing grass which is mown,english,medium,Common English
MEASLY,,Infected with measles.,english,medium,Common English
MEATY,,Abounding in meat.,english,medium,Common English
MECHANIC,,The art of the application of the laws of motion or force,english,medium,Common English
MEDALIST,,A person that is skilled or curious in medals; a,english,medium,Common English
MEDDLE,,To mix; to mingle.,english,medium,Common English
MEDIATE,,Being between the two extremes; middle; interposed;,english,medium,Common English
MEDICATE,,To tincture or impregnate with anything medicinal; to,english,medium,Common English
MEDICS,,Science of medicine.,english,medium,Common English
MEDIOCRE,,Of a middle quality; of but a moderate or low degree of,english,medium,Common English
MEDITATE,,To keep the mind in a state of contemplation; to dwell,english,medium,Common English
MEDUSA,,The Gorgon; or one of the Gorgons whose hair was changed,english,medium,Common English
MELEE,,A fight in which the combatants are mingled in one confused,english,medium,Common English
MELODY,,A sweet or agreeable succession of sounds.,english,medium,Common English
MELROSE,,Honey of roses.,english,medium,Common English
MELTON,,A kind of stout woolen cloth with unfinished face and,english,medium,Common English
MEMOIRS,,A memorial account; a history composed from personal,english,medium,Common English
MEMORY,,The faculty of the mind by which it retains the knowledge,english,medium,Common English
MENIAL,,Belonging to a retinue or train of servants; performing,english,medium,Common English
MENTOR,,A wise and faithful counselor or monitor.,english,medium,Common English
MENU,,The details of a banquet; a bill of fare.,english,medium,Common English
STRONG,,Garlic odor. The name is specifically applied to,english,medium,Common English
MERCIFUL,,Full of mercy; having or exercising mercy; disposed to,english,medium,Common English
MERCY,,Forbearance to inflict harm under circumstances of,english,medium,Common English
MERE,,A pool or lake.,english,medium,Common English
MERELY,,Purely; unmixedly; absolutely.,english,medium,Common English
MERGE,,To combine into one.,english,medium,Common English
MERINGUE,,A delicate pastry made of powdered sugar and the whites,english,medium,Common English
MERIT,,The quality or state of deserving well or ill; desert.,english,medium,Common English
MERRILY,,In a merry manner; with mirth; with gayety and laughter;,english,medium,Common English
MERRY,,Laughingly gay; overflowing with good humor and good,english,medium,Common English
MESA,,A high tableland; a plateau on a hill.,english,medium,Common English
MESH,,The woven strands and spaces of a net.,english,medium,Common English
MESSIAH,,The expected king and deliverer of the Hebrews; the,english,medium,Common English
METAPHOR,,The transference of the relation between one set of,english,medium,Common English
METHINKS,,It seems to me; I think. See Me.,english,medium,Common English
MEWS,,An alley where there are stables; a narrow,english,medium,Common English
MICA,,The name of a group of minerals characterized by highly,english,medium,Common English
MICRON,,A measure of length; the thousandth part of one millimeter;,english,medium,Common English
MIDLAND,,Being in the interior country; distant from the coast or,english,medium,Common English
MIDNIGHT,,The middle of the night; twelve o'clock at night.,english,medium,Common English
MIDST,,The interior or central part or place; the middle; -- used,english,medium,Common English
MIDWAY,,The middle of the way or distance; a middle way or course.,english,medium,Common English
MIDWIFE,,A woman who assists other women in childbirth; a female,english,medium,Common English
MIGHTILY,,In a mighty manner; with might; with great earnestness;,english,medium,Common English
MIGHTY,,Possessing might; having great power or authority.,english,medium,Common English
MIKADO,,The popular designation of the hereditary sovereign of,english,medium,Common English
MILEAGE,,An allowance for traveling expenses at a certain rate per,english,medium,Common English
MILITANT,,Engaged in warfare; fighting; combating; serving as a,english,medium,Common English
MILKMAN,,A man who sells milk or delivers is to customers.,english,medium,Common English
MILLER,,One who keeps or attends a flour mill or gristmill.,english,medium,Common English
MIME,,A kind of drama in which real persons and events were,english,medium,Common English
MINDFUL,,Bearing in mind; regardful; attentive; heedful; observant.,english,medium,Common English
MINDLESS,,Not indued with mind or intellectual powers; stupid;,english,medium,Common English
MINIMIZE,,To reduce to the smallest part or proportion possible;,english,medium,Common English
MINISTER,,A servant; a subordinate; an officer or assistant of,english,medium,Common English
MINISTRY,,The act of ministering; ministration; service.,english,medium,Common English
MINNOW,,A small European fresh-water cyprinoid fish (Phoxinus,english,medium,Common English
MINSTER,,A church of a monastery. The name is often retained and,english,medium,Common English
MINUTE,,The sixtieth part of an hour; sixty seconds. (Abbrev. m.;,english,medium,Common English
MINX,,A pert or a wanton girl.,english,medium,Common English
MIRACLE,,A wonder or wonderful thing.,english,medium,Common English
SEEN,,Past participle of see.,english,medium,Common English
MIRROR,,A looking-glass or a speculum; any glass or polished,english,medium,Common English
MIRTH,,Merriment; gayety accompanied with laughter; jollity.,english,medium,Common English
MISER,,A wretched person; a person afflicted by any great,english,medium,Common English
MISERLY,,Like a miser; very covetous; sordid; niggardly.,english,medium,Common English
MISERY,,Great unhappiness; extreme pain of body or mind;,english,medium,Common English
MISHAP,,Evil accident; ill luck; misfortune; mischance.,english,medium,Common English
MISJUDGE,,To judge erroneously or unjustly; to err in,english,medium,Common English
MISLEAD,,To lead into a wrong way or path; to lead astray; to,english,medium,Common English
MISTAKE,,To make or form amiss; to spoil in making.,english,medium,Common English
MISPLACE,,To put in a wrong place; to set or place on an,english,medium,Common English
MISS,,A title used before a woman's name.,english,medium,Common English
MISSILE,,Capable of being thrown; adapted for hurling or to be,english,medium,Common English
MISSIS,,A mistress; a wife; -- so used by the illiterate.,english,medium,Common English
MISSTEP,,A wrong step; an error of conduct.,english,medium,Common English
MISTER,,A title of courtesy prefixed to the name of a man or youth.,english,medium,Common English
MISTREAT,,To treat amiss; to abuse.,english,medium,Common English
MISTRIAL,,A false or erroneous trial; a trial which has no result.,english,medium,Common English
MISTRUST,,Want of confidence or trust; suspicion; distrust.,english,medium,Common English
MISTY,,Accompained with mist; characterized by the presence of,english,medium,Common English
MISUSE,,To use improperly.,english,medium,Common English
MOAT,,A deep trench around the rampart of a castle or other,english,medium,Common English
MOBILIZE,,To put in a state of readiness for active service in,english,medium,Common English
MODERATE,,Kept within due bounds; observing reasonable limits; not,english,medium,Common English
MODICUM,,A little; a small quantity; a measured simply.,english,medium,Common English
MODIFY,,To change somewhat the form or qualities of; to alter,english,medium,Common English
MODULE,,A model or measure.,english,medium,Common English
MOGUL,,A person of the Mongolian race.,english,medium,Common English
MOHAWK,,One of a tribe of Indians who formed part of the Five,english,medium,Common English
MOLD,,A spot; a blemish; a mole.,english,medium,Common English
MOLE,,A spot; a stain; a mark which discolors or disfigures.,english,medium,Common English
MOLECULE,,One of the very small invisible particles of which all,english,medium,Common English
MOLEHILL,,A little hillock of earth thrown up by moles working,english,medium,Common English
MOLESTER,,One who molests.,english,medium,Common English
MONARCH,,A sole or supreme ruler; a sovereign; the highest ruler;,english,medium,Common English
MONDAY,,The second day of the week; the day following Sunday.,english,medium,Common English
MONK,,A man who retires from the ordinary temporal concerns of the,english,medium,Common English
MONO,,The black howler of Central America (Mycetes villosus).,english,medium,Common English
MONOCLE,,An eyeglass for one eye.,english,medium,Common English
MONOGRAM,,A character or cipher composed of two or more letters,english,medium,Common English
MONOTONE,,A single unvaried tone or sound.,english,medium,Common English
MONOXIDE,,An oxide containing one atom of oxygen in each molecule;,english,medium,Common English
MONTERO,,An ancient kind of cap worn by horsemen or huntsmen.,english,medium,Common English
MONTH,,One of the twelve portions into which the year is divided;,english,medium,Common English
MOOD,,A temporary state of mind.,english,medium,Common English
MOONBEAM,,A ray of light from the moon.,english,medium,Common English
MOONLIT,,Illumined by the moon.,english,medium,Common English
MOP,,A made-up face; a grimace.,english,medium,Common English
MOPE,,To be dull and spiritless.,english,medium,Common English
MORAL,,Relating to duty or obligation; pertaining to those,english,medium,Common English
MORALITY,,The relation of conformity or nonconformity to the moral,english,medium,Common English
MORALLY,,In a moral or ethical sense; according to the rules of,english,medium,Common English
MORBID,,Not sound and healthful; induced by a diseased or abnormal,english,medium,Common English
MORELLO,,A kind of nearly black cherry with dark red flesh and,english,medium,Common English
MOREOVER,,Beyond what has been said; further; besides; in,english,medium,Common English
MORN,,The morning or early part of the day.,english,medium,Common English
MOROSE,,Of a sour temper; sullen and austere; ill-humored; severe.,english,medium,Common English
MORSEL,,A little bite or bit of food.,english,medium,Common English
MOSAIC,,A surface decoration made by inlaying in patterns small,english,medium,Common English
MOSQUE,,A Mohammedan church or place of religious worship.,english,medium,Common English
MOST,,The greatest amount or number.,english,medium,Common English
MOSTLY,,For the greatest part; for the most part; chiefly; in the,english,medium,Common English
MOTIVE,,That which moves; a mover.,english,medium,Common English
MOUND,,A ball or globe forming part of the regalia of an emperor or,english,medium,Common English
MOURN,,To express or to feel grief or sorrow; to grieve; to be,english,medium,Common English
MOUSY,,Infested with mice; smelling of mice.,english,medium,Common English
MOUTHFUL,,As much as is usually put into the mouth at one time.,english,medium,Common English
MUCK,,Abbreviation of Amuck.,english,medium,Common English
STRINGY,,A mucous substance.,english,medium,Common English
MUD,,Earth and water mixed so as to be soft and adhesive.,english,medium,Common English
MULTIPLY,,To increase in number; to make more numerous; to add,english,medium,Common English
MUM,,Silent; not speaking.,english,medium,Common English
MUMMY,,A dead body embalmed and dried after the manner of the,english,medium,Common English
MUMPS,,Sullenness; silent displeasure; the sulks.,english,medium,Common English
MUNGO,,A fibrous material obtained by deviling rags or the remnants,english,medium,Common English
MURKY,,Dark; obscure; gloomy.,english,medium,Common English
MUSH,,Meal (esp. Indian meal) boiled in water; hasty pudding;,english,medium,Common English
MUSKRAT,,A North American aquatic fur-bearing rodent (Fiber,english,medium,Common English
MUST,,To be obliged; to be necessitated; --,english,medium,Common English
MUSTACHE,,That part of the beard which grows on the upper lip; hair,english,medium,Common English
MUSTER,,Something shown for imitation; a pattern.,english,medium,Common English
MUTE,,To cast off; to molt.,english,medium,Common English
MUTTER,,To utter words indistinctly or with a low voice and lips,english,medium,Common English
MUTUAL,,Reciprocally acting or related; reciprocally receiving and,english,medium,Common English
MUZZY,,Absent-minded; dazed; muddled; stupid.,english,medium,Common English
MYRIAD,,The number of ten thousand; ten thousand persons or things.,english,medium,Common English
MYSTICAL,,Remote from or beyond human comprehension; baffling human,english,medium,Common English
MYTH,,A story of great but unknown age which originally embodied a,english,medium,Common English
MYTHICAL,,Of or relating to myths; described in a myth; of the,english,medium,Common English
NAIVE,,Having native or unaffected simplicity; ingenuous; artless;,english,medium,Common English
NAP,,To have a short sleep; to be drowsy; to doze.,english,medium,Common English
NARRATOR,,One who narrates; one who relates a series of events or,english,medium,Common English
NARROWLY,,With little breadth; in a narrow manner.,english,medium,Common English
NATIVE,,Arising by birth; having an origin; born.,english,medium,Common English
NATTY,,Neat; tidy; spruce.,english,medium,Common English
NATURAL,,Fixed or determined by nature; pertaining to the,english,medium,Common English
NAUGHTY,,Having little or nothing.,english,medium,Common English
NAVAL,,Related to a navy or ships.,english,medium,Common English
NAVEL,,A mark or depression in the middle of the abdomen; the,english,medium,Common English
NAVIGATE,,To joirney by water; to go in a vessel or ship; to,english,medium,Common English
NEARLY,,In a near manner; not remotely; closely; intimately;,english,medium,Common English
NEDDY,,A pet name for a donkey.,english,medium,Common English
NEED,,Something essential or required.,english,medium,Common English
NEEDFUL,,Full of need; in need or want; needy; distressing.,english,medium,Common English
NEEDLESS,,Having no need.,english,medium,Common English
NEEDS,,Of necessity; necessarily; indispensably; -- often with,english,medium,Common English
NEEDY,,Distressed by want of the means of living; very por;,english,medium,Common English
NEGLECT,,Not to attend to with due care or attention; to forbear,english,medium,Common English
NEIGH,,To utter the cry of the horse; to whinny.,english,medium,Common English
NEIGHBOR,,A person who lives near another; one whose abode is not,english,medium,Common English
NEITHER,,Not either; not the one or the other.,english,medium,Common English
NEPOTISM,,Undue attachment to relations; favoritism shown to,english,medium,Common English
NERVOUS,,Possessing nerve; sinewy; strong; vigorous.,english,medium,Common English
NESS,,A promontory; a cape; a headland.,english,medium,Common English
NEST,,The bed or receptacle prepared by a fowl for holding her eggs,english,medium,Common English
WIRES,,Crossing one another with open spaces between.,english,medium,Common English
SOUTHERN,,U. urens and U.,english,medium,Common English
NETTLES,,The halves of yarns in the unlaid end of a rope,english,medium,Common English
NEURON,,The brain and spinal cord; the cerebro-spinal axis;,english,medium,Common English
NEUTRAL,,Not engaged on either side; not taking part with or,english,medium,Common English
NEWCOMER,,One who has lately come.,english,medium,Common English
NEWLY,,Lately; recently.,english,medium,Common English
NEWS,,A report of recent occurences; information of something that,english,medium,Common English
NEWSMAN,,One who brings news.,english,medium,Common English
NEXT,,Nearest in place; having no similar object intervening.,english,medium,Common English
NEXUS,,Connection; tie.,english,medium,Common English
NIB,,A small and pointed thing or part; a point; a prong.,english,medium,Common English
NIBBLE,,To bite by little at a time; to seize gently with the,english,medium,Common English
NICENESS,,Quality or state of being nice.,english,medium,Common English
NICK,,An evil spirit of the waters.,english,medium,Common English
NICKEL,,A bright silver-white metallic element. It is of the iron,english,medium,Common English
NIMBLE,,Light and quick in motion; moving with ease and,english,medium,Common English
NINETEEN,,Nine and ten; eighteen and one more; one less than,english,medium,Common English
NINNY,,A fool; a simpleton.,english,medium,Common English
NINTH,,Following the eight and preceding the tenth; coming after,english,medium,Common English
NIT,,The egg of a louse or other small insect.,english,medium,Common English
NITRATE,,A salt of nitric acid.,english,medium,Common English
NOBILITY,,The quality or state of being noble; superiority of mind,english,medium,Common English
NOBLEMAN,,One of the nobility; a noble; a peer; one who enjoys rank,english,medium,Common English
NOBODY,,No person; no one; not anybody.,english,medium,Common English
NOGGIN,,A small mug or cup.,english,medium,Common English
NOMINATE,,To mention by name; to name.,english,medium,Common English
TOE,,One of the digits on a foot.,english,medium,Common English
NONE,,No one; not one; not anything; -- frequently used also,english,medium,Common English
NOODLE,,A simpleton; a blockhead; a stupid person; a ninny.,english,medium,Common English
NOOK,,A narrow place formed by an angle in bodies or between,english,medium,Common English
NOON,,Midday; twelve o'clock in the day.,english,medium,Common English
NORM,,A rule or authoritative standard; a model; a type.,english,medium,Common English
NOSE,,The part of the face used to smell and breathe.,english,medium,Common English
NOT,,Wot not; know not; knows not.,english,medium,Common English
NOTABLE,,Capable of being noted; noticeable; plan; evident.,english,medium,Common English
NOTCH,,A hollow cut in anything; a nick; an indentation.,english,medium,Common English
NOTE,,To butt; to push with the horns.,english,medium,Common English
NOTEBOOK,,A book in which notes or memorandums are written.,english,medium,Common English
NOURISH,,To feed and cause to grow; to supply with matter which,english,medium,Common English
NOUS,,Intellect; understanding; talent; -- used humorously.,english,medium,Common English
NOVELIST,,An innovator; an asserter of novelty.,english,medium,Common English
NOVELTY,,The quality or state of being novel; newness; freshness;,english,medium,Common English
NUANCE,,A shade of difference; a delicate gradation.,english,medium,Common English
NUISANCE,,That which annoys or gives trouble and vexation; that,english,medium,Common English
NULL,,Of no legal or binding force or validity; of no efficacy;,english,medium,Common English
NUMBNESS,,The condition of being numb; that state of a living body,english,medium,Common English
NUMERO,,Number; -- often abbrev. No.,english,medium,Common English
NUMEROUS,,Consisting of a great number of units or individual,english,medium,Common English
NUNNERY,,A house in which nuns reside; a cloister or convent in,english,medium,Common English
NUTMEG,,The kernel of the fruit of the nutmeg tree (Myristica,english,medium,Common English
NUTRIENT,,Nutritious; nourishing; promoting growth.,english,medium,Common English
NUTSHELL,,The shell or hard external covering in which the kernel,english,medium,Common English
NUTTER,,A gatherer of nuts.,english,medium,Common English
NUTTY,,Abounding in nuts.,english,medium,Common English
OBEDIENT,,Subject in will or act to authority; willing to obey;,english,medium,Common English
OBESE,,Excessively corpulent; fat; fleshy.,english,medium,Common English
OBESITY,,The state or quality of being obese; incumbrance of flesh.,english,medium,Common English
OBEY,,To give ear to; to execute the commands of; to yield,english,medium,Common English
OBSCENE,,Offensive to chastity or modesty; expressing of presenting,english,medium,Common English
OBSERVE,,To take notice of by appropriate conduct; to conform,english,medium,Common English
OBSESS,,To besiege; to beset.,english,medium,Common English
OBSIDIAN,,A kind of glass produced by volcanoes. It is usually of a,english,medium,Common English
OBTAIN,,To hold; to keep; to possess.,english,medium,Common English
OBTUSE,,Not pointed or acute; blunt; -- applied esp. to angles,english,medium,Common English
OBVIOUS,,Opposing; fronting.,english,medium,Common English
OCCULT,,Hidden from the eye or the understanding; inviable; secret;,english,medium,Common English
OCCUPY,,To take or hold possession of; to hold or keep for use;,english,medium,Common English
OCEAN,,The whole body of salt water which covers more than three,english,medium,Common English
OCTAGON,,A plane figure of eight sides and eight angles.,english,medium,Common English
ODDITY,,The quality or state of being odd; singularity; queerness;,english,medium,Common English
ODDS,,The chances that something will happen.,english,medium,Common English
SERRATED,,But destitute of true teeth. It was found near,english,medium,Common English
OFFAL,,The rejected or waste parts of a butchered animal.,english,medium,Common English
OFFEND,,To strike against; to attack; to assail.,english,medium,Common English
OFT,,Often; frequently; not rarely; many times.,english,medium,Common English
OILY,,Covered with oil; greasy.,english,medium,Common English
OLIVE,,A tree (Olea Europaea) with small oblong or elliptical,english,medium,Common English
OLIVER,,An olive grove.,english,medium,Common English
OMEGA,,The last letter of the Greek alphabet. See Alpha.,english,medium,Common English
OMIT,,To leave out.,english,medium,Common English
ONCE,,By limitation to the number one; for one time; not twice,english,medium,Common English
ONENESS,,The state of being one; singleness in number;,english,medium,Common English
ONESELF,,A reflexive form of the indefinite pronoun one.,english,medium,Common English
ONGOING,,The act of going forward; progress; (pl.) affairs;,english,medium,Common English
ONSET,,A rushing or setting upon; an attack; an assault; a,english,medium,Common English
ONTOLOGY,,That department of the science of metaphysics which,english,medium,Common English
ONWARD,,Moving in a forward direction; tending toward a,english,medium,Common English
ONYX,,Chalcedony in parallel layers of different shades of color.,english,medium,Common English
OOLONG,,A fragrant variety of black tea having somewhat the flavor,english,medium,Common English
OPENLY,,In an open manner; publicly; not in private; without,english,medium,Common English
OPPOSITE,,Placed over against; standing or situated over against or,english,medium,Common English
OPTICS,,That branch of physical science which treats of the nature,english,medium,Common English
OPTIMIST,,One who holds the opinion that all events are ordered for,english,medium,Common English
OPTION,,The power of choosing; the right of choice or election; an,english,medium,Common English
OPTIONAL,,Involving an option; depending on the exercise of an,english,medium,Common English
OPULENT,,Having a large estate or property; wealthy; rich;,english,medium,Common English
ORCHID,,Any plant of the order Orchidaceae. See Orchidaceous.,english,medium,Common English
ORGANIST,,One who plays on the organ.,english,medium,Common English
ORGANIZE,,To furnish with organs; to give an organic structure,english,medium,Common English
ORGIES,,A sacrifice accompanied by certain ceremonies in honor,english,medium,Common English
ORNATE,,Adorned; decorated; beautiful.,english,medium,Common English
OSTEND,,To exhibit; to manifest.,english,medium,Common English
OUTBOARD,,Beyond or outside of the lines of a vessel's,english,medium,Common English
OUTBREAK,,A bursting forth; eruption; insurrection.,english,medium,Common English
OUTBURST,,A bursting forth.,english,medium,Common English
OUTCAST,,Cast out; degraded.,english,medium,Common English
OUTDATED,,Being out of date; antiquated.,english,medium,Common English
OUTDO,,To go beyond in performance; to excel; to surpass.,english,medium,Common English
OUTDOORS,,Abread; out of the house; out of doors.,english,medium,Common English
OUTER,,Being on the outside; external; farthest or farther from the,english,medium,Common English
OUTFIELD,,Arable land which has been or is being exhausted. See,english,medium,Common English
OUTGROW,,To surpass in growing; to grow more than.,english,medium,Common English
OUTHOUSE,,A small house or building at a little distance from the,english,medium,Common English
OUTLAST,,To exceed in duration; to survive; to endure longer,english,medium,Common English
OUTLET,,The place or opening by which anything is let out; a,english,medium,Common English
OUTLINE,,The line which marks the outer limits of an object or,english,medium,Common English
OUTLOOK,,To face down; to outstare.,english,medium,Common English
OUTRAGE,,To rage in excess of.,english,medium,Common English
OUTREACH,,To reach beyond.,english,medium,Common English
OUTSHINE,,To shine forth.,english,medium,Common English
OUTWARDS,,From the interior part; in a direction from the,english,medium,Common English
OUTWEIGH,,To exceed in weight or value.,english,medium,Common English
OVATION,,A lesser kind of triumph allowed to a commander for an,english,medium,Common English
OVERALLS,,A kind of loose trousers worn over others to protect,english,medium,Common English
OVERCOAT,,A coat worn over the other clothing; a greatcoat; a,english,medium,Common English
OVERDO,,To do too much; to exceed what is proper or true in,english,medium,Common English
OVERDUE,,Due and more than due; delayed beyond the proper time of,english,medium,Common English
OVERHEAD,,Aloft; above; in or attached to the ceiling or roof; in,english,medium,Common English
OVERHEAR,,To hear more of (anything) than was intended to be,english,medium,Common English
OVERHEAT,,To heat to excess; to superheat.,english,medium,Common English
OVERLAP,,To lap over; to lap.,english,medium,Common English
OVERLOAD,,To load or fill to excess; to load too heavily.,english,medium,Common English
OVERLOOK,,To look down upon from a place that is over or above;,english,medium,Common English
OVERLORD,,One who is lord over another or others; a superior lord;,english,medium,Common English
OVERLY,,Careless; negligent; inattentive; superfical; not thorough.,english,medium,Common English
OVERRIDE,,To ride over or across; to ride upon; to trample down.,english,medium,Common English
OVERRULE,,To rule over; to govern or determine by superior,english,medium,Common English
PLEA,,Was overruled by the court.,english,medium,Common English
OVERSEAS,,Over the sea; abroad.,english,medium,Common English
OVERSEE,,To superintend; to watch over; to direct; to look or,english,medium,Common English
OVERSTEP,,To step over or beyond; to transgress.,english,medium,Common English
OVERT,,Open to view; public; apparent; manifest.,english,medium,Common English
OVERTLY,,Publicly; openly.,english,medium,Common English
OVERTURE,,An opening or aperture; a recess; a recess; a chamber.,english,medium,Common English
OVERVIEW,,An inspection or overlooking.,english,medium,Common English
OVERWORK,,To work beyond the strength; to cause to labor too,english,medium,Common English
OWNER,,One who owns; a rightful proprietor; one who has the legal,english,medium,Common English
OXYMORON,,A figure in which an epithet of a contrary signification,english,medium,Common English
OZONE,,A colorless gaseous substance (O/) obtained (as by the,english,medium,Common English
PACE,,A single movement from one foot to the other in walking; a,english,medium,Common English
PACIFY,,To make to be at peace; to appease; to calm; to still;,english,medium,Common English
PACKAGE,,Act or process of packing.,english,medium,Common English
PACT,,An agreement; a league; a compact; a covenant.,english,medium,Common English
PADDLE,,To use the hands or fingers in toying; to make caressing,english,medium,Common English
PADDOCK,,A toad or frog.,english,medium,Common English
PADLOCK,,A portable lock with a bow which is usually jointed or,english,medium,Common English
PAGAN,,One who worships false gods; an idolater; a heathen; one who,english,medium,Common English
PAGEANT,,A theatrical exhibition; a spectacle.,english,medium,Common English
PAGINA,,The surface of a leaf or of a flattened thallus.,english,medium,Common English
PAGODA,,A term by which Europeans designate religious temples and,english,medium,Common English
PAINLESS,,Free from pain; without pain.,english,medium,Common English
PAINS,,Physical suffering or aches.,english,medium,Common English
PALLET,,A small and mean bed; a bed of straw.,english,medium,Common English
PALM,,The inner surface of the hand.,english,medium,Common English
PALPABLE,,Capable of being touched and felt; perceptible by the,english,medium,Common English
PALTRY,,Mean; vile; worthless; despicable; contemptible;,english,medium,Common English
PAMPHLET,,A writing; a book.,english,medium,Common English
PAN,,A part; a portion.,english,medium,Common English
PANDEMIC,,Affecting a whole people or a number of countries;,english,medium,Common English
PANE,,The narrow edge of a hammer head. See Peen.,english,medium,Common English
PANG,,A paroxysm of extreme pain or anguish; a sudden and,english,medium,Common English
PANORAMA,,A complete view in every direction.,english,medium,Common English
PANTRY,,An apartment or closet in which bread and other provisions,english,medium,Common English
PAPPY,,Like pap; soft; succulent; tender.,english,medium,Common English
PAPYRUS,,A tall rushlike plant (Cyperus Papyrus) of the Sedge,english,medium,Common English
CONTAINS,,The first letters of all the verses of the poem.,english,medium,Common English
PARADIGM,,An example; a model; a pattern.,english,medium,Common English
PARADOX,,A tenet or proposition contrary to received opinion; an,english,medium,Common English
PARAGON,,A companion; a match; an equal.,english,medium,Common English
PARALYZE,,To affect or strike with paralysis or palsy.,english,medium,Common English
PARANOIA,,Mental derangement; insanity.,english,medium,Common English
PARASOL,,A kind of small umbrella used by women as a protection,english,medium,Common English
PARCEL,,A portion of anything taken separately; a fragment of a,english,medium,Common English
PARISH,,That circuit of ground committed to the charge of one,english,medium,Common English
PARITY,,The quality or condition of being equal or equivalent; A,english,medium,Common English
PARODY,,A writing in which the language or sentiment of an author,english,medium,Common English
PAROLE,,A word; an oral utterance.,english,medium,Common English
PARSER,,One who parses.,english,medium,Common English
PARSNIP,,The aromatic and edible spindle-shaped root of the,english,medium,Common English
PARSON,,A minister in charge of a parish.,english,medium,Common English
PARTICLE,,A minute part or portion of matter; a morsel; a little,english,medium,Common English
PARTLY,,In part; in some measure of degree; not wholly.,english,medium,Common English
PARTNER,,One who has a part in anything with an other; a partaker;,english,medium,Common English
PASSPORT,,Permission to pass; a document given by the competent,english,medium,Common English
PASSWORD,,A word to be given before a person is allowed to pass; a,english,medium,Common English
PASTEL,,A crayon made of a paste composed of a color ground with,english,medium,Common English
PASTOR,,A shepherd; one who has the care of flocks and herds.,english,medium,Common English
PASTURE,,Food; nourishment.,english,medium,Common English
PAT,,To strike gently with the fingers or hand; to stroke,english,medium,Common English
PATENTLY,,Openly; evidently.,english,medium,Common English
PATH,,A trodden way; a footway.,english,medium,Common English
PATHOS,,That quality or property of anything which touches the,english,medium,Common English
PATHWAY,,A footpath; a beaten track; any path or course. Also used,english,medium,Common English
PATROL,,To go the rounds along a chain of sentinels; to traverse,english,medium,Common English
PAUSE,,A temporary stop or rest; an intermission of action;,english,medium,Common English
PAVEMENT,,That with which anythingis paved; a floor or covering of,english,medium,Common English
PAVILION,,A temporary movable habitation; a large tent; a marquee;,english,medium,Common English
PAWNEE,,One or two whom a pledge is delivered as security; one who,english,medium,Common English
PEACH,,To accuse of crime; to inform against.,english,medium,Common English
PEACHY,,Resembling a peach or peaches.,english,medium,Common English
PEAK,,The highest point of a mountain or other object.,english,medium,Common English
PEAKY,,Having a peak or peaks.,english,medium,Common English
PEAL,,A small salmon; a grilse; a sewin.,english,medium,Common English
PEANUT,,The fruit of a trailing leguminous plant (Arachis,english,medium,Common English
PEARL,,A small hard gem formed inside a shellfish.,english,medium,Common English
PECK,,The fourth part of a bushel; a dry measure of eight quarts;,english,medium,Common English
PECKISH,,Inclined to eat; hungry.,english,medium,Common English
PED,,A basket; a hammer; a pannier.,english,medium,Common English
PEDDLE,,To travel about with wares for sale; to go from place to,english,medium,Common English
PEDDLER,,One who peddles; a traveling trader; one who travels,english,medium,Common English
PEDIGREE,,A line of ancestors; descent; lineage; genealogy; a,english,medium,Common English
PEEKABOO,,A child's game; bopeep.,english,medium,Common English
PEELER,,One who peels or strips.,english,medium,Common English
PEEPER,,A chicken just breaking the shell; a young bird.,english,medium,Common English
PEER,,To come in sight; to appear.,english,medium,Common English
PEERLESS,,Having no peer or equal; matchless; superlative.,english,medium,Common English
PEGASUS,,A winged horse fabled to have sprung from the body of,english,medium,Common English
PELT,,The skin of a beast with the hair on; a raw or undressed,english,medium,Common English
PENCE,,Pl. of Penny. See Penny.,english,medium,Common English
PENDANT,,Something which hangs or depends; something suspended; a,english,medium,Common English
PENITENT,,Feeling pain or sorrow on account of sins or offenses;,english,medium,Common English
PENNER,,One who pens; a writer.,english,medium,Common English
PENNY,,Denoting pound weight for one thousand; -- used in,english,medium,Common English
PENSION,,A payment; a tribute; something paid or given.,english,medium,Common English
PER,,For each; by means of.,english,medium,Common English
PERFUME,,To fill or impregnate with a perfume; to scent.,english,medium,Common English
PERHAPS,,By chance; peradventure; perchance; it may be.,english,medium,Common English
PERIOD,,A portion of time as limited and determined by some,english,medium,Common English
PERISH,,To be destroyed; to pass away; to become nothing; to be,english,medium,Common English
PERJURE,,To cause to violate an oath or a vow; to cause to make,english,medium,Common English
PERK,,To make trim or smart; to straighten up; to erect; to make,english,medium,Common English
PERKY,,Perk; pert; jaunty; trim.,english,medium,Common English
PERMIT,,To consent to; to allow or suffer to be done; to,english,medium,Common English
PEROXIDE,,An oxide containing more oxygen than some other oxide of,english,medium,Common English
PERRIER,,A short mortar used formerly for throwing stone shot.,english,medium,Common English
PERSIST,,To stand firm; to be fixed and unmoved; to stay; to,english,medium,Common English
PERT,,Open; evident; apert.,english,medium,Common English
PERUSE,,To observe; to examine with care.,english,medium,Common English
PESKY,,Pestering; vexatious; troublesome. Used also as an,english,medium,Common English
PESTER,,To trouble; to disturb; to annoy; to harass with petty,english,medium,Common English
PET,,A cade lamb; a lamb brought up by hand.,english,medium,Common English
PETERMAN,,A fisherman; -- so called after the apostle Peter.,english,medium,Common English
PETULANT,,Forward; pert; insolent; wanton.,english,medium,Common English
PEW,,One of the compartments in a church which are separated by low,english,medium,Common English
PHALANX,,A body of heavy-armed infantry formed in ranks and files,english,medium,Common English
PHANTOM,,That which has only an apparent existence; an apparition;,english,medium,Common English
PHARAOH,,A title by which the sovereigns of ancient Egypt were,english,medium,Common English
PHASE,,That which is exhibited to the eye; the appearance which,english,medium,Common English
PHLEGM,,One of the four humors of which the ancients supposed the,english,medium,Common English
PHOEBUS,,Apollo; the sun god.,english,medium,Common English
PHOTO,,A contraction of Photograph.,english,medium,Common English
PIANO,,Soft; -- a direction to the performer to execute a,english,medium,Common English
PICARD,,One of a sect of Adamites in the fifteenth century; -- so,english,medium,Common English
PICK,,To throw; to pitch.,english,medium,Common English
PIE,,An article of food consisting of paste baked with something in,english,medium,Common English
PIEDMONT,,Noting the region of foothills near the base of a,english,medium,Common English
PILLOW,,Anything used to support the head of a person when,english,medium,Common English
PILOT,,One employed to steer a vessel; a helmsman; a steersman.,english,medium,Common English
PIMENTO,,Allspice; -- applied both to the tree and its fruit. See,english,medium,Common English
PINDAR,,The peanut (Arachis hypogaea); -- so called in the West,english,medium,Common English
PINE,,Woe; torment; pain.,english,medium,Common English
PING,,The sound made by a bullet in striking a solid object or in,english,medium,Common English
PINK,,A vessel with a very narrow stern; -- called also pinky.,english,medium,Common English
TRENCHES,,As an army advances.,english,medium,Common English
PIPPIN,,An apple from a tree raised from the seed and not grafted;,english,medium,Common English
PIRATE,,A robber on the high seas; one who by open violence takes,english,medium,Common English
PITA,,A fiber obtained from the Agave Americana and other related,english,medium,Common English
PITIFUL,,Full of pity; tender-hearted; compassionate; kind;,english,medium,Common English
PITTANCE,,An allowance of food bestowed in charity; a mess of,english,medium,Common English
PLACARD,,A public proclamation; a manifesto or edict issued by,english,medium,Common English
PLACEBO,,The first antiphon of the vespers for the dead.,english,medium,Common English
PLACENTA,,The vascular appendage which connects the fetus with the,english,medium,Common English
PLACID,,Pleased; contented; unruffied; undisturbed; serene;,english,medium,Common English
PLANNER,,One who plans; a projector.,english,medium,Common English
PLANTAIN,,A treelike perennial herb (Musa paradisiaca) of tropical,english,medium,Common English
PLAT,,To form by interlaying interweaving; to braid; to plait.,english,medium,Common English
PLATFORM,,A plat; a plan; a sketch; a model; a pattern. Used also,english,medium,Common English
PLATTER,,One who plats or braids.,english,medium,Common English
PLAYBOOK,,A book of dramatic compositions; a book of the play.,english,medium,Common English
PLAYFUL,,Sportive; gamboling; frolicsome; indulging a sportive,english,medium,Common English
PLAYMATE,,A companion in diversions; a playfellow.,english,medium,Common English
PLAYTIME,,Time for play or diversion.,english,medium,Common English
PLAZA,,A public square in a city or town.,english,medium,Common English
PLEASANT,,Pleasing; grateful to the mind or to the senses;,english,medium,Common English
PLEASE,,To give pleasure or satisfaction.,english,medium,Common English
PLEDGE,,The transfer of possession of personal property from a,english,medium,Common English
PLENTY,,Full or adequate supply; enough and to spare; sufficiency;,english,medium,Common English
PLOD,,To travel slowly but steadily; to trudge.,english,medium,Common English
PLUCK,,To pull; to draw.,english,medium,Common English
PLUCKY,,Having pluck or courage; characterized by pluck;,english,medium,Common English
POACHER,,One who poaches; one who kills or catches game or fish,english,medium,Common English
POD,,A bag; a pouch.,english,medium,Common English
POET,,One skilled in making poetry; one who has a particular genius,english,medium,Common English
POIGNANT,,Pricking; piercing; sharp; pungent.,english,medium,Common English
POISE,,Weight; gravity; that which causes a body to descend;,english,medium,Common English
POISONER,,One who poisons.,english,medium,Common English
POLARITY,,That quality or condition of a body in virtue of which it,english,medium,Common English
POLITE,,Smooth; polished.,english,medium,Common English
POLITELY,,In a polished manner; so as to be smooth or glossy.,english,medium,Common English
POLL,,A parrot; -- familiarly so called.,english,medium,Common English
POLLACK,,A marine gadoid food fish of Europe (Pollachius virens).,english,medium,Common English
POLLARD,,A tree having its top cut off at some height above the,english,medium,Common English
POLY,,A whitish woolly plant (Teucrium Polium) of the order,english,medium,Common English
PREPARED,,As certain solutions derived from,english,medium,Common English
POLYGAMY,,The having of a plurality of wives or husbands at the,english,medium,Common English
POLYMER,,Any one of two or more substances related to each other by,english,medium,Common English
POMPOUS,,Displaying pomp; stately; showy with grandeur;,english,medium,Common English
POOR,,Having little money.,english,medium,Common English
PORE,,One of the minute orifices in an animal or vegetable,english,medium,Common English
POROUS,,Full of pores; having interstices in the skin or in the,english,medium,Common English
PURPLE,,Which are highly esteemed as marbles.,english,medium,Common English
PORRIDGE,,A food made by boiling some leguminous or farinaceous,english,medium,Common English
PORTAGE,,A sailor's wages when in port.,english,medium,Common English
PORTER,,A man who has charge of a door or gate; a doorkeeper; one,english,medium,Common English
PORTHOLE,,An embrasure in a ship's side. See 3d Port.,english,medium,Common English
POSSESS,,To occupy in person; to hold or actually have in one's,english,medium,Common English
POST,,Hired to do what is wrong; suborned.,english,medium,Common English
POSTAGE,,The price established by law to be paid for the conveyance,english,medium,Common English
POSTER,,A large bill or placard intended to be posted in public,english,medium,Common English
POSTMAN,,A post or courier; a letter carrier.,english,medium,Common English
POSTURE,,The position of the body; the situation or disposition of,english,medium,Common English
POTENCY,,The quality or state of being potent; physical or moral,english,medium,Common English
POTENT,,Producing great physical effects; forcible; powerful',english,medium,Common English
POTHOLE,,A circular hole formed in the rocky beds of rivers by the,english,medium,Common English
POTTER,,One whose occupation is to make earthen vessels.,english,medium,Common English
POUND,,To strike repeatedly with some heavy instrument; to beat.,english,medium,Common English
POVERTY,,The quality or state of being poor or indigent; want or,english,medium,Common English
POWERFUL,,Full of power; capable of producing great effects of any,english,medium,Common English
PRAISE,,To commend; to applaud; to express approbation of; to laud;,english,medium,Common English
PRANCER,,A horse which prances.,english,medium,Common English
PRANK,,To adorn in a showy manner; to dress or equip,english,medium,Common English
PRAYER,,One who prays; a supplicant.,english,medium,Common English
PREACHER,,One who preaches; one who discourses publicly on,english,medium,Common English
PRECINCT,,The limit or exterior line encompassing a place; a,english,medium,Common English
PRECISE,,Having determinate limitations; exactly or sharply defined,english,medium,Common English
PREDICT,,To tell or declare beforehand; to foretell; to,english,medium,Common English
PREFECT,,A Roman officer who controlled or superintended a,english,medium,Common English
PREMIUM,,A reward or recompense; a prize to be won by being before,english,medium,Common English
PRENATAL,,Being or happening before birth.,english,medium,Common English
PRESTIGE,,Delusion; illusion; trick.,english,medium,Common English
PRETEND,,To lay a claim to; to allege a title to; to claim.,english,medium,Common English
VALIANT,,He is just. Called also paraleipsis.,english,medium,Common English
PRETEXT,,Ostensible reason or motive assigned or assumed as a color,english,medium,Common English
PRETZEL,,A kind of German biscuit or cake in the form of a twisted,english,medium,Common English
PREVAIL,,To overcome; to gain the victory or superiority; to,english,medium,Common English
PREVIOUS,,Going before in time; being or happening before something,english,medium,Common English
PRICKLY,,Full of sharp points or prickles; armed or covered with,english,medium,Common English
PRIDEFUL,,Full of pride; haughty.,english,medium,Common English
PRIME,,Donne (#) (pl. ) of Prima donna,english,medium,Common English
PRIMAL,,First; primary; original; chief.,english,medium,Common English
PRIMARY,,First in order of time or development or in intention;,english,medium,Common English
PRIMATE,,The chief ecclesiastic in a national church; one who,english,medium,Common English
PRIMEVAL,,Belonging to the first ages; pristine; original;,english,medium,Common English
PRINCE,,The one of highest rank; one holding the highest place and,english,medium,Common English
PRINCELY,,Of or relating to a prince; regal; royal; of highest rank,english,medium,Common English
PRIOR,,Preceding in the order of time; former; antecedent;,english,medium,Common English
PRIORITY,,The quality or state of being prior or antecedent in,english,medium,Common English
PRIORY,,A religious house presided over by a prior or prioress; --,english,medium,Common English
PRISONER,,One who is confined in a prison.,english,medium,Common English
PRISTINE,,Belonging to the earliest period or state; original;,english,medium,Common English
PRIVACY,,The state of being in retirement from the company or,english,medium,Common English
PRIZE,,That which is taken from another; something captured; a,english,medium,Common English
PROBABLE,,Capable of being proved.,english,medium,Common English
PROBLEM,,A question proposed for solution; a matter stated for,english,medium,Common English
PROCEEDS,,That which comes forth or results; effect; yield;,english,medium,Common English
PROCTOR,,One who is employed to manage to affairs of another.,english,medium,Common English
PRODIGAL,,Given to extravagant expenditure; expending money or,english,medium,Common English
PROFFER,,To offer for acceptance; to propose to give; to make a,english,medium,Common English
PROFOUND,,Descending far below the surface; opening or reaching to,english,medium,Common English
PROG,,To wander about and beg; to seek food or other supplies by,english,medium,Common English
PROGRESS,,A moving or going forward; a proceeding onward; an,english,medium,Common English
PROMPT,,A limit of time given for payment of an account for produce,english,medium,Common English
PRONE,,Bending forward; inclined; not erect.,english,medium,Common English
PROPEL,,To drive forward; to urge or press onward by force; to,english,medium,Common English
PROPERLY,,In a proper manner; suitably; fitly; strictly; rightly;,english,medium,Common English
PROPHESY,,To foretell; to predict; to prognosticate.,english,medium,Common English
PROSE,,The ordinary language of men in speaking or writing;,english,medium,Common English
PROSPECT,,That which is embraced by eye in vision; the region which,english,medium,Common English
PROSPER,,To favor; to render successful.,english,medium,Common English
PROSTATE,,Standing before; -- applied to a gland which is found in,english,medium,Common English
PROTECT,,To cover or shield from danger or injury; to defend; to,english,medium,Common English
PROTEST,,To affirm in a public or formal manner; to bear,english,medium,Common English
PROTEUS,,A sea god in the service of Neptune who assumed different,english,medium,Common English
PROUDLY,,In a proud manner; with lofty airs or mien; haughtily;,english,medium,Common English
PROVERB,,An old and common saying; a phrase which is often,english,medium,Common English
PROVIDE,,To look out for in advance; to procure beforehand; to,english,medium,Common English
PROWLER,,One that prowls.,english,medium,Common English
PROXY,,The agency for another who acts through the agent; authority,english,medium,Common English
PRUDENCE,,The quality or state of being prudent; wisdom in the way,english,medium,Common English
PRUDENT,,Sagacious in adapting means to ends; circumspect in,english,medium,Common English
PSALM,,A sacred song; a poetical composition for use in the praise,english,medium,Common English
PUBERTY,,The earliest age at which persons are capable of begetting,english,medium,Common English
PUBLICLY,,With exposure to popular view or notice; without,english,medium,Common English
PUCKER,,To gather into small folds or wrinkles; to contract,english,medium,Common English
PUDDLE,,A small quantity of dirty standing water; a muddy plash; a,english,medium,Common English
PUEBLO,,A communistic building erected by certain Indian tribes of,english,medium,Common English
PUFFER,,One who puffs; one who praises with noisy or extravagant,english,medium,Common English
PUGH,,Pshaw! pish! -- a word used in contempt or disdain.,english,medium,Common English
PUKE,,To eject the contests of the stomach; to vomit; to spew.,english,medium,Common English
SLUGS,,As Limnaea and Planorbis.,english,medium,Common English
TAWNY,,Without spots or stripes. Called also,english,medium,Common English
PUMP,,A low shoe with a thin sole.,english,medium,Common English
PUNCTUAL,,Consisting in a point; limited to a point; unextended.,english,medium,Common English
CLAUSES,,By points or stops which mark the proper pauses in,english,medium,Common English
PUNCTURE,,The act of puncturing; perforating with something,english,medium,Common English
PUNISHER,,One who inflicts punishment.,english,medium,Common English
PUNY,,Imperfectly developed in size or vigor; small and,english,medium,Common English
PUP,,A young dog; a puppy.,english,medium,Common English
PUPPET,,A small image in the human form; a doll.,english,medium,Common English
PUREE,,Smooth food made by blending or mashing.,english,medium,Common English
PURELY,,In a pure manner (in any sense of the adjective).,english,medium,Common English
PURR,,To murmur as a cat. See Pur.,english,medium,Common English
PURSER,,A commissioned officer in the navy who had charge of the,english,medium,Common English
PURSUANT,,Acting in consequence or in prosecution (of anything);,english,medium,Common English
PUS,,The yellowish white opaque creamy matter produced by the,english,medium,Common English
PUSS,,A cat; -- a fondling appellation.,english,medium,Common English
PUTRID,,Tending to decomposition or decay; decomposed; rotten; --,english,medium,Common English
PUTTER,,One who puts or plates.,english,medium,Common English
PYRE,,A funeral pile; a combustible heap on which the dead are,english,medium,Common English
PYRO,,Abbreviation of pyrogallic acid.,english,medium,Common English
QUA,,In so far as; in the capacity or character of; as.,english,medium,Common English
QUAKER,,One who quakes.,english,medium,Common English
QUALIFY,,To make such as is required; to give added or requisite,english,medium,Common English
QUANDARY,,A state of difficulty or perplexity; doubt; uncertainty.,english,medium,Common English
QUANTUM,,Quantity; amount.,english,medium,Common English
SIGNALS,,Under the direction of the master.,english,medium,Common English
QUASI,,As if; as though; as it were; in a manner sense or degree;,english,medium,Common English
QUE,,A half farthing.,english,medium,Common English
QUEASY,,Feeling sick or nauseated.,english,medium,Common English
QUEER,,At variance with what is usual or normal; differing in some,english,medium,Common English
QUERY,,A question; an inquiry to be answered or solved.,english,medium,Common English
QUEUE,,A tail-like appendage of hair; a pigtail.,english,medium,Common English
QUIBBLE,,A shift or turn from the point in question; a trifling or,english,medium,Common English
QUICK,,Alive; living; animate; -- opposed to dead or,english,medium,Common English
QUICKLY,,Speedily; with haste or celerity; soon; without delay;,english,medium,Common English
QUINCE,,The fruit of a shrub (Cydonia vulgaris) belonging to the,english,medium,Common English
QUIRT,,A rawhide whip plaited with two thongs of buffalo hide.,english,medium,Common English
QUIVER,,Nimble; active.,english,medium,Common English
QUIZ,,A riddle or obscure question; an enigma; a ridiculous hoax.,english,medium,Common English
QUORUM,,Such a number of the officers or members of any body as is,english,medium,Common English
QUOTA,,A proportional part or share; the share or proportion,english,medium,Common English
RABBI,,Master; lord; teacher; -- a Jewish title of respect or honor,english,medium,Common English
RABID,,Furious; raging; extremely violent.,english,medium,Common English
RACCOON,,A North American nocturnal carnivore (Procyon lotor),english,medium,Common English
RACY,,Having a strong flavor indicating origin; of distinct,english,medium,Common English
RADIANT,,Emitting or proceeding as from a center; resembling rays;,english,medium,Common English
RADISH,,The pungent fleshy root of a well-known cruciferous plant,english,medium,Common English
RADIUS,,A right line drawn or extending from the center of a circle,english,medium,Common English
RAG,,A torn piece of old cloth.,english,medium,Common English
RAGE,,Violent excitement; eager passion; extreme vehemence of,english,medium,Common English
RAGLAN,,A loose overcoat with large sleeves; -- named from Lord,english,medium,Common English
RAID,,A sudden attack or search.,english,medium,Common English
RAIDER,,One who engages in a raid.,english,medium,Common English
RAILWAY,,A road or way consisting of one or more parallel series of,english,medium,Common English
RAINDROP,,A drop of rain.,english,medium,Common English
RAISE,,To cause to rise; to bring from a lower to a higher,english,medium,Common English
RALPH,,A name sometimes given to the raven.,english,medium,Common English
RAM,,A male sheep.,english,medium,Common English
RAMBLER,,One who rambles; a rover; a wanderer.,english,medium,Common English
RAMP,,A sloping surface joining two levels.,english,medium,Common English
RAMPANT,,Ramping; leaping; springing; rearing upon the hind legs;,english,medium,Common English
RAMPART,,That which fortifies and defends from assault; that which,english,medium,Common English
RAMROD,,The rod used in ramming home the charge in a muzzle-loading,english,medium,Common English
RANCE,,A prop or shore.,english,medium,Common English
RANCH,,To wrench; to tear; to sprain; to injure by violent,english,medium,Common English
RANCOR,,Bitter resentment.,english,medium,Common English
RAND,,A border; edge; margin.,english,medium,Common English
RANDOM,,Force; violence.,english,medium,Common English
RANSACK,,To search thoroughly; to search every place or part of;,english,medium,Common English
RAPPORT,,Relation; proportion; conformity; correspondence; accord.,english,medium,Common English
RAPTOR,,A bird of prey.,english,medium,Common English
RAPTURE,,A seizing by violence; a hurrying along; rapidity with,english,medium,Common English
RASP,,To rub or file with a rasp; to rub or grate with a rough,english,medium,Common English
RATE,,To chide with vehemence; to scold; to censure,english,medium,Common English
RATHER,,Prior; earlier; former.,english,medium,Common English
RATION,,A fixed daily allowance of provisions assigned to a soldier,english,medium,Common English
RATIONAL,,Relating to the reason; not physical; mental.,english,medium,Common English
HERBS,,Many-seeded pods.,english,medium,Common English
RAVAGE,,Desolation by violence; violent ruin or destruction;,english,medium,Common English
RAVEL,,To untangle or unravel.,english,medium,Common English
RAVENOUS,,Devouring with rapacious eagerness; furiously voracious;,english,medium,Common English
RAVINE,,Food obtained by violence; plunder; prey; raven.,english,medium,Common English
RAW,,Not altered from its natural state; not prepared by the,english,medium,Common English
RAZE,,To demolish or destroy completely.,english,medium,Common English
REACHER,,One who reaches.,english,medium,Common English
REACTIVE,,Having power to react; tending to reaction; of the nature,english,medium,Common English
READ,,Rennet. See 3d Reed.,english,medium,Common English
READABLE,,Such as can be read; legible; fit or suitable to be read;,english,medium,Common English
READJUST,,To adjust or settle again; to put in a different order,english,medium,Common English
READY,,Prepared for what one is about to do or experience;,english,medium,Common English
REALITY,,The state or quality of being real; actual being or,english,medium,Common English
REALIZE,,To make real; to convert from the imaginary or,english,medium,Common English
REALM,,A royal jurisdiction or domain; a region which is under the,english,medium,Common English
REAPPEAR,,To appear again.,english,medium,Common English
REAPPLY,,To apply again.,english,medium,Common English
REASSIGN,,To assign back or again; to transfer back what has,english,medium,Common English
REASSURE,,To assure anew; to restore confidence to; to free from,english,medium,Common English
REATTACH,,To attach again.,english,medium,Common English
REBATE,,To beat to obtuseness; to deprive of keenness; to blunt;,english,medium,Common English
REBOUND,,To spring back; to start back; to be sent back or,english,medium,Common English
REBUS,,A mode of expressing words and phrases by pictures of,english,medium,Common English
REBUTTAL,,The giving of evidence on the part of a plaintiff to,english,medium,Common English
RECANT,,To withdraw or repudiate formally and publicly (opinions,english,medium,Common English
RECAST,,To throw again.,english,medium,Common English
RECEDE,,To move back; to retreat; to withdraw.,english,medium,Common English
RECHARGE,,To charge or accuse in return.,english,medium,Common English
WHOM,,Anything is given or communicated;,english,medium,Common English
RECITAL,,The act of reciting; the repetition of the words of,english,medium,Common English
RECKLESS,,Inattentive to duty; careless; neglectful; indifferent.,english,medium,Common English
RECLAIM,,To claim back; to demand the return of as a right; to,english,medium,Common English
RECLUSE,,Shut up; sequestered; retired from the world or from,english,medium,Common English
RECOUNT,,To count or reckon again.,english,medium,Common English
RECOVER,,To cover again.,english,medium,Common English
RECREATE,,To give fresh life to; to reanimate; to revive;,english,medium,Common English
RECTOR,,A ruler or governor.,english,medium,Common English
REDEEM,,To purchase back; to regain possession of by payment of,english,medium,Common English
REDEEMER,,One who redeems.,english,medium,Common English
REDHEAD,,A person having red hair.,english,medium,Common English
REDNESS,,The quality or state of being red; red color.,english,medium,Common English
REDRESS,,To dress again.,english,medium,Common English
REDWOOD,,A gigantic coniferous tree (Sequoia sempervirens) of,english,medium,Common English
REEFER,,One who reefs; -- a name often given to midshipmen.,english,medium,Common English
REENACT,,To enact again.,english,medium,Common English
REFER,,To carry or send back.,english,medium,Common English
REFEREE,,One to whom a thing is referred; a person to whom a matter,english,medium,Common English
REFLECT,,To bend back; to give a backwa/d turn to; to throw back;,english,medium,Common English
REFLEX,,Directed back; attended by reflection; retroactive;,english,medium,Common English
REFORM,,To change for the better.,english,medium,Common English
REFORMED,,Corrected; amended; restored to purity or excellence;,english,medium,Common English
REFORMER,,One who effects a reformation or amendment; one who,english,medium,Common English
REFRAIN,,To hold back; to restrain; to keep within prescribed,english,medium,Common English
REFUGE,,Shelter or protection from danger or distress.,english,medium,Common English
REFUND,,To fund again or anew; to replace (a fund or loan) by a,english,medium,Common English
WING,,Out of the regular aligment when troops ar/ about to,english,medium,Common English
REGALIA,,That which belongs to royalty. Specifically: (a) The,english,medium,Common English
REGENCY,,The office of ruler; rule; authority; government.,english,medium,Common English
REGENT,,Ruling; governing; regnant.,english,medium,Common English
REGIME,,Mode or system of rule or management; character of,english,medium,Common English
REGIMEN,,Orderly government; system of order; adminisration.,english,medium,Common English
REGION,,One of the grand districts or quarters into which any space,english,medium,Common English
REGISTER,,A written account or entry; an official or formal,english,medium,Common English
REGISTRY,,The act of recording or writing in a register;,english,medium,Common English
REGRESS,,The act of passing back; passage back; return;,english,medium,Common English
REJECT,,To cast from one; to throw away; to discard.,english,medium,Common English
REJOICE,,To feel joy; to experience gladness in a high degree;,english,medium,Common English
REKINDLE,,To kindle again.,english,medium,Common English
RELATIVE,,Having relation or reference; referring; respecting;,english,medium,Common English
RELEASE,,To lease again; to grant a new lease of; to let back.,english,medium,Common English
RELENT,,To become less rigid or hard; to yield; to dissolve; to,english,medium,Common English
RELEVANT,,Relieving; lending aid or support.,english,medium,Common English
RELIABLE,,Suitable or fit to be relied on; worthy of dependance or,english,medium,Common English
RELIVE,,To live again; to revive.,english,medium,Common English
RELOCATE,,To locate again.,english,medium,Common English
REMAIN,,To stay behind while others withdraw; to be left after,english,medium,Common English
REMAND,,To recommit; to send back.,english,medium,Common English
REMARRY,,To marry again.,english,medium,Common English
REMEDY,,That which relieves or cures a disease; any medicine or,english,medium,Common English
REMIND,,To put (one) in mind of something; to bring to the,english,medium,Common English
REMISS,,Not energetic or exact in duty or business; not careful or,english,medium,Common English
REMIT,,To send back; to give up; to surrender; to resign.,english,medium,Common English
REMIX,,To mix again or repeatedly.,english,medium,Common English
REMNANT,,Remaining; yet left.,english,medium,Common English
REMODEL,,To model or fashion anew; to change the form of.,english,medium,Common English
REMOTE,,Removed to a distance; not near; far away; distant; --,english,medium,Common English
REMOVE,,To take away or move from a place.,english,medium,Common English
RENAME,,To give a new name to.,english,medium,Common English
RENEGADE,,One faithless to principle or party.,english,medium,Common English
RENEGE,,To deny; to disown.,english,medium,Common English
RENOUNCE,,To declare against; to reject or decline formally; to,english,medium,Common English
RENOVATE,,To make over again; to restore to freshness or vigor;,english,medium,Common English
RENOWN,,The state of being much known and talked of; exalted,english,medium,Common English
RENTER,,A person who rents property.,english,medium,Common English
REPEL,,To drive back; to force to return; to check the advance,english,medium,Common English
REPENT,,Prostrate and rooting; -- said of stems.,english,medium,Common English
REPLY,,To make a return in words or writing; to respond; to,english,medium,Common English
REPORTER,,One who reports.,english,medium,Common English
REPRESS,,To press again.,english,medium,Common English
REPRIEVE,,To delay the punishment of; to suspend the execution,english,medium,Common English
REPRINT,,To print again; to print a second or a new edition of.,english,medium,Common English
REPRISAL,,The act of taking from an enemy by way of reteliation or,english,medium,Common English
REPUTE,,To hold in thought; to account; to estimate; to hold; to,english,medium,Common English
REQUIEM,,A mass said or sung for the repose of a departed soul.,english,medium,Common English
RESCIND,,To cut off; to abrogate; to annul.,english,medium,Common English
RESCUER,,One who rescues.,english,medium,Common English
RESELL,,To sell again; to sell what has been bought or sold; to,english,medium,Common English
RESENT,,To be sensible of; to feel,english,medium,Common English
RESHAPE,,To shape again.,english,medium,Common English
RESIGN,,To sign back; to return by a formal act; to yield to,english,medium,Common English
RESIST,,To stand against; to withstand; to obstruct.,english,medium,Common English
RESOLUTE,,Having a decided purpose; determined; resolved;,english,medium,Common English
RESOLVE,,To separate the component parts of; to reduce to the,english,medium,Common English
RESORT,,Active power or movement; spring.,english,medium,Common English
RESOURCE,,That to which one resorts orr on which one depends for,english,medium,Common English
RESPITE,,A putting off of that which was appointed; a postponement,english,medium,Common English
RESTFUL,,Being at rest; quiet.,english,medium,Common English
RESTORE,,To bring back to its former state; to bring back from a,english,medium,Common English
RESULT,,To leap back; to rebound.,english,medium,Common English
RESUME,,A summing up; a condensed statement; an abridgment or brief,english,medium,Common English
RESUPPLY,,To supply again.,english,medium,Common English
RETAIL,,The sale of commodities in small quantities or parcels; --,english,medium,Common English
RETAKE,,To take or receive again.,english,medium,Common English
RETICENT,,Inclined to keep silent; reserved; uncommunicative.,english,medium,Common English
RETINUE,,The body of retainers who follow a prince or other,english,medium,Common English
RETIRE,,To stop working permanently.,english,medium,Common English
RETRIEVE,,To find again; to recover; to regain; to restore from,english,medium,Common English
RETURN,,To turn back; to go or come again to the same place or,english,medium,Common English
REUNITE,,To unite again; to join after separation or,english,medium,Common English
REVEAL,,To make known (that which has been concealed or kept,english,medium,Common English
REVELRY,,The act of engaging in a revel; noisy festivity; reveling.,english,medium,Common English
REVEREND,,Worthy of reverence; entitled to respect mingled with,english,medium,Common English
REVERSAL,,Intended to reverse; implying reversal.,english,medium,Common English
REVERSE,,Turned backward; having a contrary or opposite direction;,english,medium,Common English
REVIEW,,To view or see again; to look back on.,english,medium,Common English
REVIEWER,,One who reviews or reexamines; an inspector; one who,english,medium,Common English
REVISE,,To look at again for the detection of errors; to,english,medium,Common English
REVISION,,The act of revising; reexamination for correction;,english,medium,Common English
REVISIT,,To visit again.,english,medium,Common English
REVIVE,,To return to life; to recover life or strength; to live,english,medium,Common English
REVOKE,,To call or bring back; to recall.,english,medium,Common English
REWRITE,,To write again.,english,medium,Common English
REYNARD,,An appelation applied after the manner of a proper name to,english,medium,Common English
RHAPSODY,,A recitation or song of a rhapsodist; a portion of an,english,medium,Common English
RHINE,,A water course; a ditch.,english,medium,Common English
RIB,,One of the curved bones attached to the vertebral column and,english,medium,Common English
RICHNESS,,The quality or state of being rich (in any sense of the,english,medium,Common English
RICKETY,,Affected with rickets.,english,medium,Common English
RIDDANCE,,The act of ridding or freeing; deliverance; a cleaning up,english,medium,Common English
RIFE,,Prevailing; prevalent; abounding.,english,medium,Common English
RIFFRAFF,,Sweepings; refuse; the lowest order of society.,english,medium,Common English
RIFLE,,To seize and bear away by force; to snatch away; to carry,english,medium,Common English
RIGHTFUL,,Righteous; upright; just; good; -- said of persons.,english,medium,Common English
RIGID,,Firm; stiff; unyielding; not pliant; not flexible.,english,medium,Common English
RIGIDITY,,The quality or state of being rigid; want of pliability;,english,medium,Common English
RIGOR,,Rigidity; stiffness.,english,medium,Common English
RINK,,The smooth and level extent of ice marked off for the game of,english,medium,Common English
RINSE,,To wash lightly; to cleanse with a second or repeated,english,medium,Common English
RIP,,A wicker fish basket.,english,medium,Common English
RIPPER,,One who brings fish from the seacoast to markets in inland,english,medium,Common English
RISE,,To move from a lower position to a higher; to ascend; to,english,medium,Common English
RISKY,,Attended with risk or danger; hazardous.,english,medium,Common English
RISOTTO,,A kind of pottage.,english,medium,Common English
RIVAL,,A person having a common right or privilege with another; a,english,medium,Common English
ROADSTER,,A clumsy vessel that works its way from one anchorage to,english,medium,Common English
ROAM,,To wander from place to place.,english,medium,Common English
ROBUST,,Evincing strength; indicating vigorous health; strong;,english,medium,Common English
ROC,,A monstrous bird of Arabian mythology.,english,medium,Common English
ROCHELLE,,A seaport town in France.,english,medium,Common English
ROCKET,,A cruciferous plant (Eruca sativa) sometimes eaten in,english,medium,Common English
ROCKFISH,,Any one of several California scorpaenoid food fishes of,english,medium,Common English
RODDY,,Full of rods or twigs.,english,medium,Common English
RODEO,,A round-up. See Round-up.,english,medium,Common English
ROEBUCK,,A small European and Asiatic deer (Capreolus capraea),english,medium,Common English
ROMP,,To play rudely and boisterously; to leap and frisk about,english,medium,Common English
ROOK,,A chess piece that moves in straight lines.,english,medium,Common English
ROOMFUL,,Abounding with room or rooms; roomy.,english,medium,Common English
ROOMMATE,,One of twe or more occupying the same room or rooms; one,english,medium,Common English
ROPER,,A maker of ropes.,english,medium,Common English
ROSALIA,,A form of melody in which a phrase or passage is,english,medium,Common English
ROSEMARY,,A labiate shrub (Rosmarinus officinalis) with narrow,english,medium,Common English
ROSETTE,,An imitation of a rose by means of ribbon or other,english,medium,Common English
ROT,,To decay.,english,medium,Common English
ROUGHLY,,In a rough manner; unevenly; harshly; rudely; severely;,english,medium,Common English
ROUNDER,,One who rounds; one who comes about frequently or,english,medium,Common English
ROUT,,To roar; to bellow; to snort; to snore loudly.,english,medium,Common English
ROVER,,One who practices robbery on the seas; a pirate.,english,medium,Common English
ROWBOAT,,A boat designed to be propelled by oars instead of sails.,english,medium,Common English
ROYAL,,Kingly; pertaining to the crown or the sovereign; suitable,english,medium,Common English
ROYALLY,,In a royal or kingly manner; like a king; as becomes a,english,medium,Common English
RUBBISH,,Waste or rejected matter; anything worthless; valueless,english,medium,Common English
RUBLE,,The unit of monetary value in Russia. It is divided into 100,english,medium,Common English
RUDDER,,A riddle or sieve.,english,medium,Common English
RUDE,,Characterized by roughness; umpolished; raw; lacking,english,medium,Common English
RUGGED,,Full of asperities on the surface; broken into sharp or,english,medium,Common English
RUIN,,The act of falling or tumbling down; fall.,english,medium,Common English
RULER,,One who rules; one who exercises sway or authority; a,english,medium,Common English
RUMPLE,,To make uneven; to form into irregular,english,medium,Common English
RUMPUS,,A disturbance; noise and confusion; a quarrel.,english,medium,Common English
RUTHLESS,,Having no ruth; cruel; pitiless.,english,medium,Common English
SABBATH,,A season or day of rest; one day in seven appointed for,english,medium,Common English
SABLE,,A carnivorous animal of the Weasel family (Mustela,english,medium,Common English
SACK,,A name formerly given to various dry Spanish wines.,english,medium,Common English
SAD,,Sated; satisfied; weary; tired.,english,medium,Common English
SADLY,,In an unhappy or sorrowful way.,english,medium,Common English
SADNESS,,Heaviness; firmness.,english,medium,Common English
SAFETY,,The condition or state of being safe; freedom from danger,english,medium,Common English
SAFFRON,,A bulbous iridaceous plant (Crocus sativus) having blue,english,medium,Common English
SAGE,,A herb with aromatic leaves.,english,medium,Common English
SAILBOAT,,A boat propelled by a sail or sails.,english,medium,Common English
SAILOR,,One who follows the business of navigating ships or other,english,medium,Common English
SAINT,,A person sanctified; a holy or godly person; one eminent for,english,medium,Common English
SAINTLY,,Like a saint; becoming a holy person.,english,medium,Common English
SAKE,,Final cause; end; purpose of obtaining; cause; motive;,english,medium,Common English
SALAM,,A salutation or compliment of ceremony in the east by word,english,medium,Common English
SALE,,See 1st Sallow.,english,medium,Common English
SALESMAN,,One who sells anything; one whose occupation is to sell,english,medium,Common English
SALIENT,,Moving by leaps or springs; leaping; bounding; jumping.,english,medium,Common English
SALOON,,A spacious and elegant apartment for the reception of,english,medium,Common English
SALTY,,Somewhat salt; saltish.,english,medium,Common English
SALVO,,An exception; a reservation; an excuse.,english,medium,Common English
SAMOVAR,,A metal urn used in Russia for making tea. It is filled,english,medium,Common English
SAMPLE,,Example; pattern.,english,medium,Common English
SAMPLER,,One who makes up samples for inspection; one who examines,english,medium,Common English
SAMPLES,,A wool sampler.,english,medium,Common English
SANCTIFY,,To make sacred or holy; to set apart to a holy or,english,medium,Common English
SANCTITY,,The state or quality of being sacred or holy; holiness;,english,medium,Common English
SANE,,Being in a healthy condition; not deranged; acting,english,medium,Common English
SANITY,,The condition or quality of being sane; soundness of health,english,medium,Common English
SANS,,Without.,english,medium,Common English
SAPPY,,Abounding with sap; full of sap; juicy; succulent.,english,medium,Common English
SATANIST,,A very wicked person.,english,medium,Common English
SOLUTION,,Saturated garments; a saturated,english,medium,Common English
SATURDAY,,The seventh or last day of the week; the day following,english,medium,Common English
SAUCE,,A composition of condiments and appetizing ingredients eaten,english,medium,Common English
SAUCER,,A small pan or vessel in which sauce was set on a table.,english,medium,Common English
SAUCY,,Showing impertinent boldness or pertness; transgressing,english,medium,Common English
SAUSAGE,,An article of food consisting of meat (esp. pork) minced,english,medium,Common English
SAVAGERY,,The state of being savage; savageness; savagism.,english,medium,Common English
SAVANNA,,A tract of level land covered with the vegetable growth,english,medium,Common English
SAVANT,,A man of learning; one versed in literature or science; a,english,medium,Common English
SAVOR,,That property of a thing which affects the organs of taste,english,medium,Common English
SAVORY,,Pleasing to the organs of taste or smell.,english,medium,Common English
SAWYER,,One whose occupation is to saw timber into planks or,english,medium,Common English
SAX,,A kind of chopping instrument for trimming the edges of,english,medium,Common English
SAXON,,One of a nation or people who formerly dwelt in the northern,english,medium,Common English
SAYER,,One who says; an utterer.,english,medium,Common English
SCABBY,,Affected with scabs; full of scabs.,english,medium,Common English
SCALABLE,,Capable of being scaled.,english,medium,Common English
SCALP,,A bed of oysters or mussels.,english,medium,Common English
SCAN,,To mount by steps; to go through with step by step.,english,medium,Common English
SCANDAL,,Offense caused or experienced; reproach or reprobation,english,medium,Common English
SCARCE,,Not plentiful or abundant; in small quantity in,english,medium,Common English
SCARCELY,,With difficulty; hardly; scantly; barely; but just.,english,medium,Common English
SCARCITY,,The quality or condition of being scarce; smallness of,english,medium,Common English
SCARE,,To frighten; to strike with sudden fear; to alarm.,english,medium,Common English
SCARY,,Barren land having only a thin coat of grass.,english,medium,Common English
SCATTER,,To strew about; to sprinkle around; to throw down,english,medium,Common English
SCENERY,,Assemblage of scenes; the paintings and hangings,english,medium,Common English
SCHEDULE,,A written or printed scroll or sheet of paper; a,english,medium,Common English
SCHEMA,,An outline or image universally applicable to a general,english,medium,Common English
SCHEME,,A combination of things connected and adjusted by design; a,english,medium,Common English
SCHILLER,,The peculiar bronzelike luster observed in certain,english,medium,Common English
SCIMITAR,,A saber with a much curved blade having the edge on the,english,medium,Common English
SCISSOR,,To cut with scissors or shears; to prepare with the aid,english,medium,Common English
SCOFF,,Derision; ridicule; mockery; derisive or mocking expression,english,medium,Common English
SCOLD,,To find fault or rail with rude clamor; to brawl; to,english,medium,Common English
SCOOT,,To walk fast; to go quickly; to run hastily away.,english,medium,Common English
SCORN,,Extreme and lofty contempt; haughty disregard; that disdain,english,medium,Common English
SCOT,,A name for a horse.,english,medium,Common English
SCOTIA,,A concave molding used especially in classical,english,medium,Common English
SCOUT,,A swift sailing boat.,english,medium,Common English
SCRAPE,,To rub over the surface of (something) with a sharp or,english,medium,Common English
SCRATCH,,A noisy scrape on the floor; a scrape of,english,medium,Common English
SCRAPPY,,Consisting of scraps; fragmentary; lacking unity or,english,medium,Common English
SCRATCHY,,Characterized by scratches.,english,medium,Common English
SCRAWNY,,Meager; thin; rawboned; bony; scranny.,english,medium,Common English
SCRIBBLE,,To card coarsely; to run through the scribbling,english,medium,Common English
SCRIBE,,One who writes; a draughtsman; a writer for another;,english,medium,Common English
SCRIP,,A small bag; a wallet; a satchel.,english,medium,Common English
SCRIPT,,A writing; a written document.,english,medium,Common English
SCROLL,,A roll of paper or parchment; a writing formed into a roll;,english,medium,Common English
SCRUTINY,,Close examination; minute inspection; critical,english,medium,Common English
SCUFFLE,,To strive or struggle with a close grapple; to wrestle,english,medium,Common English
SCULPTOR,,One who sculptures; one whose occupation is to carve,english,medium,Common English
SCURVY,,Covered or affected with scurf or scabs; scabby; scurfy;,english,medium,Common English
SCYLLA,,A dangerous rock on the Italian coast opposite the whirpool,english,medium,Common English
WAX,,To seal a letter.,english,medium,Common English
SEAMAN,,A merman; the male of the mermaid.,english,medium,Common English
SEAMLESS,,Without a seam.,english,medium,Common English
SEASICK,,Affected with seasickness.,english,medium,Common English
SECRETE,,To deposit in a place of hiding; to hide; to conceal;,english,medium,Common English
SECTOR,,A part of a circle comprehended between two radii and the,english,medium,Common English
SECULAR,,Coming or observed once in an age or a century.,english,medium,Common English
SEDAN,,A portable chair or covered vehicle for carrying a single,english,medium,Common English
SEDATE,,Undisturbed by passion or caprice; calm; tranquil; serene;,english,medium,Common English
SEEDY,,Shabby or disreputable.,english,medium,Common English
SEEKER,,One who seeks; that which is used in seeking or searching.,english,medium,Common English
SEESAW,,A play among children in which they are seated upon the,english,medium,Common English
SEETHER,,A pot for boiling things; a boiler.,english,medium,Common English
SEGMENT,,One of the parts into which any body naturally separates,english,medium,Common English
SEIZE,,To fall or rush upon suddenly and lay hold of; to gripe,english,medium,Common English
SELDOM,,Rare; infrequent.,english,medium,Common English
SELECT,,Taken from a number by preferance; picked out as more,english,medium,Common English
SELECTOR,,One who selects.,english,medium,Common English
SELFISH,,Caring supremely or unduly for one's self; regarding one's,english,medium,Common English
SELFLESS,,Having no regard to self; unselfish.,english,medium,Common English
SEMINARY,,A piece of ground where seed is sown for producing plants,english,medium,Common English
SENATE,,A legislative chamber or council.,english,medium,Common English
SENATOR,,A member of a senate.,english,medium,Common English
SENEGAL,,Gum senegal. See under Gum.,english,medium,Common English
SENILITY,,The quality or state of being senile; old age.,english,medium,Common English
SENIOR,,More advanced than another in age; prior in age; elder;,english,medium,Common English
SENSIBLE,,Capable of being perceived by the senses; apprehensible,english,medium,Common English
SENSIBLY,,In a sensible manner; so as to be perceptible to the,english,medium,Common English
SENTRY,,A soldier placed on guard; a sentinel.,english,medium,Common English
SEPSIS,,The poisoning of the system by the introduction of,english,medium,Common English
SEQUENCE,,The state of being sequent; succession; order of,english,medium,Common English
SERENADE,,Music sung or performed in the open air at nights; --,english,medium,Common English
SERENITY,,The quality or state of being serene; clearness and,english,medium,Common English
SERIOUS,,Grave in manner or disposition; earnest; thoughtful;,english,medium,Common English
SERVER,,One who serves.,english,medium,Common English
SEVENTH,,Next in order after the sixth;; coming after six others.,english,medium,Common English
SEVENTY,,Seven times ten; one more than sixty-nine.,english,medium,Common English
SEVERAL,,Separate; distinct; particular; single.,english,medium,Common English
SEVERE,,Serious in feeeling or manner; sedate; grave; austere;,english,medium,Common English
SEWAGE,,The contents of a sewer or drain; refuse liquids or matter,english,medium,Common English
SHABBY,,Torn or worn to rage; poor; mean; ragged.,english,medium,Common English
SHADE,,Comparative obscurity owing to interception or interruption,english,medium,Common English
SHADOW,,Shade within defined limits; obscurity or deprivation of,english,medium,Common English
SHADOWY,,Full of shade or shadows; causing shade or shadow.,english,medium,Common English
SHAGGY,,Rough with long hair or wool.,english,medium,Common English
SHALE,,A shell or husk; a cod or pod.,english,medium,Common English
SHALL,,Used to express future intention or obligation.,english,medium,Common English
SHALLOW,,Not deep; having little depth; shoal.,english,medium,Common English
SHALT,,An old-fashioned form of shall used with thou.,english,medium,Common English
SHAMAN,,A priest of Shamanism; a wizard among the Shamanists.,english,medium,Common English
SHAMEFUL,,Bringing shame or disgrace; injurious to reputation;,english,medium,Common English
SHAMPOO,,To press or knead the whole surface of the body of (a,english,medium,Common English
SHAMROCK,,A trifoliate plant used as a national emblem by the,english,medium,Common English
SHANGHAI,,To intoxicate and ship (a person) as a sailor while in,english,medium,Common English
SHANKED,,Having a shank.,english,medium,Common English
SHAPELY,,Well-formed; having a regular shape; comely;,english,medium,Common English
SHARD,,A sharp broken piece of glass or pottery.,english,medium,Common English
SHAVER,,One who shaves; one whose occupation is to shave.,english,medium,Common English
SHEARS,,A cutting instrument.,english,medium,Common English
SHEBANG,,A jocosely depreciative name for a dwelling or shop.,english,medium,Common English
SHED,,A slight or temporary structure built to shade or shelter,english,medium,Common English
SHEEN,,Bright; glittering; radiant; fair; showy; sheeny.,english,medium,Common English
SHEER,,Bright; clear; pure; unmixed.,english,medium,Common English
SHIMMER,,To shine with a tremulous or intermittent light; to,english,medium,Common English
SHIN,,The front part of the leg below the knee; the front edge of,english,medium,Common English
SHINER,,That which shines.,english,medium,Common English
SHINGLES,,A kind of herpes (Herpes zoster) which spreads half way,english,medium,Common English
SHINY,,Bright; luminous; clear; unclouded.,english,medium,Common English
SHIRAZ,,A kind of Persian wine; -- so called from the place whence,english,medium,Common English
SHIRE,,A portion of Great Britain originally under the supervision,english,medium,Common English
SHIRK,,To procure by petty fraud and trickery; to obtain by mean,english,medium,Common English
SHOAL,,A great multitude assembled; a crowd; a throng; -- said,english,medium,Common English
SHOGUN,,A title originally conferred by the Mikado on the military,english,medium,Common English
SHOPPY,,Abounding with shops.,english,medium,Common English
SHORTLY,,In a short or brief time or manner; soon; quickly.,english,medium,Common English
SHOVE,,To drive along by the direct and continuous application,english,medium,Common English
SHOWER,,One who shows or exhibits.,english,medium,Common English
SHOWMAN,,One who exhibits a show; a proprietor of a show.,english,medium,Common English
SHOWROOM,,A room or apartment where a show is exhibited.,english,medium,Common English
SHOWY,,Making a show; attracting attention; presenting a marked,english,medium,Common English
SHRAPNEL,,Applied as an appellation to a kind of shell invented by,english,medium,Common English
SHREW,,Wicked; malicious.,english,medium,Common English
SHREWD,,Inclining to shrew; disposing to curse or scold;,english,medium,Common English
SHRIMP,,To contract; to shrink.,english,medium,Common English
SHUCK,,A shock of grain.,english,medium,Common English
SHUFFLE,,To shove one way and the other; to push from one to,english,medium,Common English
SHUNT,,To shun; to move from.,english,medium,Common English
SHUTTER,,One who shuts or closes.,english,medium,Common English
SHUTTLE,,An instrument used in weaving for passing or shooting the,english,medium,Common English
SICK,,Affected with disease of any kind; ill; indisposed; not,english,medium,Common English
SICKEN,,To make sick; to disease.,english,medium,Common English
SICKLE,,A reaping instrument consisting of a steel blade curved,english,medium,Common English
SICKLY,,Somewhat sick; disposed to illness; attended with,english,medium,Common English
SIDEWALK,,A walk for foot passengers at the side of a street or,english,medium,Common English
SIDEWAYS,,Toward the side; sidewise.,english,medium,Common English
SIDLE,,To go or move with one side foremost; to move sidewise;,english,medium,Common English
SIENNA,,Clay that is colored red or brown by the oxides of iron or,english,medium,Common English
SIEVE,,A utensil for separating the finer and coarser parts of a,english,medium,Common English
SIGN,,That by which anything is made known or represented; that,english,medium,Common English
SIGNAL,,A sign made for the purpose of giving notice to a person of,english,medium,Common English
SIGNIFY,,To show by a sign; to communicate by any conventional,english,medium,Common English
SIGNORE,,Sir; Mr.; -- a title of address or respect among the,english,medium,Common English
SIGNORA,,Madam; Mrs; -- a title of address or respect among the,english,medium,Common English
SILENCE,,The state of being silent; entire absence of sound or,english,medium,Common English
SILENT,,Free from sound or noise; absolutely still; perfectly,english,medium,Common English
SILICON,,A nonmetalic element analogous to carbon. It always occurs,english,medium,Common English
SILLY,,Happy; fortunate; blessed.,english,medium,Common English
SILO,,A pit or vat for packing away green fodder for winter use so,english,medium,Common English
SILT,,Mud or fine earth deposited from running or standing water.,english,medium,Common English
SIMILAR,,Exactly corresponding; resembling in all respects;,english,medium,Common English
SIMPLE,,Single; not complex; not infolded or entangled; uncombined;,english,medium,Common English
SIMPLIFY,,To make simple; to make less complex; to make clear by,english,medium,Common English
SIMPLY,,In a simple manner or state; considered in or by itself;,english,medium,Common English
SIMULATE,,Feigned; pretended.,english,medium,Common English
SINCERE,,Pure; unmixed; unadulterated.,english,medium,Common English
SINE,,A trigonometric ratio for an angle.,english,medium,Common English
SING,,To utter sounds with musical inflections or melodious,english,medium,Common English
SINGE,,To burn slightly or superficially; to burn the surface,english,medium,Common English
SINGSONG,,Bad singing or poetry.,english,medium,Common English
SINGULAR,,Separate or apart from others; single; distinct.,english,medium,Common English
SIR,,A man of social authority and dignity; a lord; a master; a,english,medium,Common English
SIS,,A colloquial abbreviation of Sister.,english,medium,Common English
SITE,,A place where something stands or is located.,english,medium,Common English
SIXPENCE,,An English silver coin of the value of six pennies; half,english,medium,Common English
SIXTEEN,,Six and ten; consisting of six and ten; fifteen and one,english,medium,Common English
SIXTH,,First after the fifth; next in order after the fifth.,english,medium,Common English
SIXTY,,Six times ten; fifty-nine and one more; threescore.,english,medium,Common English
SKATER,,One who skates.,english,medium,Common English
SKELTER,,To run off helter-skelter; to hurry; to scurry; -- with,english,medium,Common English
SKEPTIC,,One who is yet undecided as to what is true; one who is,english,medium,Common English
SKETCHY,,Containing only an outline or rough form; being in the,english,medium,Common English
SKILLED,,Having familiar knowledge united with readiness and,english,medium,Common English
SKILLFUL,,Discerning; reasonable; judicious; cunning.,english,medium,Common English
SKIM,,To remove a substance floating on liquid.,english,medium,Common English
SKIMP,,To slight; to do carelessly; to scamp.,english,medium,Common English
SKIP,,A basket. See Skep.,english,medium,Common English
SKIRMISH,,To fight slightly or in small parties; to engage in a,english,medium,Common English
SKIT,,To cast reflections on; to asperse.,english,medium,Common English
SLANT,,To be turned or inclined from a right line or level; to,english,medium,Common English
SLASH,,To cut with a sweeping stroke.,english,medium,Common English
SLASHER,,A machine for applying size to warp yarns.,english,medium,Common English
SLAVER,,A vessel engaged in the slave trade; a slave ship.,english,medium,Common English
SLAYER,,One who slays; a killer; a murderer; a destrroyer of life.,english,medium,Common English
SLEDGE,,A strong vehicle with low runners or low wheels; or one,english,medium,Common English
SLEET,,Rain mixed with snow.,english,medium,Common English
SLEIGHT,,Cunning; craft; artful practice.,english,medium,Common English
SLEUTH,,The track of man or beast as followed by the scent.,english,medium,Common English
SLICKER,,That which makes smooth or sleek.,english,medium,Common English
SLIDING,,That slides or slips; gliding; moving smoothly.,english,medium,Common English
SLIM,,Thin or slender.,english,medium,Common English
SLINK,,To creep away meanly; to steal away; to sneak.,english,medium,Common English
SLIPKNOT,,Knot which slips along the rope or line around which it,english,medium,Common English
SLITHER,,To slide; to glide.,english,medium,Common English
SLOPE,,A surface that rises or falls at an angle.,english,medium,Common English
SLOTH,,Slowness; tardiness.,english,medium,Common English
SLOUCH,,A hanging down of the head; a drooping attitude; a limp,english,medium,Common English
SLUDGE,,Mud; mire; soft mud; slush.,english,medium,Common English
SLUMMING,,Visiting slums.,english,medium,Common English
SLUR,,To soil; to sully; to contaminate; to disgrace.,english,medium,Common English
SMARTEN,,To make smart or spruce; -- usually with up.,english,medium,Common English
SMIRK,,To smile in an affected or conceited manner; to smile,english,medium,Common English
SMOCK,,A woman's under-garment; a shift; a chemise.,english,medium,Common English
SMOKER,,One who dries or preserves by smoke.,english,medium,Common English
SMOTHER,,To destroy the life of by suffocation; to deprive of,english,medium,Common English
SMUDGE,,A suffocating smoke.,english,medium,Common English
SMUGGLER,,One who smuggles.,english,medium,Common English
SNAG,,An unexpected problem or difficulty.,english,medium,Common English
SNARL,,To form raised work upon the outer surface of (thin metal,english,medium,Common English
SNEAK,,To move quietly without being seen.,english,medium,Common English
SNEAKER,,One who sneaks.,english,medium,Common English
SNEAKY,,Like a sneak; sneaking.,english,medium,Common English
SNICKER,,To laugh slyly; to laugh in one's sleeve.,english,medium,Common English
SNIFF,,To draw air audibly up the nose; to snuff; -- sometimes,english,medium,Common English
SNIVELY,,Running at the nose; sniveling pitiful; whining.,english,medium,Common English
SNOOK,,To lurk; to lie in ambush.,english,medium,Common English
SNOOZE,,A short sleep; a nap.,english,medium,Common English
SNOWY,,White like snow.,english,medium,Common English
SNUB,,To sob with convulsions.,english,medium,Common English
SNUGGLE,,To move one way and the other so as to get a close,english,medium,Common English
SOAK,,To cause or suffer to lie in a fluid till the substance,english,medium,Common English
SOBER,,Temperate in the use of spirituous liquors; habitually,english,medium,Common English
SOBRIETY,,Habitual soberness or temperance as to the use of,english,medium,Common English
SOC,,The lord's power or privilege of holding a court in a,english,medium,Common English
SOCIABLE,,A gathering of people for social purposes; an informal,english,medium,Common English
SOCKET,,An opening into which anything is fitted; any hollow thing,english,medium,Common English
SOFTEN,,To make soft or more soft.,english,medium,Common English
SOGGY,,Filled with water; soft with moisture; sodden; soaked;,english,medium,Common English
SOLAR,,A loft or upper chamber; a garret room.,english,medium,Common English
SOLDER,,A metal or metallic alloy used when melted for uniting,english,medium,Common English
SOLDIER,,One who is engaged in military service as an officer or a,english,medium,Common English
SOLEMNLY,,In a solemn manner; with gravity; seriously; formally.,english,medium,Common English
SOLICIT,,To ask from with earnestness; to make petition to; to,english,medium,Common English
SOLIDIFY,,To make solid or compact.,english,medium,Common English
SOLIDLY,,In a solid manner; densely; compactly; firmly; truly.,english,medium,Common English
SOLITARY,,Living or being by one's self; having no companion,english,medium,Common English
SOLOIST,,One who sings or plays a solo.,english,medium,Common English
SOLSTICE,,A stopping or standing still of the sun.,english,medium,Common English
SOLUBLE,,Susceptible of being dissolved in a fluid; capable of,english,medium,Common English
SOLVE,,To explain; to resolve; to unfold; to clear up (what is,english,medium,Common English
SOME,,An unspecified number or amount.,english,medium,Common English
SOMEBODY,,A person unknown or uncertain; a person indeterminate;,english,medium,Common English
SOMEHOW,,In one way or another; in some way not yet known or,english,medium,Common English
SOMERSET,,A leap in which a person turns his heels over his head,english,medium,Common English
SOMETIME,,At a past time indefinitely referred to; once;,english,medium,Common English
SOON,,Before long; in a short time.,english,medium,Common English
SOOTHE,,To assent to as true.,english,medium,Common English
SOPPY,,Very wet or soaked.,english,medium,Common English
SOPRANO,,The treble; the highest vocal register; the highest kind,english,medium,Common English
SORBET,,A kind of beverage; sherbet.,english,medium,Common English
SORCERER,,A conjurer; an enchanter; a magician.,english,medium,Common English
SORDID,,Filthy; foul; dirty.,english,medium,Common English
SORROW,,The uneasiness or pain of mind which is produced by the,english,medium,Common English
SORRY,,Grieved for the loss of some good; pained for some evil;,english,medium,Common English
SORT,,Chance; lot; destiny.,english,medium,Common English
SOUVENIR,,That which serves as a reminder; a remembrancer; a,english,medium,Common English
SOW,,To sew. See Sew.,english,medium,Common English
SPA,,A spring or mineral water; -- so called from a place of this,english,medium,Common English
SPACIOUS,,Extending far and wide; vast in extent.,english,medium,Common English
SPADE,,A hart or stag three years old.,english,medium,Common English
SPANIEL,,One of a breed of small dogs having long and thick hair,english,medium,Common English
SPARKLE,,A little spark; a scintillation.,english,medium,Common English
SPARSE,,Thinly scattered; set or planted here and there; not,english,medium,Common English
SPECTRE,,Something preternaturally visible; an apparition; a ghost;,english,medium,Common English
SPEED,,Prosperity in an undertaking; favorable issue; success.,english,medium,Common English
SPEEDY,,Not dilatory or slow; quick; swift; nimble; hasty;,english,medium,Common English
SPENCE,,A place where provisions are kept; a buttery; a larder; a,english,medium,Common English
SPEW,,To eject from the stomach; to vomit.,english,medium,Common English
SPICER,,One who seasons with spice.,english,medium,Common English
SPIKY,,Like a spike; spikelike.,english,medium,Common English
SPILL,,A bit of wood split off; a splinter.,english,medium,Common English
SPIRAL,,Winding or circling round a center or pole and gradually,english,medium,Common English
SPITTER,,One who ejects saliva from the mouth.,english,medium,Common English
SPLATTER,,To spatter; to splash.,english,medium,Common English
SPLENDID,,Possessing or displaying splendor; shining; very bright;,english,medium,Common English
SPLINT,,A piece split off; a splinter.,english,medium,Common English
SPOIL,,To plunder; to strip by violence; to pillage; to rob; --,english,medium,Common English
SPOILER,,One who spoils; a plunderer; a pillager; a robber; a,english,medium,Common English
TENDENCY,,A spontaneous gift or proportion.,english,medium,Common English
SPOOK,,A spirit; a ghost; an apparition; a hobgoblin.,english,medium,Common English
SPOTTY,,Full of spots; marked with spots.,english,medium,Common English
SPOUSE,,A man or woman engaged or joined in wedlock; a married,english,medium,Common English
SPRAWL,,To spread and stretch the body or limbs carelessly in a,english,medium,Common English
SPRINT,,To run very rapidly; to run at full speed.,english,medium,Common English
SPRY,,Having great power of leaping or running; nimble;,english,medium,Common English
SQUAB,,Fat; thick; plump; bulky.,english,medium,Common English
SQUABBLE,,To contend for superiority in an unseemly maner; to,english,medium,Common English
SQUALID,,Dirty through neglect; foul; filthy; extremely dirty.,english,medium,Common English
SQUALL,,"A sudden strong wind, often with rain.",english,medium,Common English
SQUALOR,,Squalidness; foulness; filthness; squalidity.,english,medium,Common English
SQUANDER,,To scatter; to disperse.,english,medium,Common English
SQUASH,,An American animal allied to the weasel.,english,medium,Common English
SQUAW,,A female; a woman; -- in the language of Indian tribes of,english,medium,Common English
SQUEEZE,,To press between two bodies; to press together closely;,english,medium,Common English
SQUELCH,,To quell; to crush; to silence or put down.,english,medium,Common English
SQUIRE,,A square; a measure; a rule.,english,medium,Common English
SQUIRM,,To twist about briskly with contor/ions like an eel or a,english,medium,Common English
SQUIRT,,To drive or eject in a stream out of a narrow pipe or,english,medium,Common English
STABLER,,A stable keeper.,english,medium,Common English
STAFF,,The people employed by an organization.,english,medium,Common English
STAGNANT,,That stagnates; not flowing; not running in a current or,english,medium,Common English
STAIR,,One step in a flight of steps.,english,medium,Common English
STAIRWAY,,A flight of stairs or steps; a staircase.,english,medium,Common English
STALKER,,One who stalks.,english,medium,Common English
STALLION,,A male horse not castrated; a male horse kept for,english,medium,Common English
STAMMER,,To make involuntary stops in uttering syllables or,english,medium,Common English
STAMPER,,One who stamps.,english,medium,Common English
STANK,,Weak; worn out.,english,medium,Common English
STAPLE,,A settled mart; an emporium; a city or town to which,english,medium,Common English
STAPLER,,A dealer in staple goods.,english,medium,Common English
STARLING,,Any passerine bird belonging to Sturnus and allied,english,medium,Common English
STARRY,,Abounding with stars; adorned with stars.,english,medium,Common English
START,,To begin something.,english,medium,Common English
STARVE,,To die; to perish.,english,medium,Common English
STATELY,,Evincing state or dignity; lofty; majestic; grand;,english,medium,Common English
STATUS,,State; condition; position of affairs.,english,medium,Common English
STEALER,,One who steals; a thief.,english,medium,Common English
STEALTHY,,Done by stealth; accomplished clandestinely;,english,medium,Common English
STEELY,,Made of steel; consisting of steel.,english,medium,Common English
STEEP,,Bright; glittering; fiery.,english,medium,Common English
STELL,,To place or fix firmly or permanently.,english,medium,Common English
STEP,,To move the foot in walking; to advance or recede by raising,english,medium,Common English
STEVEN,,Voice; speech; language.,english,medium,Common English
STIAN,,A sty on the eye. See Styan.,english,medium,Common English
STICKLER,,One who stickles.,english,medium,Common English
STIGMA,,A mark made with a burning iron; a brand.,english,medium,Common English
STINGY,,Stinging; able to sting.,english,medium,Common English
STIR,,To change the place of in any manner; to move.,english,medium,Common English
STITCH,,A single pass of a needle in sewing; the loop or turn of,english,medium,Common English
STOCKADE,,A line of stout posts or timbers set firmly in the,english,medium,Common English
STOCKY,,Short and thick; thick rather than tall or corpulent.,english,medium,Common English
STOIC,,A disciple of the philosopher Zeno; one of a Greek sect,english,medium,Common English
STOKE,,To stick; to thrust; to stab.,english,medium,Common English
STOKER,,One who is employed to tend a furnace and supply it with,english,medium,Common English
STOMP,,To stamp with the foot.,english,medium,Common English
STOOL,,A seat without a back.,english,medium,Common English
STORAGE,,The act of depositing in a store or warehouse for safe,english,medium,Common English
STOUT,,Strong; lusty; vigorous; robust; sinewy; muscular;,english,medium,Common English
STOW,,To pack or store away.,english,medium,Common English
STOWAWAY,,One who conceals himself board of a vessel about to leave,english,medium,Common English
STRADDLE,,To part the legs wide; to stand or to walk with the,english,medium,Common English
STRAIN,,Race; stock; generation; descent; family.,english,medium,Common English
STRAIT,,A variant of Straight.,english,medium,Common English
STRANGE,,Belonging to another country; foreign.,english,medium,Common English
STRIP,,To deprive; to bereave; to make destitute; to plunder;,english,medium,Common English
STRIVE,,To make efforts; to use exertions; to endeavor with,english,medium,Common English
STROLL,,To wander on foot; to ramble idly or leisurely; to rove.,english,medium,Common English
STROLLER,,One who strolls; a vagrant.,english,medium,Common English
STRONGLY,,In a strong manner; so as to be strong in action or in,english,medium,Common English
STROUD,,A kind of coarse blanket or garment used by the North,english,medium,Common English
STRUT,,"To walk with a proud, stiff gait.",english,medium,Common English
STUB,,The short piece left after the rest is removed.,english,medium,Common English
STUBBORN,,Firm as a stub or stump; stiff; unbending; unyielding;,english,medium,Common English
STUBBY,,Abounding with stubs.,english,medium,Common English
STUDENT,,A person engaged in study; one who is devoted to learning;,english,medium,Common English
STUDIED,,Closely examined; read with diligence and attention; made,english,medium,Common English
STUDIOUS,,Given to study; devoted to the acquisition of knowledge,english,medium,Common English
STUFFY,,Stout; mettlesome; resolute.,english,medium,Common English
STUMBLE,,To trip in walking or in moving in any way with the,english,medium,Common English
STUMPY,,Full of stumps; hard; strong.,english,medium,Common English
STUN,,To make senseless or dizzy by violence; to render,english,medium,Common English
STUNT,,To hinder from growing to the natural size; to prevent,english,medium,Common English
STUPID,,Very dull; insensible; senseless; wanting in understanding;,english,medium,Common English
STUPOR,,Great diminution or suspension of sensibility; suppression,english,medium,Common English
STURDY,,Foolishly obstinate or resolute; stubborn;,english,medium,Common English
STUTTER,,To hesitate or stumble in uttering words; to speak,english,medium,Common English
STY,,A pen or inclosure for swine.,english,medium,Common English
SUAVE,,Sweet; pleasant; delightful; gracious or agreeable in,english,medium,Common English
SUB,,A subordinate; a subaltern.,english,medium,Common English
SUBDUE,,To bring under; to conquer by force or the exertion of,english,medium,Common English
SUBMERGE,,To put under water; to plunge.,english,medium,Common English
SUBMIT,,To let down; to lower.,english,medium,Common English
SUBTLE,,Sly in design; artful; cunning; insinuating; subtile;,english,medium,Common English
SUBTLY,,In a subtle manner; slyly; artfully; cunningly.,english,medium,Common English
SUBURB,,An outlying part of a city or town; a smaller place,english,medium,Common English
SUBVERT,,To overturn from the foundation; to overthrow; to ruin,english,medium,Common English
SUCH,,Of that kind; of the like kind; like; resembling; similar;,english,medium,Common English
SUE,,To follow up; to chase; to seek after; to endeavor to win;,english,medium,Common English
SUFFERER,,One who suffers; one who endures or undergoes suffering;,english,medium,Common English
SUFI,,A title or surname of the king of Persia.,english,medium,Common English
SUGARY,,Resembling or containing sugar; tasting of sugar; sweet.,english,medium,Common English
SUGGEST,,To introduce indirectly to the thoughts; to cause to be,english,medium,Common English
SUICIDE,,The act of taking one's own life voluntary and,english,medium,Common English
SUITABLE,,Capable of suiting; fitting; accordant; proper; becoming;,english,medium,Common English
SULKY,,Moodly silent; sullen; sour; obstinate; morose; splenetic.,english,medium,Common English
SULLEN,,Lonely; solitary; desolate.,english,medium,Common English
SUMMARY,,Formed into a sum; summed up; reduced into a narrow,english,medium,Common English
SUMMER,,One who sums; one who casts up an account.,english,medium,Common English
SUNBEAM,,A beam or ray of the sun.,english,medium,Common English
SUNBURN,,To burn or discolor by the sun; to tan.,english,medium,Common English
SUNBURST,,A burst of sunlight.,english,medium,Common English
SUNDIAL,,An instrument to show the time of day by means of the,english,medium,Common English
SUNDRY,,Several; divers; more than one or two; various.,english,medium,Common English
SUPPER,,A meal taken at the close of the day; the evening meal.,english,medium,Common English
SUPPLIER,,One who supplies.,english,medium,Common English
SUPPRESS,,To overpower and crush; to subdue; to put down; to,english,medium,Common English
SUPREME,,Highest in authority; holding the highest place in,english,medium,Common English
SURE,,Certainly knowing and believing; confident beyond doubt;,english,medium,Common English
SURELY,,In a sure or certain manner; certainly; infallibly;,english,medium,Common English
SURETY,,The state of being sure; certainty; security.,english,medium,Common English
SURGE,,A spring; a fountain.,english,medium,Common English
SURGEON,,One whose profession or occupation is to cure diseases or,english,medium,Common English
SURGERY,,The art of healing by manual operation; that branch of,english,medium,Common English
SURLY,,Arrogant; haughty.,english,medium,Common English
SURPASS,,To go beyond in anything good or bad; to exceed; to,english,medium,Common English
SURROUND,,To inclose on all sides; to encompass; to environ.,english,medium,Common English
SURVEYOR,,One placed to superintend others; an overseer; an,english,medium,Common English
SURVIVE,,To live beyond the life or existence of; to live longer,english,medium,Common English
SUSPECT,,Suspicious; inspiring distrust.,english,medium,Common English
SUSPENSE,,Held or lifted up; held or prevented from proceeding.,english,medium,Common English
SUSTAIN,,To keep from falling; to bear; to uphold; to support;,english,medium,Common English
SUTRA,,A precept; an aphorism; a brief rule.,english,medium,Common English
SWANKY,,An active and clever young fellow.,english,medium,Common English
SWAP,,To strike; -- with off.,english,medium,Common English
SWEATER,,One who sweats.,english,medium,Common English
SWEEP,,To pass a broom across (a surface) so as to remove loose,english,medium,Common English
NUTS,,Etc.; -- usually in the plural; a confect; a,english,medium,Common English
SWERVE,,To stray; to wander; to rope.,english,medium,Common English
SWIFT,,Moving a great distance in a short time; moving with,english,medium,Common English
SWIFTLY,,In a swift manner; with quick motion or velocity;,english,medium,Common English
SWILL,,To wash; to drench.,english,medium,Common English
SWIM,,To be supported by water or other fluid; not to sink; to,english,medium,Common English
SWINGER,,One who swings or whirls.,english,medium,Common English
SWIPE,,A swape or sweep. See Sweep.,english,medium,Common English
SWOOP,,To fall on at once and seize; to catch while on the wing;,english,medium,Common English
SYCAMORE,,A large tree (Ficus Sycomorus) allied to the common fig.,english,medium,Common English
SYMMETRY,,A due proportion of the several parts of a body to each,english,medium,Common English
SYMPATHY,,Feeling corresponding to that which another feels; the,english,medium,Common English
SYMPTOM,,Any affection which accompanies disease; a perceptible,english,medium,Common English
SYNOD,,An ecclesiastic council or meeting to consult on church,english,medium,Common English
SYNONYM,,One of two or more words (commonly words of the same,english,medium,Common English
SYRACUSE,,A red wine of Italy.,english,medium,Common English
TAB,,A small flap or label attached to something.,english,medium,Common English
TABLEAU,,A striking and vivid representation; a picture.,english,medium,Common English
TABLET,,A small table or flat surface.,english,medium,Common English
TAC,,An old term for a tenant's customary payment.,english,medium,Common English
TACK,,A small pointed nail.,english,medium,Common English
TACTICS,,The science and art of disposing military and naval forces,english,medium,Common English
TACTLESS,,Destitute of tact.,english,medium,Common English
TAFFY,,A kind of candy made of molasses or brown sugar boiled down,english,medium,Common English
TAILED,,Having a tail; having (such) a tail or (so many) tails; --,english,medium,Common English
TAILING,,The part of a projecting stone or brick inserted in a,english,medium,Common English
TAILOR,,One whose occupation is to cut out and make men's garments;,english,medium,Common English
TAKER,,One who takes or receives; one who catches or apprehends.,english,medium,Common English
TALENTED,,Furnished with talents; possessing skill or talent;,english,medium,Common English
TALISMAN,,A magical figure cut or engraved under certain,english,medium,Common English
TALMUD,,The body of the Jewish civil and canonical law not,english,medium,Common English
TAMARIND,,A leguminous tree (Tamarindus Indica) cultivated both the,english,medium,Common English
TAMER,,One who tames or subdues.,english,medium,Common English
TANDEM,,One after another; -- said especially of horses,english,medium,Common English
TANG,,A coarse blackish seaweed (Fuscus nodosus).,english,medium,Common English
TANGIBLE,,Perceptible to the touch; tactile; palpable.,english,medium,Common English
TANGLE,,To unite or knit together confusedly; to interweave or,english,medium,Common English
TAPE,,A narrow fillet or band of cotton or linen; a narrow woven,english,medium,Common English
TARDY,,Moving with a slow pace or motion; slow; not swift.,english,medium,Common English
TARN,,A mountain lake or pool.,english,medium,Common English
TAROT,,A game of cards; -- called also taroc.,english,medium,Common English
TARSUS,,The ankle; the bones or cartilages of the part of the foot,english,medium,Common English
TASSEL,,A male hawk. See Tercel.,english,medium,Common English
TASTEFUL,,Having a high relish; savory.,english,medium,Common English
TATTLE,,To prate; to talk idly; to use many words with little,english,medium,Common English
TAVERN,,A public house where travelers and other transient guests,english,medium,Common English
TAWDRY,,Bought at the festival of St. Audrey.,english,medium,Common English
TAXABLE,,Capable of being taxed; liable by law to the assessment of,english,medium,Common English
TAXONOMY,,That division of the natural sciences which treats of the,english,medium,Common English
TAXPAYER,,One who is assessed and pays a tax.,english,medium,Common English
TEACH,,To impart the knowledge of; to give intelligence,english,medium,Common English
TEACHER,,One who teaches or instructs; one whose business or,english,medium,Common English
TEACUP,,A small cup from which to drink tea.,english,medium,Common English
TEAGUE,,An Irishman; -- a term used in contempt.,english,medium,Common English
TEAK,,A tree of East Indies (Tectona grandis) which furnishes an,english,medium,Common English
TEARY,,Wet with tears; tearful.,english,medium,Common English
TEASER,,One who teases or vexes.,english,medium,Common English
TEAT,,The protuberance through which milk is drawn from the udder,english,medium,Common English
TECHNICS,,The doctrine of arts in general; such branches of,english,medium,Common English
THEE,,An old-fashioned word for you.,english,medium,Common English
TEE,,The mark aimed at in curling and in quoits.,english,medium,Common English
TEEN,,Grief; sorrow; affiction; pain.,english,medium,Common English
TEENAGE,,The longer wood for making or mending fences.,english,medium,Common English
TEENY,,Very small; tiny.,english,medium,Common English
TEK,,To take; a Nigerian Pidgin spelling.,pidgin,medium,APiCS Nigerian Pidgin data
TELEGRAM,,A message sent by telegraph; a telegraphic dispatch.,english,medium,Common English
TELLTALE,,Telling tales; babbling.,english,medium,Common English
TELUGU,,A Darvidian language spoken in the northern parts of the,english,medium,Common English
TEMPLAR,,One of a religious and military order first established at,english,medium,Common English
TEMPT,,To put to trial; to prove; to test; to try.,english,medium,Common English
TEN,,One more than nine; twice five.,english,medium,Common English
TEND,,To make a tender of; to offer or tender.,english,medium,Common English
TENDER,,One who tends; one who takes care of any person or thing; a,english,medium,Common English
TENDERLY,,In a tender manner; with tenderness; mildly; gently;,english,medium,Common English
TENEMENT,,That which is held of another by service; property which,english,medium,Common English
TENFOLD,,In tens; consisting of ten in one; ten times,english,medium,Common English
TENOR,,A high male singing voice.,english,medium,Common English
TENTH,,Next in order after the ninth; coming after nine others.,english,medium,Common English
TENUOUS,,Thin; slender; small; minute.,english,medium,Common English
TEQUILA,,An intoxicating liquor made from the maguey in the,english,medium,Common English
TERRIER,,An auger or borer.,english,medium,Common English
TERRIFIC,,Causing terror; adapted to excite great fear or dread;,english,medium,Common English
TERRIFY,,To make terrible.,english,medium,Common English
TERROR,,Extreme fear; fear that agitates body and mind; violent,english,medium,Common English
TESTER,,A headpiece; a helmet.,english,medium,Common English
TESTY,,Fretful; peevish; petulant; easily irritated.,english,medium,Common English
THALLIUM,,A rare metallic element of the aluminium group found in,english,medium,Common English
THANE,,A dignitary under the Anglo-Saxons and Danes in England. Of,english,medium,Common English
THANK,,A expression of gratitude; an acknowledgment expressive of a,english,medium,Common English
THANKFUL,,Obtaining or deserving thanks; thankworthy.,english,medium,Common English
THEATRE,,An edifice in which dramatic performances or spectacles,english,medium,Common English
THEIR,,The possessive case of the personal pronoun they;,english,medium,Common English
THEOREM,,That which is considered and established as a principle;,english,medium,Common English
THEORIST,,One who forms theories; one given to theory and,english,medium,Common English
THEREBY,,By that; by that means; in consequence of that.,english,medium,Common English
THEREON,,On that or this.,english,medium,Common English
THESIS,,A position or proposition which a person advances and,english,medium,Common English
THETA,,A letter of the Greek alphabet corresponding to th in,english,medium,Common English
THIEF,,One who steals; one who commits theft or larceny. See Theft.,english,medium,Common English
THIEVERY,,The practice of stealing; theft; thievishness.,english,medium,Common English
THINK,,To seem or appear; -- used chiefly in the expressions,english,medium,Common English
THIRD,,Next after the second; coming after two others; -- the,english,medium,Common English
THIRSTY,,Feeling thirst; having a painful or distressing sensation,english,medium,Common English
THIRTY,,Being three times ten; consisting of one more than,english,medium,Common English
THITHER,,To that place; -- opposed to hither.,english,medium,Common English
THORN,,A hard and sharp-pointed projection from a woody stem;,english,medium,Common English
THORNY,,Full of thorns or spines; rough with thorns; spiny;,english,medium,Common English
THORPE,,A group of houses in the country; a small village; a,english,medium,Common English
THRALL,,A slave; a bondman.,english,medium,Common English
BEATS,,Regular pulses or strikes; plural of beat.,english,medium,Common English
THREATEN,,To utter threats against; to menace; to inspire with,english,medium,Common English
THRIFT,,A thriving state; good husbandry; economical management in,english,medium,Common English
THRILL,,A warbling; a trill.,english,medium,Common English
THROWER,,One who throws. Specifically: (a) One who throws or twists,english,medium,Common English
THRUSTER,,One who thrusts or stabs.,english,medium,Common English
THUG,,One of an association of robbers and murderers in India who,english,medium,Common English
THULE,,The name given by ancient geographers to the northernmost,english,medium,Common English
THWART,,Situated or placed across something else; transverse;,english,medium,Common English
THYSELF,,An emphasized form of the personal pronoun of the,english,medium,Common English
TIARA,,A form of headdress worn by the ancient Persians. According,english,medium,Common English
TIC,,A local and habitual convulsive motion of certain muscles;,english,medium,Common English
TIDBIT,,A delicate or tender piece of anything eatable; a delicious,english,medium,Common English
TIE,,A knot; a fastening.,english,medium,Common English
TIG,,A game among children. See Tag.,english,medium,Common English
TIGER,,A very large and powerful carnivore (Felis tigris) native of,english,medium,Common English
TIGHTEN,,To draw tighter; to straiten; to make more close in any,english,medium,Common English
TIGHTER,,A ribbon or string used to draw clothes closer.,english,medium,Common English
TILLMAN,,A man who tills the earth; a husbandman.,english,medium,Common English
TIMELESS,,Done at an improper time; unseasonable; untimely.,english,medium,Common English
TIMELY,,Being or occurring in good time; sufficiently early;,english,medium,Common English
TIMID,,Wanting courage to meet danger; easily frightened; timorous;,english,medium,Common English
TINE,,Trouble; distress; teen.,english,medium,Common English
TINGE,,To imbue or impregnate with something different or,english,medium,Common English
TINSEL,,A shining material used for ornamental purposes;,english,medium,Common English
TINY,,Very small; little; puny.,english,medium,Common English
TIPPER,,A kind of ale brewed with brackish water obtained from a,english,medium,Common English
TIPSY,,Being under the influence of strong drink; rendered,english,medium,Common English
TIRESOME,,Fitted or tending to tire; exhausted; wearisome;,english,medium,Common English
TITANIUM,,An elementary substance found combined in the minerals,english,medium,Common English
TOADY,,A mean flatterer; a toadeater; a sycophant.,english,medium,Common English
TOASTER,,One who toasts.,english,medium,Common English
TODDY,,A juice drawn from various kinds of palms in the East,english,medium,Common English
TOGGLE,,A wooden pin tapering toward both ends with a groove around,english,medium,Common English
TOL,,To take away. See Toll.,english,medium,Common English
TOLERANT,,Inclined to tolerate; favoring toleration; forbearing;,english,medium,Common English
TOMAHAWK,,A kind of war hatchet used by the American Indians. It,english,medium,Common English
TOMATO,,The fruit of a plant of the Nightshade family (Lycopersicum,english,medium,Common English
TOMB,,A burial chamber or grave.,english,medium,Common English
TOMBOY,,A romping girl; a hoiden.,english,medium,Common English
TOMORROW,,On the day after the present day; on the next day; on,english,medium,Common English
TONIGHT,,On this present or coming night.,english,medium,Common English
TOPH,,Kind of sandstone.,english,medium,Common English
TOPIC,,One of the various general forms of argument employed in,english,medium,Common English
TOPPLE,,To fall forward; to pitch or tumble down.,english,medium,Common English
TOR,,A tower; a turret.,english,medium,Common English
TORTURE,,Extreme pain; anguish of body or mind; pang; agony;,english,medium,Common English
TORTURER,,One who tortures; a tormentor.,english,medium,Common English
TOT,,A small child or a small amount.,english,medium,Common English
TOUCHY,,Peevish; irritable; irascible; techy; apt to take fire.,english,medium,Common English
TOY,,A plaything for children; a bawble.,english,medium,Common English
TRADER,,One engaged in trade or commerce; one who makes a business,english,medium,Common English
TRAIL,,To hunt by the track; to track.,english,medium,Common English
TRAITOR,,One who violates his allegiance and betrays his country;,english,medium,Common English
TRAMP,,To tread upon forcibly and repeatedly; to trample.,english,medium,Common English
TRAMPLE,,To tread under foot; to tread down; to prostrate by,english,medium,Common English
TRANCE,,A tedious journey.,english,medium,Common English
TRANSFER,,To convey from one place or person another; to,english,medium,Common English
TRANSIT,,The act of passing; passage through or over.,english,medium,Common English
TRAPDOOR,,A lifting or sliding door covering an opening in a roof,english,medium,Common English
TRAPPER,,One who traps animals; one who makes a business of,english,medium,Common English
TRASH,,That which is worthless or useless; rubbish; refuse.,english,medium,Common English
TRASHY,,Like trash; containing much trash; waste; rejected;,english,medium,Common English
TRAVEL,,To labor; to travail.,english,medium,Common English
TRAVERS,,Across; athwart.,english,medium,Common English
TRAVERSE,,Lying across; being in a direction across something else;,english,medium,Common English
TRAVESTY,,Disguised by dress so as to be ridiculous; travestied; --,english,medium,Common English
TRAY,,To betray; to deceive.,english,medium,Common English
TREASON,,The offense of attempting to overthrow the government of,english,medium,Common English
TREASURY,,A place or building in which stores of wealth are,english,medium,Common English
TREAT,,To handle; to manage; to use; to bear one's self toward;,english,medium,Common English
TREBLE,,Threefold; triple.,english,medium,Common English
TREMOR,,A trembling; a shivering or shaking; a quivering or,english,medium,Common English
TRENCH,,To cut; to form or shape by cutting; to make by,english,medium,Common English
TREND,,To have a particular direction; to run; to stretch; to,english,medium,Common English
TRIAD,,A union of three; three objects treated as one; a ternary; a,english,medium,Common English
TRICK,,An artifice or stratagem; a cunning contrivance; a sly,english,medium,Common English
TRICKERY,,The art of dressing up; artifice; stratagem; fraud;,english,medium,Common English
TRICKY,,Given to tricks; practicing deception; trickish; knavish.,english,medium,Common English
TRICYCLE,,A three-wheeled velocipede. See Illust. under Velocipede.,english,medium,Common English
TRIER,,One who tries; one who makes experiments; one who examines,english,medium,Common English
TRIG,,To fill; to stuff; to cram.,english,medium,Common English
TRIGGER,,A catch to hold the wheel of a carriage on a declivity.,english,medium,Common English
TRIM,,To make trim; to put in due order for any purpose; to make,english,medium,Common English
TRINKET,,A three-cornered sail formerly carried on a ship's,english,medium,Common English
TRIPLE,,Consisting of three united; multiplied by three; threefold;,english,medium,Common English
TRITE,,Worn out; common; used until so common as to have lost,english,medium,Common English
TROPHY,,A sign or memorial of a victory raised on the field of,english,medium,Common English
TROT,,To move faster than a walk but slower than a gallop.,english,medium,Common English
TROTH,,Belief; faith; fidelity.,english,medium,Common English
TROUBLE,,To put into confused motion; to disturb; to agitate.,english,medium,Common English
TRUCE,,A suspension of arms by agreement of the commanders of,english,medium,Common English
TRUCKER,,One who trucks; a trafficker.,english,medium,Common English
TRULY,,In a true manner; according to truth; in agreement with,english,medium,Common English
TRUSTEE,,Who is called the cestui que,english,medium,Common English
TRUSTY,,Admitting of being safely trusted; justly deserving,english,medium,Common English
TRUTHFUL,,Full of truth; veracious; reliable.,english,medium,Common English
TUBA,,A large low-pitched brass instrument.,english,medium,Common English
TUBBY,,Resembling a tub; specifically sounding dull and without,english,medium,Common English
TUBMAN,,One of the two most experienced barristers in the Court of,english,medium,Common English
TUG,,To pull hard.,english,medium,Common English
TUITION,,Superintending care over a young person; the particular,english,medium,Common English
TUNGSTEN,,A rare element of the chromium group found in certain,english,medium,Common English
TUNIC,,An under-garment worn by the ancient Romans of both sexes.,english,medium,Common English
TURBAN,,A headdress worn by men in the Levant and by most,english,medium,Common English
TURBOT,,A large European flounder (Rhombus maximus) highly esteemed,english,medium,Common English
TURF,,That upper stratum of earth and vegetable mold which is,english,medium,Common English
TURKEY,,An empire in the southeast of Europe and southwest of Asia.,english,medium,Common English
TURMOIL,,Harassing labor; trouble; molestation by tumult;,english,medium,Common English
TURNCOAT,,One who forsakes his party or his principles; a renegade;,english,medium,Common English
TURNPIKE,,A frame consisting of two bars crossing each other at,english,medium,Common English
TUT,,An exclamation used to hush or rebuke someone.,english,medium,Common English
TUTELAGE,,The act of guarding or protecting; guardianship;,english,medium,Common English
TWANG,,A tang. See Tang a state.,english,medium,Common English
TWEAK,,To pinch and pull with a sudden jerk and twist; to,english,medium,Common English
TWEEDLE,,To handle lightly; -- said with reference to awkward,english,medium,Common English
TWELFTH,,Next in order after the eleventh; coming after eleven,english,medium,Common English
TWIG,,To twitch; to pull; to tweak.,english,medium,Common English
TWINGE,,To pull with a twitch; to pinch; to tweak.,english,medium,Common English
TWINKLE,,To open and shut the eye rapidly; to blink; to wink.,english,medium,Common English
TWIRL,,To move or turn round rapidly; to whirl round; to move,english,medium,Common English
TWIST,,To contort; to writhe; to complicate; to crook spirally;,english,medium,Common English
TYPHUS,,A contagious continued fever lasting from two to three,english,medium,Common English
TYRANNY,,The government or authority of a tyrant; a country,english,medium,Common English
TYRANT,,An absolute ruler; a sovereign unrestrained by law or,english,medium,Common English
UDDER,,The glandular organ in which milk is secreted and stored; --,english,medium,Common English
UGLY,,Offensive to the sight; contrary to beauty; being of,english,medium,Common English
ULTIMA,,Most remote; furthest; final; last.,english,medium,Common English
ULTIMATE,,Farthest; most remote in space or time; extreme; last;,english,medium,Common English
UMPIRE,,A person to whose sole decision a controversy or question,english,medium,Common English
UNARMED,,Not armed or armored; having no arms or weapons.,english,medium,Common English
UNAWARE,,Not aware; not noticing; giving no heed; thoughtless;,english,medium,Common English
UNAWARES,,Without design or preparation; suddenly; without,english,medium,Common English
UNBIASED,,Free from bias or prejudice; unprejudiced; impartial.,english,medium,Common English
UNBORN,,Not born; no yet brought into life; being still to appear;,english,medium,Common English
UNBURDEN,,To relieve from a burden.,english,medium,Common English
UNBUTTON,,To loose the buttons of; to unfasten.,english,medium,Common English
UNCANNY,,Not canny; unsafe; strange; weird; ghostly.,english,medium,Common English
UNCHAIN,,To free from chains or slavery; to let loose.,english,medium,Common English
UNCLE,,The brother of one's father or mother; also applied to an,english,medium,Common English
UNCLEAN,,Not clean; foul; dirty; filthy.,english,medium,Common English
UNCUT,,Not cut; not separated or divided by cutting or otherwise;,english,medium,Common English
UNDERCUT,,The lower or under side of a sirloin of beef; the fillet.,english,medium,Common English
UNDERGO,,To go or move below or under.,english,medium,Common English
UNDERTOW,,The current that sets seaward near the bottom when waves,english,medium,Common English
UNDRESS,,To divest of clothes; to strip.,english,medium,Common English
UNEASE,,Want of ease; uneasiness.,english,medium,Common English
UNEASY,,Not easy; difficult.,english,medium,Common English
UNFAIR,,To deprive of fairness or beauty.,english,medium,Common English
UNFIT,,To make unsuitable or incompetent; to deprive of the,english,medium,Common English
UNGODLY,,Not godly; not having regard for God; disobedient to God;,english,medium,Common English
UNHAND,,To loose from the hand; to let go.,english,medium,Common English
UNHOOK,,To loose from a hook; to undo or open by loosening or,english,medium,Common English
UNICORN,,A fabulous animal with one horn; the monoceros; -- often,english,medium,Common English
UNIFY,,To cause to be one; to make into a unit; to unite; to,english,medium,Common English
UNIQUE,,Being without a like or equal; unmatched; unequaled;,english,medium,Common English
UNIT,,A single thing or person.,english,medium,Common English
SIZES,,A universal milling machine.,english,medium,Common English
UNIVERSE,,All created things viewed as constituting one system or,english,medium,Common English
UNJUST,,Acting contrary to the standard of right; not animated or,english,medium,Common English
UNKIND,,Having no race or kindred; childless.,english,medium,Common English
UNLAWFUL,,Not lawful; contrary to law.,english,medium,Common English
UNLESS,,Upon any less condition than (the fact or thing stated,english,medium,Common English
UNLIKELY,,Not likely; improbable; not to be reasonably expected;,english,medium,Common English
UNLOAD,,To take the load from; to discharge of a load or cargo;,english,medium,Common English
UNLUCKY,,Not lucky; not successful; unfortunate; ill-fated;,english,medium,Common English
UNMASK,,To strip of a mask or disguise; to lay open; to expose.,english,medium,Common English
UNMOVED,,Not moved; fixed; firm; unshaken; calm; apathetic.,english,medium,Common English
UNRAVEL,,To disentangle; to disengage or separate the threads,english,medium,Common English
UNREAL,,Not real; unsubstantial; fanciful; ideal.,english,medium,Common English
UNREST,,Want of rest or repose; unquietness; sleeplessness;,english,medium,Common English
UNRULY,,Not submissive to rule; disregarding restraint;,english,medium,Common English
UNSCREW,,To draw the screws from; to loose from screws; to,english,medium,Common English
UNSEEMLY,,Not seemly; unbecoming; indecent.,english,medium,Common English
UNSEEN,,Not seen or discovered.,english,medium,Common English
UNSOUND,,Not sound; not whole; not solid; defective; infirm;,english,medium,Common English
UNTANGLE,,To loose from tangles or intricacy; to disentangle; to,english,medium,Common English
UNTIDY,,Unseasonable; untimely.,english,medium,Common English
UNTIL,,To; unto; towards; -- used of material objects.,english,medium,Common English
UNTURNED,,Not turned; not revolved or reversed.,english,medium,Common English
UNVEIL,,To remove a veil from; to divest of a veil; to uncover;,english,medium,Common English
UNWASHED,,Not washed or cleansed; filthy; unclean.,english,medium,Common English
UNWELL,,Not well; indisposed; not in good health; somewhat ill;,english,medium,Common English
UNWISE,,Not wise; defective in wisdom; injudicious; indiscreet;,english,medium,Common English
UPHOLD,,To hold up; to lift on high; to elevate.,english,medium,Common English
UPROAR,,Great tumult; violent disturbance and noise; noisy,english,medium,Common English
UPSET,,To set up; to put upright.,english,medium,Common English
UPSHOT,,Final issue; conclusion; the sum and substance; the end;,english,medium,Common English
UPSIDE,,The upper side; the part that is uppermost.,english,medium,Common English
UPSTAIRS,,Up the stairs; in or toward an upper story.,english,medium,Common English
UPSTART,,To start or spring up suddenly.,english,medium,Common English
UPSTREAM,,Toward the higher part of a stream; against the,english,medium,Common English
UPTAKE,,To take into the hand; to take up; to help.,english,medium,Common English
UPWARDS,,In a direction from lower to higher; toward a higher,english,medium,Common English
URGE,,To press; to push; to drive; to impel; to force onward.,english,medium,Common English
URGENCY,,The quality or condition of being urgent; insistence;,english,medium,Common English
URINATE,,To discharge urine; to make water.,english,medium,Common English
USABLE,,Capable of being used.,english,medium,Common English
USAGE,,The act of using; mode of using or treating; treatment;,english,medium,Common English
USHER,,A person who guides people to their seats.,english,medium,Common English
UTENSIL,,That which is used; an instrument; an implement;,english,medium,Common English
UTILITY,,The quality or state of being useful; usefulness;,english,medium,Common English
UTILIZE,,To make useful; to turn to profitable account or use;,english,medium,Common English
UTMOST,,Situated at the farthest point or extremity; farthest out;,english,medium,Common English
UTTERLY,,In an utter manner; to the full extent; fully; totally;,english,medium,Common English
VACATE,,To make vacant; to leave empty; to cease from filling or,english,medium,Common English
VAGABOND,,Moving from place to place without a settled habitation;,english,medium,Common English
VAGRANCY,,The quality or state of being a vagrant; a wandering,english,medium,Common English
VAGRANT,,Moving without certain direction; wandering; erratic;,english,medium,Common English
VAGUE,,Wandering; vagrant; vagabond.,english,medium,Common English
VALET,,A male waiting servant; a servant who attends on gentleman's,english,medium,Common English
VALID,,Strong; powerful; efficient.,english,medium,Common English
VALIDATE,,To confirm; to render valid; to give legal force to.,english,medium,Common English
VALIDITY,,The quality or state of being valid; strength; force;,english,medium,Common English
VALLEY,,The space inclosed between ranges of hills or mountains;,english,medium,Common English
VALUABLE,,Having value or worth; possessing qualities which are,english,medium,Common English
VAMP,,To advance; to travel.,english,medium,Common English
VAMPIRE,,A blood-sucking ghost; a soul of a dead person,english,medium,Common English
VANE,,A contrivance attached to some elevated object for the,english,medium,Common English
VANGUARD,,The troops who march in front of an army; the advance,english,medium,Common English
VANISH,,To pass from a visible to an invisible state; to go out,english,medium,Common English
VANITY,,The quality or state of being vain; want of substance to,english,medium,Common English
VANTAGE,,Superior or more favorable situation or opportunity; gain;,english,medium,Common English
VAPID,,Having lost its life and spirit; dead; spiritless; insipid;,english,medium,Common English
VARIANCE,,The quality or state of being variant; change of,english,medium,Common English
VARIETY,,The quality or state of being various; intermixture or,english,medium,Common English
VAS,,A vessel; a duct.,english,medium,Common English
VASTLY,,To a vast extent or degree; very greatly; immensely.,english,medium,Common English
VEAL,,The flesh of a calf when killed and used for food.,english,medium,Common English
VELOCITY,,Quickness of motion; swiftness; speed; celerity;,english,medium,Common English
VENDETTA,,A blood feud; private revenge for the murder of a,english,medium,Common English
VENDOR,,A vender; a seller; the correlative of vendee.,english,medium,Common English
VENEER,,To overlay or plate with a thin layer of wood or other,english,medium,Common English
VENGEFUL,,Vindictive; retributive; revengeful.,english,medium,Common English
VENISON,,Beasts of the chase.,english,medium,Common English
VENT,,Sale; opportunity to sell; market.,english,medium,Common English
VENTURE,,An undertaking of chance or danger; the risking of,english,medium,Common English
VERB,,A word; a vocable.,english,medium,Common English
VERIFY,,To make into a verb; to use as a verb; to verbalize.,english,medium,Common English
VERDICT,,The answer of a jury given to the court concerning any,english,medium,Common English
VERILY,,In very truth; beyond doubt or question; in fact;,english,medium,Common English
APPLES,,An acid liquor made from such juice.,english,medium,Common English
VERTEX,,A turning point; the principal or highest point; top;,english,medium,Common English
VERTIGO,,Dizziness or swimming of the head; an affection of the,english,medium,Common English
VERY,,True; real; actual; veritable.,english,medium,Common English
VESPERS,,One of the little hours of the Breviary.,english,medium,Common English
VEST,,An article of clothing covering the person; an outer garment;,english,medium,Common English
VETO,,The power to reject a proposal or decision.,english,medium,Common English
VIABLE,,Capable of living; born alive and with such form and,english,medium,Common English
VICAR,,One deputed or authorized to perform the functions of,english,medium,Common English
VICEROY,,The governor of a country or province who rules in the,english,medium,Common English
VICIOUS,,Characterized by vice or defects; defective; faulty;,english,medium,Common English
VIEWER,,One who views or examines.,english,medium,Common English
VIGOROUS,,Possessing vigor; full of physical or mental strength or,english,medium,Common English
VILE,,Low; base; worthless; mean; despicable.,english,medium,Common English
VILLA,,A country seat; a country or suburban residence of some,english,medium,Common English
VILLAGER,,An inhabitant of a village.,english,medium,Common English
VINE,,Any woody climbing plant which bears grapes.,english,medium,Common English
VINEYARD,,An inclosure or yard for grapevines; a plantation of,english,medium,Common English
VIOLATE,,To treat in a violent manner; to abuse.,english,medium,Common English
VIRGE,,A wand. See Verge.,english,medium,Common English
VIRGINIA,,One of the States of the United States of America.,english,medium,Common English
VIRGO,,A sign of the zodiac which the sun enters about the 21st of,english,medium,Common English
VIRILITY,,The quality or state of being virile; developed manhood;,english,medium,Common English
VIRULENT,,Extremely poisonous or venomous; very active in doing,english,medium,Common English
VISIBLE,,Perceivable by the eye; capable of being seen;,english,medium,Common English
VITALITY,,The quality or state of being vital; the principle of,english,medium,Common English
VIVID,,True to the life; exhibiting the appearance of life or,english,medium,Common English
VIZ,,To wit; that is; namely.,english,medium,Common English
VIZIER,,A councilor of state; a high executive officer in Turkey,english,medium,Common English
VOCALLY,,In a vocal manner; with voice; orally; with audible,english,medium,Common English
VOGUE,,The way or fashion of people at any particular time;,english,medium,Common English
VOID,,Containing nothing; empty; vacant; not occupied; not filled.,english,medium,Common English
VOLE,,A deal at cards that draws all the tricks.,english,medium,Common English
VOLITION,,The act of willing or choosing; the act of forming a,english,medium,Common English
VOLT,,A circular tread; a gait by which a horse going sideways,english,medium,Common English
VOLTA,,A turning; a time; -- chiefly used in phrases signifying,english,medium,Common English
VOMIT,,To eject the contents of the stomach by the mouth; to puke;,english,medium,Common English
VOTE,,An ardent wish or desire; a vow; a prayer.,english,medium,Common English
VOUCH,,To call; to summon.,english,medium,Common English
VOYAGER,,One who voyages; one who sails or passes by sea or water.,english,medium,Common English
WAFER,,A thin cake made of flour and other ingredients.,english,medium,Common English
WAFFLE,,A thin cake baked and then rolled; a wafer.,english,medium,Common English
WAG,,To move one way and the other with quick turns; to shake to,english,medium,Common English
WAGE,,To pledge; to hazard on the event of a contest; to stake;,english,medium,Common English
WAIL,,To choose; to select.,english,medium,Common English
WAITRESS,,A female waiter or attendant; a waiting maid or waiting,english,medium,Common English
WAIVE,,A waif; a castaway.,english,medium,Common English
WAKEN,,To wake; to cease to sleep; to be awakened.,english,medium,Common English
WALKER,,One who walks; a pedestrian.,english,medium,Common English
WALLER,,One who builds walls.,english,medium,Common English
WALRUS,,A very large marine mammal (Trichecus rosmarus) of the Seal,english,medium,Common English
WALTER,,To roll or wallow; to welter.,english,medium,Common English
WAND,,A small stick; a rod; a verge.,english,medium,Common English
WANDER,,To ramble here and there without any certain course or,english,medium,Common English
WANT,,The state of not having; the condition of being without,english,medium,Common English
WANTONLY,,In a wanton manner; without regularity or restraint;,english,medium,Common English
WAP,,To beat; to whap.,english,medium,Common English
WARDEN,,A keeper; a guardian; a watchman.,english,medium,Common English
WARDER,,One who wards or keeps; a keeper; a guard.,english,medium,Common English
WARDROOM,,A room occupied as a messroom by the commissioned,english,medium,Common English
WARFARE,,Military service; military life; contest carried on by,english,medium,Common English
WARNER,,One who warns; an admonisher.,english,medium,Common English
WARPATH,,The route taken by a party of Indians going on a warlike,english,medium,Common English
WARY,,Cautious of danger; carefully watching and guarding against,english,medium,Common English
WASHABLE,,Capable of being washed without damage to fabric or,english,medium,Common English
WASTREL,,Any waste thing or substance,english,medium,Common English
WATCHER,,One who watches; one who sits up or continues; a diligent,english,medium,Common English
WATCHES,,The leaves of Saracenia flava. See Trumpets.,english,medium,Common English
WATCHFUL,,Full of watch; vigilant; attentive; careful to observe,english,medium,Common English
WATCHMAN,,One set to watch; a person who keeps guard; a guard; a,english,medium,Common English
HIGHEST,,Indicates her proper submergence,english,medium,Common English
WATERWAY,,Heavy plank or timber extending fore and aft the whole,english,medium,Common English
WATT,,A unit of electrical power.,english,medium,Common English
WAVER,,To play or move to and fro; to move one way and the,english,medium,Common English
WAVY,,Rising or swelling in waves; full of waves.,english,medium,Common English
WAXY,,Resembling wax in appearance or consistency; viscid;,english,medium,Common English
WAYSIDE,,The side of the way; the edge or border of a road or path.,english,medium,Common English
WAYWARD,,Taking one's own way; disobedient; froward; perverse;,english,medium,Common English
WEAK,,Wanting physical strength.,english,medium,Common English
WEAKEN,,To make weak; to lessen the strength of; to deprive of,english,medium,Common English
WEAKLING,,A weak or feeble creature.,english,medium,Common English
WEAKLY,,In a weak manner; with little strength or vigor; feebly.,english,medium,Common English
WEAPON,,An instrument of offensive of defensive combat; something,english,medium,Common English
WEARABLE,,Capable of being worn; suitable to be worn.,english,medium,Common English
WEBBER,,One who forms webs; a weaver; a webster.,english,medium,Common English
WED,,A pledge; a pawn.,english,medium,Common English
WEEP,,The lapwing; the wipe; -- so called from its cry.,english,medium,Common English
PUMPS,,Devices that move liquid or gas; plural of pump.,english,medium,Common English
WENCH,,A young woman; a girl; a maiden.,english,medium,Common English
WERE,,To wear. See 3d Wear.,english,medium,Common English
WEST,,The point in the heavens where the sun is seen to set at the,english,medium,Common English
WHACK,,To strike; to beat; to give a heavy or resounding blow,english,medium,Common English
WHALER,,A vessel or person employed in the whale fishery.,english,medium,Common English
WHOPPER,,Something uncommonly large of the kind; something,english,medium,Common English
WHEAL,,A pustule; a whelk.,english,medium,Common English
WHELP,,One of the young of a dog or a beast of prey; a puppy; a,english,medium,Common English
WHETHER,,Which (of two); which one (of two); -- used,english,medium,Common English
WHIFF,,A sudden expulsion of air from the mouth; a quick puff or,english,medium,Common English
WHINNY,,To utter the ordinary call or cry of a horse; to neigh.,english,medium,Common English
WHIRL,,To turn round rapidly; to cause to rotate with velocity;,english,medium,Common English
WHIST,,Be silent; be still; hush; silence.,english,medium,Common English
WHIT,,The smallest part or particle imaginable; a bit; a jot; an,english,medium,Common English
WHOEVER,,Whatever person; any person who; be or she who; any one,english,medium,Common English
WICKER,,A small pliant twig or osier; a rod for making basketwork,english,medium,Common English
WIDE,,Having considerable distance or extent between the,english,medium,Common English
WIDELY,,In a wide manner; to a wide degree or extent; far;,english,medium,Common English
WIDEN,,To make wide or wider; to extend in breadth; to increase,english,medium,Common English
WIDTH,,The quality of being wide; extent from side to side;,english,medium,Common English
WILDER,,To bewilder; to perplex.,english,medium,Common English
WILDLY,,In a wild manner; without cultivation; with disorder;,english,medium,Common English
WILDNESS,,The quality or state of being wild; an uncultivated or,english,medium,Common English
WILE,,A trick or stratagem practiced for insnaring or deception; a,english,medium,Common English
WILLY,,A large wicker basket.,english,medium,Common English
WILT,,2d pers. sing. of Will.,english,medium,Common English
WIN,,To gain by superiority in competition or contest; to obtain by,english,medium,Common English
WINDY,,Consisting of wind; accompanied or characterized by,english,medium,Common English
WINERY,,A place where grapes are converted into wine.,english,medium,Common English
WINK,,To nod; to sleep; to nap.,english,medium,Common English
WINKLE,,Any periwinkle.,english,medium,Common English
PORTS,,Thus reducing its pressure or force by friction.,english,medium,Common English
WIRY,,Made of wire; like wire; drawn out like wire.,english,medium,Common English
WISE,,Having knowledge; knowing; enlightened; of extensive,english,medium,Common English
WISELY,,In a wise manner; prudently; judiciously; discreetly;,english,medium,Common English
WISHBONE,,The forked bone in front of the breastbone in birds; --,english,medium,Common English
WISTFUL,,Longing; wishful; desirous.,english,medium,Common English
WITCH,,A cone of paper which is placed in a vessel of lard or other,english,medium,Common English
WITHER,,To fade; to lose freshness; to become sapless; to become,english,medium,Common English
WITHHOLD,,To hold back; to restrain; to keep from action.,english,medium,Common English
WITTY,,Possessed of wit; knowing; wise; skillful; judicious;,english,medium,Common English
WIZARD,,A wise man; a sage.,english,medium,Common English
WIZARDRY,,The character or practices o/ wizards; sorcery; magic.,english,medium,Common English
WOE,,Grief; sorrow; misery; heavy calamity.,english,medium,Common English
WONDROUS,,In a wonderful or surprising manner or degree;,english,medium,Common English
WONT,,Using or doing customarily; accustomed; habituated; used.,english,medium,Common English
WOODLAND,,Land covered with wood or trees; forest; land on which,english,medium,Common English
WOODMAN,,A forest officer appointed to take care of the king's,english,medium,Common English
WOODWORK,,Work made of wood; that part of any structure which is,english,medium,Common English
WOOF,,The threads that cross the warp in a woven fabric; the weft;,english,medium,Common English
WOOLSEY,,Linsey-woolsey.,english,medium,Common English
WORKROOM,,Any room or apartment used especially for labor.,english,medium,Common English
WORKSHOP,,A shop where any manufacture or handiwork is carried on.,english,medium,Common English
WORMHOLE,,A burrow made by a worm.,english,medium,Common English
WORRIER,,One who worries.,english,medium,Common English
WORSEN,,To make worse; to deteriorate; to impair.,english,medium,Common English
WORSHIP,,Excellence of character; dignity; worth; worthiness.,english,medium,Common English
WORTHY,,Having worth or excellence; possessing merit; valuable;,english,medium,Common English
WRANGLE,,To argue; to debate; to dispute.,english,medium,Common English
WRANGLER,,An angry disputant; one who disputes with heat or,english,medium,Common English
WRATH,,Violent anger; vehement exasperation; indignation; rage;,english,medium,Common English
WREAK,,To cause great damage or harm.,english,medium,Common English
WRECK,,See 2d & 3d Wreak.,english,medium,Common English
WRENCH,,Trick; deceit; fraud; stratagem.,english,medium,Common English
WRESTLER,,One who wrestles; one who is skillful in wrestling.,english,medium,Common English
WRETCH,,A miserable person; one profoundly unhappy.,english,medium,Common English
WRIGHT,,One who is engaged in a mechanical or manufacturing,english,medium,Common English
WRING,,To twist and compress; to turn and strain with violence;,english,medium,Common English
WRINKLY,,Full of wrinkles; having a tendency to be wrinkled;,english,medium,Common English
WRONGLY,,In a wrong manner; unjustly; erroneously; wrong; amiss;,english,medium,Common English
YAK,,A long-haired bovine animal from Central Asia.,english,medium,Common English
YANK,,A jerk or twitch.,english,medium,Common English
YAP,,To bark; to yelp.,english,medium,Common English
YEARBOOK,,A book published yearly; any annual report or summary of,english,medium,Common English
YEARN,,To pain; to grieve; to vex.,english,medium,Common English
YIN,,A Chinese weight of 2/ pounds.,english,medium,Common English
YOGI,,A follower of the yoga philosophy; an ascetic.,english,medium,Common English
YOKE,,A frame joining two animals for pulling.,english,medium,Common English
YOKEL,,A country bumpkin.,english,medium,Common English
YOLK,,The yellow part of an egg; the vitellus.,english,medium,Common English
YORE,,In time long past; in old time; long since.,english,medium,Common English
YOUR,,The form of the possessive case of the personal,english,medium,Common English
YOURS,,See the Note under Your.,english,medium,Common English
YOURSELF,,An emphasized or reflexive form of the pronoun of the,english,medium,Common English
YOUTHFUL,,Not yet mature or aged; young.,english,medium,Common English
YULE,,Christmas or Christmastide; the feast of the Nativity of our,english,medium,Common English
YULETIDE,,Christmas time; Christmastide; the season of Christmas.,english,medium,Common English
ZANDER,,A European pike perch (Stizostedion lucioperca) allied to,english,medium,Common English
ZANY,,A merry-andrew; a buffoon.,english,medium,Common English
ZEAL,,Great energy or enthusiasm.,english,medium,Common English
ZENITH,,That point in the visible celestial hemisphere which is,english,medium,Common English
ZERO,,A cipher; nothing; naught.,english,medium,Common English
ZETA,,A Greek letter corresponding to our z.,english,medium,Common English
ZIGZAG,,Something that has short turns or angles.,english,medium,Common English
ZOHAR,,A Jewish cabalistic book attributed by tradition to Rabbi,english,medium,Common English
ABBOT,,The superior or head of an abbey.,english,medium,Common English
ABSURDLY,,In an absurd manner.,english,medium,Common English
ACTIVE,,Having the power or quality of acting; causing change;,english,medium,Common English
AGILE,,Able to move quickly and easily.,english,medium,Common English
AGREE,,In good part; kindly.,english,medium,Common English
AHEAD,,In or to the front; in advance; onward.,english,medium,Common English
ALMOND,,The fruit of the almond tree.,english,medium,Common English
ALOE,,A succulent plant with soothing leaf gel.,english,medium,Common English
ALT,,The higher part of the scale. See Alto.,english,medium,Common English
AMICABLY,,In an amicable manner.,english,medium,Common English
AMPLY,,In an ample manner.,english,medium,Common English
APERTURE,,The act of opening.,english,medium,Common English
APRIL,,The fourth month of the year.,english,medium,Common English
ARE,,The present indicative plural of the substantive verb to be; but,english,medium,Common English
ARTERY,,The trachea or windpipe.,english,medium,Common English
ASLEEP,,In a state of sleep; in sleep; dormant.,english,medium,Common English
AVIAN,,Of or instrument to birds.,english,medium,Common English
AVIATION,,The art or science of flying.,english,medium,Common English
BADNESS,,The state of being bad.,english,medium,Common English
BAILEY,,The outer wall of a feudal castle.,english,medium,Common English
BAKERY,,The trade of a baker.,english,medium,Common English
BALMY,,Having the qualities of balm; odoriferous; aromatic;,english,medium,Common English
BAROQUE,,In bad taste; grotesque; odd.,english,medium,Common English
BATTERY,,The act of battering or beating.,english,medium,Common English
BEDSIDE,,The side of a bed.,english,medium,Common English
BEDTIME,,The time to go to bed.,english,medium,Common English
BENGALI,,The language spoken in Bengal.,english,medium,Common English
BETRAYAL,,The act or the result of betraying.,english,medium,Common English
BETWIXT,,In the space which separates; between.,english,medium,Common English
BISON,,The aurochs or European bison.,english,medium,Common English
BITTERLY,,In a bitter manner.,english,medium,Common English
BOLDLY,,In a bold manner.,english,medium,Common English
BOLDNESS,,The state or quality of being bold.,english,medium,Common English
BROADLY,,In a broad manner.,english,medium,Common English
BRUH,,The rhesus monkey. See Rhesus.,english,medium,Common English
BRUTALLY,,In a brutal manner; cruelly.,english,medium,Common English
BUOYANT,,Having the quality of rising or floating in a,english,medium,Common English
BUTCHERY,,The business of a butcher.,english,medium,Common English
CALMLY,,In a calm manner.,english,medium,Common English
CANDIDLY,,In a candid manner.,english,medium,Common English
CANTON,,A song or canto,english,medium,Common English
CAP,,A covering for the head,english,medium,Common English
CHEEK,,The side of the face below the eye.,english,medium,Common English
CHIEFLY,,In the first place; principally; preeminently; above;,english,medium,Common English
CHORD,,The string of a musical instrument.,english,medium,Common English
CINNAMON,,The name is also.,english,medium,Common English
CIVICS,,The science of civil government.,english,medium,Common English
CLAMMY,,Having the quality of being viscous or adhesive; soft,english,medium,Common English
CLAPS,,Variant of Clasp,english,medium,Common English
CLEARLY,,In a clear manner.,english,medium,Common English
CLEAVAGE,,The act of cleaving or splitting.,english,medium,Common English
CLEVERLY,,In a clever manner.,english,medium,Common English
CLOSELY,,In a close manner.,english,medium,Common English
COB,,The top or head of anything.,english,medium,Common English
COERCION,,The act or process of coercing.,english,medium,Common English
COLDNESS,,The state or quality of being cold.,english,medium,Common English
CONFORM,,Of the same form; similar in import; conformable.,english,medium,Common English
COP,,The top of a thing; the head; a crest.,english,medium,Common English
COPS,,The connecting crook of a harrow.,english,medium,Common English
COSTLY,,Of great cost; expensive; dear.,english,medium,Common English
COURAGE,,The heart; spirit; temper; disposition.,english,medium,Common English
COW,,A chimney cap; a cowl,english,medium,Common English
CRAW,,The crop of a bird.,english,medium,Common English
CRAZILY,,In a crazy manner.,english,medium,Common English
CREATIVE,,Having the power to create; exerting the act of creation.,english,medium,Common English
CREW,,The Manx shearwater.,english,medium,Common English
CRITIQUE,,The art of criticism.,english,medium,Common English
CRUCIAL,,Having the form of a cross; appertaining to a cross;,english,medium,Common English
CRUELLY,,In a cruel manner.,english,medium,Common English
CRUSTY,,Having the nature of crust; pertaining to a hard covering;,english,medium,Common English
CUISINE,,The kitchen or cooking department.,english,medium,Common English
CURB,,To bend or curve,english,medium,Common English
CYNICAL,,Having the qualities of a surly dog; snarling; captious;,english,medium,Common English
DECISIVE,,Having the power or quality of deciding a question or,english,medium,Common English
DEVOTION,,The act of devoting; consecration.,english,medium,Common English
DISC,,A flat round plate,english,medium,Common English
DRAKE,,The male of the duck kind.,english,medium,Common English
DRAUGHT,,The act of drawing or pulling,english,medium,Common English
DRUMBEAT,,The sound of a beaten drum; drum music.,english,medium,Common English
DURING,,In the time of; as long as the action or existence of;,english,medium,Common English
EAGERLY,,In an eager manner.,english,medium,Common English
EAR,,The organ of hearing; the external ear.,english,medium,Common English
EARDRUM,,The tympanum. See Illust. of Ear.,english,medium,Common English
EBB,,The falling or retreating of the tide.,english,medium,Common English
ELECTION,,The act of choosing; choice; selection.,english,medium,Common English
ELOQUENT,,Having the power of expressing strong emotions or,english,medium,Common English
EMPRESS,,The consort of an emperor.,english,medium,Common English
ERS,,The bitter vetch (Ervum Ervilia).,english,medium,Common English
EVILLY,,In an evil manner; not well; ill.,english,medium,Common English
EYEBALL,,The ball or globe of the eye.,english,medium,Common English
EYEBROW,,The brow or hairy arch above the eye.,english,medium,Common English
FACTO,,In fact; by the act or fact.,english,medium,Common English
FATEFUL,,Having the power of serving or accomplishing fate.,english,medium,Common English
FEMUR,,The thigh bone.,english,medium,Common English
FINALE,,Close; termination,english,medium,Common English
FINELY,,In a fine or finished manner.,english,medium,Common English
FINGERS,,The common bats are small and insectivorous.,english,medium,Common English
FIREBIRD,,The Baltimore oriole.,english,medium,Common English
FIRING,,The act of disharging firearms.,english,medium,Common English
FIRMLY,,In a firm manner.,english,medium,Common English
FIRMNESS,,The state or quality of being firm.,english,medium,Common English
FIRSTLY,,In the first place; before anything else;; sometimes,english,medium,Common English
FLUENTLY,,In a fluent manner.,english,medium,Common English
FLUKE,,The European flounder. See Flounder.,english,medium,Common English
FORCIBLY,,In a forcible manner.,english,medium,Common English
FOREMAN,,The first or chief man,english,medium,Common English
FORGERY,,The act of forging metal into shape.,english,medium,Common English
FRANKLY,,In a frank manner; freely.,english,medium,Common English
GAPE,,To open the mouth wide,english,medium,Common English
GENEROUS,,Of honorable birth or origin; highborn.,english,medium,Common English
GENEVA,,The chief city of Switzerland.,english,medium,Common English
GENTLY,,In a gentle manner.,english,medium,Common English
GHOST,,The spirit; the soul of man.,english,medium,Common English
GIGANTIC,,Of extraordinary size; like a giant.,english,medium,Common English
GLIDE,,The glede or kite.,english,medium,Common English
GOLDIE,,The European goldfinch.,english,medium,Common English
GRAVELY,,In a grave manner.,english,medium,Common English
GREATLY,,In a great degree; much.,english,medium,Common English
HALFWAY,,In the middle; at half the distance; imperfectly;,english,medium,Common English
HAZELNUT,,The nut of the hazel.,english,medium,Common English
HEADLINE,,The line at the head or top of a page.,english,medium,Common English
HECK,,The bolt or latch of a door.,english,medium,Common English
HELMSMAN,,The man at the helm; a steersman.,english,medium,Common English
HERE,,Of them; their.,english,medium,Common English
HILLSIDE,,The side or declivity of a hill.,english,medium,Common English
HILLTOP,,The top of a hill.,english,medium,Common English
HONK,,The cry of a wild goose.,english,medium,Common English
HOTNESS,,The quality or state of being hot.,english,medium,Common English
HOWELL,,The upper stage of a porcelian furnace.,english,medium,Common English
HUMBLY,,With humility; lowly.,english,medium,Common English
HYPNOTIC,,Having the quality of producing sleep; tending to produce,english,medium,Common English
IDEALISM,,The quality or state of being ideal.,english,medium,Common English
IDEOLOGY,,The science of ideas.,english,medium,Common English
IDYLLIC,,Of or belonging to idyls.,english,medium,Common English
INSTEAD,,In the place or room;; usually followed by of.,english,medium,Common English
IRAN,,The native name of Persia.,english,medium,Common English
JACKASS,,The male ass; a donkey.,english,medium,Common English
JAILER,,The keeper of a jail or prison.,english,medium,Common English
JEWELRY,,The art or trade of a jeweler.,english,medium,Common English
JOURNEY,,The travel or work of a day.,english,medium,Common English
KEENLY,,In a keen manner.,english,medium,Common English
KEY,,A small metal object used to open a lock.,english,medium,Common English
KOWTOW,,The same as Kotow.,english,medium,Common English
LAMB,,The young of the sheep.,english,medium,Common English
LARGELY,,In a large manner.,english,medium,Common English
LATENCY,,The state or quality of being latent.,english,medium,Common English
LEGALLY,,In a legal manner.,english,medium,Common English
LEVEE,,The act of rising.,english,medium,Common English
LICENSEE,,The person to whom a license is given.,english,medium,Common English
LIFETIME,,The time that life continues.,english,medium,Common English
LIGATURE,,The act of binding.,english,medium,Common English
LIND,,The linden. See Linden.,english,medium,Common English
LIONEL,,The whelp of a lioness; a young lion.,english,medium,Common English
LIVIDITY,,The state or quality of being livid.,english,medium,Common English
LOCATION,,The act or process of locating.,english,medium,Common English
LOOSELY,,In a loose manner.,english,medium,Common English
LOOT,,The act of plundering.,english,medium,Common English
LOUDLY,,In a loud manner.,english,medium,Common English
LOVINGLY,,With love; affectionately.,english,medium,Common English
LOYALLY,,In a loyal manner; faithfully.,english,medium,Common English
LUCIDITY,,The quality or state of being lucid.,english,medium,Common English
MAINS,,The farm attached to a mansion house.,english,medium,Common English
MARQUISE,,The wife of a marquis; a marchioness.,english,medium,Common English
MASONRY,,The art or occupation of a mason.,english,medium,Common English
MEALTIME,,The usual time of eating a meal.,english,medium,Common English
MILDLY,,In a mild manner.,english,medium,Common English
MODESTLY,,In a modest manner.,english,medium,Common English
MONKFISH,,The angel fish (Squatina).,english,medium,Common English
MORBIDLY,,In a morbid manner.,english,medium,Common English
MORPHEUS,,The god of dreams.,english,medium,Common English
MORSE,,The walrus. See Walrus.,english,medium,Common English
MUCH,,Great in quantity;,english,medium,Common English
MUSKET,,The male of the sparrow hawk.,english,medium,Common English
MUTUALLY,,In a mutual manner.,english,medium,Common English
NAB,,The summit of an eminence.,english,medium,Common English
NAPE,,The back part of the neck.,english,medium,Common English
NEATLY,,In a neat manner; tidily; tastefully.,english,medium,Common English
NICELY,,In a nice manner.,english,medium,Common English
NORMALLY,,In a normal manner.,english,medium,Common English
NOTABLY,,In a notable manner.,english,medium,Common English
NOWADAYS,,In these days; at the present time.,english,medium,Common English
NURSERY,,The act of nursing.,english,medium,Common English
ODDLY,,In an odd manner; unevently.,english,medium,Common English
OPENNESS,,The quality or state of being open.,english,medium,Common English
OPTIC,,The organ of sight; an eye.,english,medium,Common English
ORALLY,,In an oral manner.,english,medium,Common English
PARKER,,The keeper of a park.,english,medium,Common English
PASTRY,,The place where pastry is made.,english,medium,Common English
PATIENT,,Having the quality of enduring; physically able to suffer,english,medium,Common English
PHILIP,,The European hedge sparrow.,english,medium,Common English
PILL,,A small tablet of medicine.,english,medium,Common English
PILLAGE,,The act of pillaging; robbery.,english,medium,Common English
PIRACY,,The act or crime of a pirate.,english,medium,Common English
PLAINLY,,In a plain manner; clearly.,english,medium,Common English
PLASTIC,,Having the power to give form or fashion to a mass of,english,medium,Common English
PLUMAGE,,The entire clothing of a bird.,english,medium,Common English
PROLIFIC,,Having the quality of generating; producing young or,english,medium,Common English
PROMPTLY,,In a prompt manner.,english,medium,Common English
PURITY,,The condition of being pure.,english,medium,Common English
QUADRANT,,The fourth part; the quarter.,english,medium,Common English
QUEEN,,The wife of a king.,english,medium,Common English
RAMADAN,,The ninth Mohammedan month.,english,medium,Common English
RANDOMLY,,In a random manner.,english,medium,Common English
RASHLY,,In a rash manner; with precipitation.,english,medium,Common English
READILY,,In a ready manner; quickly; promptly.,english,medium,Common English
RECEIPT,,The act of receiving; reception.,english,medium,Common English
RESPONSE,,The act of responding.,english,medium,Common English
RICHLY,,In a rich manner.,english,medium,Common English
RIPE,,"Ready to eat, as fruit.",english,medium,Common English
ROBBERY,,The act or practice of robbing; theft.,english,medium,Common English
ROOSTER,,The male of the domestic fowl; a cock.,english,medium,Common English
ROTATE,,Having the parts spreading out like a wheel; wheel-shaped;,english,medium,Common English
RUNWAY,,The channel of a stream.,english,medium,Common English
SALIVA,,The secretion from the salivary glands.,english,medium,Common English
SAVAGELY,,In a savage manner.,english,medium,Common English
SCUFF,,The back part of the neck; the scruff.,english,medium,Common English
SEABOARD,,The seashore; seacoast.,english,medium,Common English
SEASHELL,,The shell of any marine mollusk.,english,medium,Common English
SECRETLY,,In a secret manner.,english,medium,Common English
SEVERITY,,The quality or state of being severe.,english,medium,Common English
SHYNESS,,The quality or state of being shy.,english,medium,Common English
SILENTLY,,In a silent manner.,english,medium,Common English
SIRIUS,,The Dog Star. See Dog Star.,english,medium,Common English
SIZABLE,,Of considerable size or bulk.,english,medium,Common English
SKELETON,,The pseudopodia.,english,medium,Common English
SLIGHTLY,,In a slight manner.,english,medium,Common English
SLIPPERY,,Having the quality opposite to adhesiveness; allowing or,english,medium,Common English
SLUMP,,The gross amount; the mass; the lump.,english,medium,Common English
SMARTLY,,In a smart manner.,english,medium,Common English
SOCIALLY,,In a social manner; sociably.,english,medium,Common English
SOFTLY,,In a soft manner.,english,medium,Common English
SOUNDLY,,In a sound manner.,english,medium,Common English
SOURCE,,The act of rising; a rise; an ascent.,english,medium,Common English
SPIDERS,,These animals are now placed in.,english,medium,Common English
SQUARELY,,In a square form or manner.,english,medium,Common English
SQUAT,,The angel fish (Squatina angelus).,english,medium,Common English
STEADILY,,In a steady manner.,english,medium,Common English
STEALTH,,The act of stealing; theft.,english,medium,Common English
STERN,,The black tern.,english,medium,Common English
STICKY,,Having the quality of sticking to a surface; adhesive;,english,medium,Common English
STRIFE,,The act of striving; earnest endeavor.,english,medium,Common English
STUDIO,,The working room of an artist.,english,medium,Common English
SULTANA,,The wife of a sultan; a sultaness.,english,medium,Common English
SUNDOWN,,The setting of the sun; sunset.,english,medium,Common English
SUNLIGHT,,The light of the sun.,english,medium,Common English
SWEETLY,,In a sweet manner.,english,medium,Common English
SYNERGY,,Combined action,english,medium,Common English
TACT,,The sense of touch; feeling.,english,medium,Common English
TEMPO,,The rate or degree of movement in time.,english,medium,Common English
TEXTURE,,The act or art of weaving.,english,medium,Common English
THATCHER,,The American redpoll.,english,medium,Common English
THENCE,,From that place.,english,medium,Common English
THERE,,In or at that place.,english,medium,Common English
THEREOF,,Of that or this.,english,medium,Common English
THESE,,The plural of this. See This.,english,medium,Common English
THOSE,,The plural of that. See That.,english,medium,Common English
TIDY,,The wren;; called also tiddy.,english,medium,Common English
TIGHTLY,,In a tight manner; closely; nearly.,english,medium,Common English
TIGRESS,,The female of the tiger.,english,medium,Common English
TINKLE,,The common guillemot.,english,medium,Common English
TOPSOIL,,The upper layer of soil; surface soil.,english,medium,Common English
TOTALLY,,In a total manner; wholly; entirely.,english,medium,Common English
TOWNSHIP,,The district or territory of a town.,english,medium,Common English
TRACHEA,,The windpipe. See Illust. of Lung.,english,medium,Common English
TUE,,An abbreviation for Tuesday.,english,medium,Common English
TURTLE,,The turtledove.,english,medium,Common English
UGLINESS,,The quality or state of being ugly.,english,medium,Common English
UNDOING,,The reversal of what has been done.,english,medium,Common English
UNDULY,,In an undue manner.,english,medium,Common English
UNITY,,The state of being one; oneness.,english,medium,Common English
URGENTLY,,In an urgent manner.,english,medium,Common English
VAGUELY,,In a vague manner.,english,medium,Common English
VARIABLE,,Having the capacity of varying or changing; capable of,english,medium,Common English
VASTNESS,,The quality or state of being vast.,english,medium,Common English
VERBALLY,,In a verbal manner; orally.,english,medium,Common English
VERITAS,,The Bureau Veritas. See under Bureau.,english,medium,Common English
VICARAGE,,The benefice of a vicar.,english,medium,Common English
VIRTUAL,,Having the power of acting or of invisible efficacy,english,medium,Common English
VITALLY,,In a vital manner.,english,medium,Common English
WARLOCK,,A male witch; a wizard; a sprite; an imp.,english,medium,Common English
WARMLY,,In a warm manner; ardently.,english,medium,Common English
WEARY,,Having the strength exhausted by toil or exertion; worn,english,medium,Common English
WHEN,,At what time;; used interrogatively.,english,medium,Common English
WHENEVER,,At whatever time.,english,medium,Common English
WHEREAS,,At which place; where.,english,medium,Common English
WHEREVER,,At or in whatever place; wheresoever.,english,medium,Common English
WHIM,,The European widgeon.,english,medium,Common English
WITHAL,,With this; with that.,english,medium,Common English
WITHIN,,In the inner or interior part of; inside of; not,english,medium,Common English
WOMB,,The belly; the abdomen.,english,medium,Common English
YANG,,The cry of the wild goose; a honk.,english,medium,Common English
ACCLAIM,,Enthusiastic praise or approval,english,medium,Common English
ACCUSE,,To charge someone with a wrongdoing,english,medium,Common English
ACQUAINT,,To make someone aware or familiar with,english,medium,Common English
ACTUALLY,,In reality; in fact; truly,english,medium,Common English
ADRENAL,,Relating to glands near the kidneys,english,medium,Common English
AFIRE,,On fire; burning; ablaze,english,medium,Common English
AFOOT,,On foot; in progress; happening,english,medium,Common English
AFORE,,Before; earlier.,english,medium,Common English
ALLEYWAY,,A narrow passage between buildings,english,medium,Common English
ALMONDS,,Edible nuts from the almond tree,english,medium,Common English
ALSO,,In addition; as well; too,english,medium,Common English
ANGEL,,A divine messenger; a very kind person,english,medium,Common English
ANTHRAX,,A serious bacterial infection,english,medium,Common English
ANYWHERE,,In or to any place at all,english,medium,Common English
APOSTLES,,Followers of a religious leader,english,medium,Common English
APPEARS,,Comes into view; seems to be,english,medium,Common English
ATOMS,,The smallest units of matter,english,medium,Common English
AVOID,,To keep away from; to steer clear of,english,medium,Common English
BAD,,Not good; of poor quality,english,medium,Common English
BARS,,Long pieces of metal; drinking places,english,medium,Common English
BEAD,,A small round piece of glass or wood,english,medium,Common English
BECAME,,Past tense of become; grew into,english,medium,Common English
BEE,,A flying insect that makes honey,english,medium,Common English
BEHELD,,Past tense of behold; looked at,english,medium,Common English
BEIGE,,A light sandy brown color,english,medium,Common English
BESIDE,,Next to; at the side of,english,medium,Common English
BIBLE,,The sacred book of Christianity,english,medium,Common English
BISHOPS,,Senior clergy in the church,english,medium,Common English
BLED,,Past tense of bleed; lost blood,english,medium,Common English
BLESSED,,Made holy; fortunate; favored,english,medium,Common English
BLEW,,Past tense of blow; sent air,english,medium,Common English
BLOWS,,Strong gusts of wind; hits,english,medium,Common English
BLUBBER,,Whale fat; to cry noisily,english,medium,Common English
BOILER,,A device for heating water,english,medium,Common English
BONELESS,,Having no bones; without bones,english,medium,Common English
BOOKLET,,A small thin book; a pamphlet,english,medium,Common English
BRAGGART,,A person who boasts excessively,english,medium,Common English
BRAKE,,A device for stopping a vehicle,english,medium,Common English
BRED,,Past tense of breed; raised young,english,medium,Common English
BRICKS,,Blocks of baked clay used for building,english,medium,Common English
BROACH,,To bring up a topic for discussion,english,medium,Common English
BUMBLE,,To move or act clumsily,english,medium,Common English
BURNS,,Injuries caused by fire or heat,english,medium,Common English
BUS,,A large motor vehicle for passengers,english,medium,Common English
BUSINESS,,A commercial enterprise or trade,english,medium,Common English
BYGONE,,Belonging to an earlier time; past,english,medium,Common English
CALLER,,A person who calls or telephones,english,medium,Common English
CAME,,Past tense of come; arrived,english,medium,Common English
CANDID,,Truthful and straightforward; frank,english,medium,Common English
CANON,,A general rule or principle,english,medium,Common English
CANVAS,,Strong cloth used for tents or painting,english,medium,Common English
CARES,,Feels concern; things one worries about,english,medium,Common English
CAROL,,A joyful song especially at Christmas,english,medium,Common English
CARROTS,,Orange root vegetables,english,medium,Common English
CELLS,,Small rooms; basic units of life,english,medium,Common English
CLAIMS,,Statements of truth; demands,english,medium,Common English
COAST,,The land next to the sea; to glide,english,medium,Common English
CRIED,,Past tense of cry; shed tears,english,medium,Common English
CUPBOARD,,A cabinet with shelves for storage,english,medium,Common English
DEGREE,,A unit of measurement; a qualification,english,medium,Common English
DISCOVER,,To find something for the first time,english,medium,Common English
DRAWING,,A picture made with pencil or pen,english,medium,Common English
DRUGS,,Medicines or illegal substances,english,medium,Common English
DUE,,Owed or expected at a certain time,english,medium,Common English
ENEMIES,,People who are hostile or opposed,english,medium,Common English
FAIR,,Just and equal; a public event,english,medium,Common English
FAMILY,,A group of related people,english,medium,Common English
FASHION,,A popular style; a manner,english,medium,Common English
FIELD,,An open area of land; a subject area,english,medium,Common English
FLEW,,Past tense of fly; traveled through air,english,medium,Common English
FLOWER,,The bloom of a plant; a blossom,english,medium,Common English
FORCE,,Strength or power; to compel,english,medium,Common English
FREEZE,,To become ice; to stop moving,english,medium,Common English
GARLAND,,A wreath of flowers or leaves,english,medium,Common English
GAVE,,Past tense of give; handed over,english,medium,Common English
GOD,,A supreme being or deity,english,medium,Common English
GREW,,Past tense of grow; increased,english,medium,Common English
GRIP,,To hold tightly; a firm hold,english,medium,Common English
GUARD,,To protect from harm; a protector,english,medium,Common English
GUILTY,,Having done wrong; responsible,english,medium,Common English
HARBOR,,A sheltered port for ships,english,medium,Common English
HELD,,Past tense of hold; gripped,english,medium,Common English
HID,,Past tense of hide; concealed,english,medium,Common English
HIT,,To strike with force; a success,english,medium,Common English
HOLE,,An opening or hollow space,english,medium,Common English
HOME,,The place where one lives,english,medium,Common English
HOOK,,A curved device for catching or holding,english,medium,Common English
INSECTS,,Small creatures with six legs,english,medium,Common English
IRON,,A strong metal; a pressing device,english,medium,Common English
JUSTICE,,Fairness; the legal system,english,medium,Common English
KILL,,To cause death; to end life,english,medium,Common English
KITTEN,,A young cat,english,medium,Common English
KNOW,,To be aware of; to have knowledge,english,medium,Common English
LABEL,,A marking tag; to identify,english,medium,Common English
LAMP,,A device that produces light,english,medium,Common English
LANE,,A narrow road; a division of a road,english,medium,Common English
LAW,,A rule or system of rules,english,medium,Common English
LEAN,,To incline; thin and fit,english,medium,Common English
LESS,,Not as much; a smaller amount,english,medium,Common English
LOAN,,Money lent; to give temporarily,english,medium,Common English
LOOK,,To direct the eyes; to see,english,medium,Common English
MADE,,Past tense of make; created,english,medium,Common English
MEAN,,To intend; unkind; an average,english,medium,Common English
MEDIA,,Channels of mass communication,english,medium,Common English
MEMBER,,A person belonging to a group,english,medium,Common English
MILD,,Not severe; gentle; not strong,english,medium,Common English
MIXED,,Combined; of different kinds,english,medium,Common English
MORNING,,The early part of the day,english,medium,Common English
NECK,,The part connecting head to body,english,medium,Common English
NORMAL,,Usual; conforming to standard,english,medium,Common English
NOTHING,,Not anything; zero,english,medium,Common English
OATH,,A solemn promise; a vow,english,medium,Common English
OIL,,A thick liquid used for fuel or cooking,english,medium,Common English
OLD,,Having lived a long time; not new,english,medium,Common English
ORANGE,,A citrus fruit; a color between red and yellow,english,medium,Common English
OVERALL,,In general; covering everything,english,medium,Common English
OWN,,Belonging to oneself; to possess,english,medium,Common English
PACK,,To fill a bag; a bundle; a group,english,medium,Common English
PALACE,,A grand residence of royalty,english,medium,Common English
PARTS,,Pieces; sections of a whole,english,medium,Common English
PAST,,Gone by in time; former,english,medium,Common English
PENALTY,,A punishment; a fine,english,medium,Common English
PEOPLE,,Human beings; persons,english,medium,Common English
PIN,,A thin pointed fastener; to secure,english,medium,Common English
PLATE,,A flat dish; a thin sheet of metal,english,medium,Common English
POISON,,A substance that causes harm or death,english,medium,Common English
POSITIVE,,Good; certain; greater than zero,english,medium,Common English
PRACTICE,,Repeated exercise; a custom,english,medium,Common English
PREPARE,,To make ready; to get set,english,medium,Common English
PROBABLY,,Very likely; almost certainly,english,medium,Common English
PROFIT,,Financial gain; benefit,english,medium,Common English
PROMISE,,A commitment to do something,english,medium,Common English
PUT,,To place in a position; to set down,english,medium,Common English
RARE,,Not common; unusual; lightly cooked,english,medium,Common English
RECORD,,Information stored; a best achievement,english,medium,Common English
RELIEF,,Ease from pain or worry; help,english,medium,Common English
REMARK,,A comment; to say or notice,english,medium,Common English
REPAIR,,To fix; to mend; to restore,english,medium,Common English
REPORT,,An account of events; to inform,english,medium,Common English
REPUBLIC,,A nation governed by elected leaders,english,medium,Common English
RESTRICT,,To limit; to keep within bounds,english,medium,Common English
ROOT,,The base of a plant; an origin,english,medium,Common English
ROUND,,Shaped like a circle; a turn,english,medium,Common English
SALARY,,Regular payment for work; wages,english,medium,Common English
SEASON,,A division of the year; to add flavor,english,medium,Common English
SEEDS,,Small parts of plants that can grow,english,medium,Common English
SENT,,Past tense of send; dispatched,english,medium,Common English
SENTENCE,,A group of words; a legal punishment,english,medium,Common English
SILK,,A smooth luxurious fabric,english,medium,Common English
SLIGHT,,Small; minor; to disrespect,english,medium,Common English
SOFT,,Not hard; smooth and gentle,english,medium,Common English
SOIL,,The earth in which plants grow; dirt,english,medium,Common English
SOLID,,Firm and hard; reliable; not liquid,english,medium,Common English
SONG,,A piece of music with words,english,medium,Common English
SOUL,,The spirit of a person; inner essence,english,medium,Common English
SPEECH,,The act of speaking; a formal talk,english,medium,Common English
SPIRIT,,The soul; a ghost; an attitude,english,medium,Common English
STEADY,,Firm; regular; not changing,english,medium,Common English
STEAM,,Water vapor from boiling,english,medium,Common English
STONE,,A hard solid mineral; a gem,english,medium,Common English
THERAPY,,Treatment for illness or injury,english,medium,Common English
THREW,,Past tense of throw; tossed,english,medium,Common English
THROUGH,,From one side to the other,english,medium,Common English
TONGUE,,The organ of taste; a language,english,medium,Common English
TOUGH,,Strong; difficult; hard to break,english,medium,Common English
TOWN,,A settlement larger than a village,english,medium,Common English
TRADE,,The buying and selling of goods,english,medium,Common English
TRIUMPH,,A great victory; to win,english,medium,Common English
TROOP,,A group of soldiers; to march,english,medium,Common English
TUBE,,A hollow cylinder; a pipe,english,medium,Common English
TYPE,,A category; to write using a keyboard,english,medium,Common English
UNITS,,Individual parts of a whole; measures,english,medium,Common English
VIOLENCE,,Using physical force to harm,english,medium,Common English
WALK,,To move on foot.,english,medium,Common English
WARN,,To alert to danger; to caution,english,medium,Common English
WEAKNESS,,A lack of strength; a fault,english,medium,Common English
WEIGHT,,How heavy something is; a measure of mass,english,medium,Common English
WHITE,,The lightest color; the opposite of black,english,medium,Common English
WILLING,,Ready and eager; prepared to do,english,medium,Common English
WISDOM,,Knowledge and good judgment,english,medium,Common English
WONDER,,To be curious; amazement,english,medium,Common English
WOOD,,The material of trees; a forest,english,medium,Common English
YES,,An answer showing agreement.,english,medium,Common English
ACORNS,,Nuts from an oak tree,english,medium,Common English word
ANCHORS,,Heavy devices that hold ships in place,english,hard,Common English word
BEFALL,,To happen to; to occur,english,medium,Common English word
BRIG,,A prison on a ship; a two-masted vessel,english,easy,Common English word
BROCK,,A badger,english,medium,Common English word
BURRO,,A small donkey,english,medium,Common English word
CARINA,,A keel-shaped structure,english,medium,Common English word
CARLIN,,An old woman,english,medium,Common English word
CARTE,,A menu or list of options,english,medium,Common English word
CARVE,,To cut into a shape; to slice meat,english,medium,Common English word
CATALOG,,A list of items; a directory,english,hard,Common English word
CATFISH,,A freshwater fish with whisker-like feelers,english,hard,Common English word
CAVITY,,A hole or hollow space,english,medium,Common English word
CENTERS,,Middle points; places for activities,english,hard,Common English word
CHARTERS,,Official documents granting rights,english,hard,Common English word
CHEEKS,,The sides of the face below the eyes,english,medium,Common English word
CHEST,,The front of the body; a storage box,english,medium,Common English word
CHEWED,,Crushed food with the teeth,english,medium,Common English word
CHISEL,,A tool for cutting wood or stone,english,medium,Common English word
CITY,,A large town with many buildings,english,easy,Common English word
CLAD,,Covered or clothed,english,easy,Common English word
CLASSICS,,Works of lasting significance,english,hard,Common English word
CLOGS,,Heavy wooden shoes,english,medium,Common English word
CLUSTERS,,Groups of similar things close together,english,hard,Common English word
COASTING,,Moving without effort or power,english,hard,Common English word
COBALT,,A hard silvery-blue metallic element,english,medium,Common English word
COCKEREL,,A young rooster,english,hard,Common English word
COCKY,,Arrogantly confident,english,medium,Common English word
COINS,,Metal pieces of money,english,medium,Common English word
COLDS,,Common viral illnesses with sneezing,english,medium,Common English word
COMMAND,,An order; to direct with authority,english,hard,Common English word
CONDUCT,,Behavior; to lead or direct,english,hard,Common English word
CONTRACT,,A binding agreement; to shrink,english,hard,Common English word
COOLLY,,In a calm and composed manner,english,medium,Common English word
CORDS,,Thick strings or ropes,english,medium,Common English word
COSTUMES,,Outfits worn for a role or occasion,english,hard,Common English word
COY,,Shy or reluctant to share details,english,easy,Common English word
CRABS,,Shellfish with pincers; sideways walkers,english,medium,Common English word
CYCLIST,,A person who rides a bicycle,english,hard,Common English word
DANG,,A mild exclamation of annoyance,english,easy,Common English word
DAYS,,Periods of 24 hours; daytime,english,easy,Common English word
DEDUCE,,To figure out by reasoning,english,medium,Common English word
DEFENSE,,Protection from attack or harm,english,hard,Common English word
DEPICT,,To show or represent in a picture,english,medium,Common English word
DESTRUCT,,To destroy or be destroyed,english,hard,Common English word
DETECT,,To discover or notice something,english,medium,Common English word
DEVIANT,,Departing from the usual or accepted,english,hard,Common English word
DIAMETER,,The width of a circle through its center,english,hard,Common English word
DINER,,A small casual restaurant,english,medium,Common English word
DINK,,A couple with two incomes and no kids,english,easy,Common English word
DIOCESE,,A district under a bishop's authority,english,hard,Common English word
DIOXIDE,,A chemical compound with two oxygen atoms,english,hard,Common English word
DISTANCE,,The space between two points,english,hard,Common English word
DOLPHINS,,Intelligent marine mammals,english,hard,Common English word
DOTS,,Small round marks or spots,english,easy,Common English word
DRAGOONS,,Mounted soldiers; to force into action,english,hard,Common English word
DREAMS,,Visions during sleep; aspirations,english,medium,Common English word
DRESSES,,Women's garments; puts on clothes,english,hard,Common English word
DRESSING,,A sauce for food; bandage for a wound,english,hard,Common English word
DUTIES,,Tasks one is required to do,english,medium,Common English word
EDGES,,The outer limits or borders,english,medium,Common English word
EMBRYOS,,Organisms in early stages of development,english,hard,Common English word
EXPIRY,,The end of a period of validity,english,medium,Common English word
FACET,,One side of something; an aspect,english,medium,Common English word
FARMER,,A person who grows crops or raises animals,english,medium,Common English word
FAXED,,Sent a document by fax machine,english,medium,Common English word
FED,,Past tense of feed.,english,easy,Common English word
FELLING,,Cutting down a tree,english,hard,Common English word
FEND,,To defend or look after oneself,english,easy,Common English word
FENNEL,,An aromatic herb with feathery leaves,english,medium,Common English word
FERN,,A plant with feathery fronds and no flowers,english,easy,Common English word
FEST,,A festival or gathering,english,easy,Common English word
FETE,,A festival or celebration,english,easy,Common English word
FINES,,Penalties paid as punishment,english,medium,Common English word
FIREWOOD,,Wood used as fuel for fires,english,hard,Common English word
FISHES,,Catches fish; plural of fish,english,medium,Common English word
FLAX,,A plant whose fibers make linen,english,easy,Common English word
FLED,,Ran away from danger,english,easy,Common English word
FLOUNDER,,To struggle; a type of flat fish,english,hard,Common English word
FOND,,Having affection for something,english,easy,Common English word
FONDLY,,In a loving or affectionate way,english,medium,Common English word
FOREWORD,,An introduction to a book,english,hard,Common English word
FORGAVE,,Past tense of forgive; pardoned,english,hard,Common English word
FOSSILS,,Preserved remains of ancient organisms,english,hard,Common English word
FOUL,,Disgusting; against the rules,english,easy,Common English word
FRICTION,,Resistance from rubbing surfaces,english,hard,Common English word
FRIED,,Cooked in hot oil or fat,english,medium,Common English word
FROM,,Indicating a starting point or origin,english,easy,Common English word
FRUITS,,Sweet products of a plant; results,english,medium,Common English word
FUNGUS,,An organism like mushroom or mold,english,medium,Common English word
FURNACES,,Enclosed structures for intense heating,english,hard,Common English word
FURY,,Intense and violent anger,english,easy,Common English word
FUZZ,,Short fine fibers or fluff,english,easy,Common English word
GABLE,,The triangular wall under a roof peak,english,medium,Common English word
GARMENTS,,Items of clothing,english,hard,Common English word
GATED,,Having a gate; restricted access,english,medium,Common English word
GAVEL,,A small hammer used by a judge,english,medium,Common English word
GAWK,,To stare stupidly,english,easy,Common English word
GEM,,A precious stone; something outstanding,english,easy,Common English word
GENERAL,,Affecting all; a military officer,english,hard,Common English word
GIG,,A live musical performance; a job,english,easy,Common English word
GIRDLE,,A belt or band worn around the waist,english,medium,Common English word
GIVE,,To hand over; to provide,english,easy,Common English word
GIVES,,Hands over; provides to someone,english,medium,Common English word
GLAND,,An organ that produces substances in the body,english,medium,Common English word
GLOSSY,,Shiny and smooth surfaced,english,medium,Common English word
GLUE,,A sticky substance for joining things,english,easy,Common English word
GLUM,,Sad and gloomy,english,easy,Common English word
GOAT,,A horned farm animal.,english,easy,Common English word
GODOWN,,A warehouse or storage building,english,medium,Common English word
GOODLY,,Considerable in size or quantity,english,medium,Common English word
GORE,,Blood from a wound; to pierce with horns,english,easy,Common English word
GOSLING,,A young goose,english,hard,Common English word
GRAM,,A unit of weight; a type of bean,english,easy,Common English word
GRASS,,Green plants covering the ground,english,medium,Common English word
GREET,,To welcome or say hello to someone,english,medium,Common English word
GRIEVOUS,,Very serious or severe,english,hard,Common English word
GRIFF,,A newcomer; someone inexperienced,english,medium,Common English word
GRILL,,To cook over direct heat; a cooking device,english,medium,Common English word
GROUPED,,Arranged into groups or categories,english,hard,Common English word
GRUBS,,Insect larvae; casual food,english,medium,Common English word
GUIDANCE,,Help and advice; direction,english,hard,Common English word
GULLS,,Seabirds; to deceive someone,english,medium,Common English word
GULLY,,A narrow channel cut by water,english,medium,Common English word
HABITS,,Regular behaviors or practices,english,medium,Common English word
HAIRED,,Having hair of a specified kind,english,medium,Common English word
HAM,,Meat from a pig's leg; to overact,english,easy,Common English word
HAPPILY,,In a happy or joyful manner,english,hard,Common English word
HARKEN,,To listen carefully; to pay attention,english,medium,Common English word
HASTILY,,In a hurried and rushed way,english,hard,Common English word
HATER,,A person who expresses strong dislike,english,medium,Common English word
HAWKS,,Birds of prey; sells goods loudly,english,medium,Common English word
HAY,,Dried grass used as animal food,english,easy,Common English word
HEADGEAR,,Covering or protection for the head,english,hard,Common English word
HEALS,,Makes healthy again; cures,english,medium,Common English word
HEATHER,,A low-growing purple flowering shrub,english,hard,Common English word
HEATING,,The process of making something warm,english,hard,Common English word
HEAVENS,,The sky; an exclamation of surprise,english,hard,Common English word
HEIFER,,A young cow that has not had a calf,english,medium,Common English word
HEIRESS,,A woman who inherits wealth,english,hard,Common English word
HEM,,The edge of a piece of cloth,english,easy,Common English word
HEMLOCK,,A poisonous plant or tree,english,hard,Common English word
HERD,,A group of animals; to gather together,english,easy,Common English word
HERDER,,A person who tends a herd of animals,english,medium,Common English word
HERON,,A tall wading bird with long legs,english,medium,Common English word
HIVES,,Itchy skin welts; bee homes,english,medium,Common English word
HOLLY,,An evergreen plant with red berries,english,medium,Common English word
HOSTEL,,Cheap accommodation for travelers,english,medium,Common English word
HOWDY,,An informal greeting; hello,english,medium,Common English word
HUMILITY,,The quality of being humble,english,hard,Common English word
HUSBAND,,A married man; a spouse,english,hard,Common English word
HUSK,,The dry outer covering of grain or seeds,english,easy,Common English word
HYPO,,A hypodermic needle; below normal,english,easy,Common English word
INDIANS,,People from India; Native Americans,english,hard,Common English word
INGRATE,,An ungrateful person,english,hard,Common English word
INK,,Colored liquid for writing or printing,english,easy,Common English word
INTERN,,A trainee gaining work experience,english,medium,Common English word
INTO,,Moving to the inside of,english,easy,Common English word
IONIC,,Relating to electrically charged atoms,english,medium,Common English word
IRE,,Anger; wrath,english,easy,Common English word
IRONIC,,Happening opposite to what is expected,english,medium,Common English word
ISLANDS,,Land surrounded by water on all sides,english,hard,Common English word
JAH,,A Rastafarian name for God,english,easy,Common English word
JAUNDICE,,A condition causing yellowing of the skin,english,hard,Common English word
JOGGER,,A person who runs at a slow steady pace,english,medium,Common English word
JOINTS,,Places where bones connect; connections,english,medium,Common English word
JUDGMENT,,The ability to decide wisely; a ruling,english,hard,Common English word
JUICES,,Liquids from fruits or vegetables,english,medium,Common English word
KEEPING,,The act of holding or storing,english,hard,Common English word
KID,,A child; a young goat; to joke,english,easy,Common English word
KILT,,A knee-length pleated skirt from Scotland,english,easy,Common English word
KINGS,,Male rulers of a kingdom,english,medium,Common English word
KISMET,,Fate or destiny,english,medium,Common English word
KIT,,A set of tools or equipment,english,easy,Common English word
KNEECAP,,The bone at the front of the knee,english,hard,Common English word
KNEES,,The joints in the middle of the legs,english,medium,Common English word
LABORERS,,Workers who do physical work,english,hard,Common English word
LAGER,,A type of light beer,english,medium,Common English word
LANKY,,Tall and thin in an awkward way,english,medium,Common English word
LAPIS,,A bright blue semi-precious stone,english,medium,Common English word
LASTLY,,Finally; in conclusion,english,medium,Common English word
LAUNDER,,To wash and iron clothes,english,hard,Common English word
LAWYERS,,People qualified to practice law,english,hard,Common English word
LAYERS,,Sheets or coats placed over each other,english,medium,Common English word
LEACH,,To drain away by filtering through,english,medium,Common English word
LEAP,,To jump high or far,english,easy,Common English word
LEAVES,,Parts of a plant; goes away from,english,medium,Common English word
LEECH,,A blood-sucking worm,english,medium,Common English word
LEER,,To look slyly or unpleasantly,english,easy,Common English word
LEGALIZE,,To make something lawful,english,hard,Common English word
LEGIONS,,Large groups of soldiers or people,english,hard,Common English word
LENDER,,One who lends money or goods,english,medium,Common English word
LENDS,,Gives temporarily; provides support,english,medium,Common English word
LENS,,Curved glass that focuses light,english,easy,Common English word
LIES,,Untrue statements; reclines,english,easy,Common English word
LIME,,A green citrus fruit; calcium compound,english,easy,Common English word
LINT,,Small fibers from fabric,english,easy,Common English word
LIONESS,,A female lion,english,hard,Common English word
LIZARDS,,Small reptiles with four legs and a tail,english,hard,Common English word
LLAMA,,A South American pack animal,english,medium,Common English word
LOBSTER,,A large shellfish with pincers,english,hard,Common English word
LOBSTERS,,Large shellfish with claws,english,hard,Common English word
LODGES,,Small country houses; places to stay,english,medium,Common English word
LONGEST,,Greatest in length or duration,english,hard,Common English word
LOOKER,,An attractive person,english,medium,Common English word
LOSER,,A person who loses; an unsuccessful person,english,medium,Common English word
MAD,,Insane; very angry; crazy,english,easy,Common English word
MAGNETIC,,Having the power to attract metal,english,hard,Common English word
MAIZE,,Corn; a cereal plant with large ears,english,medium,Common English word
MANNERS,,Polite social behavior; customs,english,hard,Common English word
MANUALLY,,By hand; not automatically,english,hard,Common English word
MARQUESS,,A nobleman ranking below a duke,english,hard,Common English word
MART,,A market or trading center,english,easy,Common English word
MATERIAL,,The substance something is made from,english,hard,Common English word
MEANS,,Methods or ways; resources; signifies,english,medium,Common English word
MELT,,To change from solid to liquid by heat,english,easy,Common English word
MEMBERS,,People belonging to a group,english,hard,Common English word
METE,,To distribute or give out,english,easy,Common English word
METHYL,,A chemical group found in many compounds,english,medium,Common English word
MICE,,Small rodents; plural of mouse,english,easy,Common English word
MIGRANT,,A person who moves to a new area,english,hard,Common English word
MILITARY,,Relating to armed forces,english,hard,Common English word
MILLET,,A cereal grain grown in warm countries,english,medium,Common English word
MINION,,A servile follower; a subordinate,english,medium,Common English word
MOB,,A rowdy crowd; organized criminals,english,easy,Common English word
MODESTY,,The quality of being humble and decent,english,hard,Common English word
MONARCHY,,A government ruled by a king or queen,english,hard,Common English word
MONASTIC,,Relating to monks or monasteries,english,hard,Common English word
MONKEYS,,Playful primates with long tails,english,hard,Common English word
MORAY,,A type of large tropical eel,english,medium,Common English word
MORROW,,The following day,english,medium,Common English word
MOTH,,A night-flying insect attracted to light,english,easy,Common English word
MOTIF,,A recurring theme or design,english,medium,Common English word
MOW,,To cut grass with a machine,english,easy,Common English word
MOXIE,,Courage and determination; boldness,english,medium,Common English word
MUSKETS,,Old-fashioned guns used by soldiers,english,hard,Common English word
MUTTON,,Meat from a sheep,english,medium,Common English word
NAIVETY,,Lack of experience or worldly wisdom,english,hard,Common English word
NAUGHT,,Nothing; zero,english,medium,Common English word
NEWBORN,,A recently born baby,english,hard,Common English word
NIL,,Nothing; zero,english,easy,Common English word
NOISES,,Loud or unpleasant sounds,english,medium,Common English word
NOPE,,Informal way of saying no,english,easy,Common English word
NYMPH,,A nature spirit; a young insect form,english,medium,Common English word
OATS,,A cereal grain used for porridge,english,easy,Common English word
ODORLESS,,Without any smell,english,hard,Common English word
OINTMENT,,A healing cream applied to skin,english,hard,Common English word
ONES,,Single units; particular people,english,easy,Common English word
ONWARDS,,Moving forward; continuing ahead,english,hard,Common English word
ORCHARD,,A field of fruit trees,english,hard,Common English word
OUNCE,,A unit of weight; a small amount,english,medium,Common English word
OUTBOUND,,Traveling away from a place,english,hard,Common English word
OXIDE,,A compound of oxygen with another element,english,medium,Common English word
PARABLE,,A story that teaches a moral lesson,english,hard,Common English word
PARALLEL,,Running side by side at equal distance,english,hard,Common English word
PATCH,,A piece used to cover a hole; an area,english,medium,Common English word
PATTERNS,,Repeated designs or arrangements,english,hard,Common English word
PATTY,,A flat cake of minced food,english,medium,Common English word
PAVE,,To cover a surface with stones or concrete,english,easy,Common English word
PEA,,A small round green vegetable,english,easy,Common English word
PEE,,To urinate; the letter P,english,easy,Common English word
PEN,,A writing instrument; an enclosure,english,easy,Common English word
PENDULUM,,A weight that swings back and forth,english,hard,Common English word
PENS,,Writing instruments; enclosures,english,easy,Common English word
PERCEIVE,,To become aware of through the senses,english,hard,Common English word
PERJURY,,Lying under oath in court,english,hard,Common English word
PERSIANS,,People from Persia or Iran,english,hard,Common English word
PERSUADE,,To convince someone to do something,english,hard,Common English word
PETROL,,Fuel for vehicles; gasoline,english,medium,Common English word
PIECES,,Parts of something; fragments,english,medium,Common English word
PIG,,A farm animal; a greedy person,english,easy,Common English word
PIGSTY,,A pen for pigs; a dirty place,english,medium,Common English word
PIKES,,Long spears; types of fish,english,medium,Common English word
PINKY,,The smallest finger on the hand,english,medium,Common English word
PISTOLS,,Small handheld firearms,english,hard,Common English word
PITY,,Sympathy for someone's misfortune,english,easy,Common English word
PLANETS,,Large bodies orbiting a star,english,hard,Common English word
PLANKS,,Long flat pieces of wood,english,medium,Common English word
PLOTS,,Plans; pieces of land; story outlines,english,medium,Common English word
PLOY,,A cunning plan or trick,english,easy,Common English word
PLY,,A layer or thickness; to work at,english,easy,Common English word
PODS,,Seed cases of plants; small groups,english,easy,Common English word
POKER,,A card game; a metal fire tool,english,medium,Common English word
POLITICS,,Activities related to governing,english,hard,Common English word
PONDER,,To think about carefully,english,medium,Common English word
PONTIFF,,The Pope; a high priest,english,hard,Common English word
PONY,,A small horse,english,easy,Common English word
POOP,,The rear of a ship; excrement,english,easy,Common English word
POPULATE,,To fill with inhabitants,english,hard,Common English word
POSSUM,,A nocturnal marsupial animal,english,medium,Common English word
POUR,,To flow or cause to flow steadily,english,easy,Common English word
POWDERS,,Fine dry particles; cosmetic substances,english,hard,Common English word
PRESSURE,,Force applied to a surface; stress,english,hard,Common English word
PREY,,An animal hunted for food,english,easy,Common English word
PRIED,,Inquired nosily; opened with a lever,english,medium,Common English word
PRIM,,Neat and proper in a formal way,english,easy,Common English word
PRINTING,,The process of producing text on paper,english,hard,Common English word
PROBATE,,The legal process of verifying a will,english,hard,Common English word
PROCLAIM,,To announce officially or publicly,english,hard,Common English word
PROPOSE,,To suggest or put forward a plan,english,hard,Common English word
PROVEN,,Shown to be true; demonstrated,english,medium,Common English word
PSYCHICS,,People claiming supernatural powers,english,hard,Common English word
PUN,,A play on words; a humorous word joke,english,easy,Common English word
PURIFY,,To make clean and free from impurities,english,medium,Common English word
PURSUE,,To follow or chase; to seek,english,medium,Common English word
PURSUITS,,Activities one engages in; chases,english,hard,Common English word
QUELL,,To put an end to; to suppress,english,medium,Common English word
QUICKENS,,Makes faster; comes to life,english,hard,Common English word
QUITTER,,A person who gives up easily,english,hard,Common English word
RAFT,,A flat floating platform,english,easy,Common English word
RAMPARTS,,Defensive walls around a castle,english,hard,Common English word
RANKS,,Positions in a hierarchy; rows,english,medium,Common English word
RAPIDLY,,Very quickly; at high speed,english,hard,Common English word
RAVE,,To talk wildly; an energetic dance party,english,easy,Common English word
RAY,,A beam of light; a flat ocean fish,english,easy,Common English word
REACTION,,A response to something,english,hard,Common English word
READER,,A person who reads books,english,medium,Common English word
REALLY,,In actual fact; truly,english,medium,Common English word
REAPER,,One who harvests crops,english,medium,Common English word
REAR,,The back part; to raise children,english,easy,Common English word
REARS,,Raises up; the back parts,english,medium,Common English word
REASONS,,Explanations or causes; thinks logically,english,hard,Common English word
REBORN,,Born again; given new life,english,medium,Common English word
RECEIVER,,One who receives; a phone handset,english,hard,Common English word
REED,,A tall grass growing near water,english,easy,Common English word
REEK,,To smell very bad; a strong stench,english,easy,Common English word
REGIMENT,,A military unit; strict control,english,hard,Common English word
REGRET,,To feel sorry about something,english,medium,Common English word
REHEAT,,To warm food again,english,medium,Common English word
RELIEVE,,To ease pain or worry; to replace someone,english,hard,Common English word
REMADE,,Made again; reconstructed,english,medium,Common English word
REMAKE,,To make something again,english,medium,Common English word
RENDER,,To cause to become; to provide,english,medium,Common English word
REOPEN,,To open again after being closed,english,medium,Common English word
REPAID,,Paid back a debt or favor,english,medium,Common English word
REPTILES,,Cold-blooded animals like snakes,english,hard,Common English word
RESPECTS,,Feelings of admiration; regards,english,hard,Common English word
RESULTS,,Outcomes or consequences,english,hard,Common English word
RETINA,,The light-sensitive layer inside the eye,english,medium,Common English word
REVERSED,,Changed to the opposite direction,english,hard,Common English word
RHETORIC,,The art of persuasive speaking,english,hard,Common English word
RHUBARB,,A plant with edible red stalks,english,hard,Common English word
RHYMES,,Words that sound alike; verses,english,medium,Common English word
RIDDEN,,Past participle of ride,english,medium,Common English word
RIFT,,A crack or split; a disagreement,english,easy,Common English word
RIG,,Equipment; to set up dishonestly,english,easy,Common English word
RIVERS,,Large natural flowing streams of water,english,medium,Common English word
ROACH,,A type of insect; a freshwater fish,english,medium,Common English word
RODENT,,A gnawing mammal like a rat or mouse,english,medium,Common English word
ROLLED,,Moved by turning over; wrapped up,english,medium,Common English word
ROOMS,,Spaces within a building,english,medium,Common English word
ROOST,,A place where birds rest or sleep,english,medium,Common English word
ROUGE,,Red cosmetic for the cheeks,english,medium,Common English word
ROVING,,Wandering from place to place,english,medium,Common English word
RUBBER,,Elastic material from tree sap,english,medium,Common English word
SCABIES,,A skin disease caused by tiny mites,english,hard,Common English word
SCARF,,A strip of cloth worn around the neck,english,medium,Common English word
SCEPTER,,A ceremonial staff held by a ruler,english,hard,Common English word
SCORPIO,,A zodiac sign; a scorpion constellation,english,hard,Common English word
SCRUFF,,The back of the neck; an untidy person,english,medium,Common English word
SEASHORE,,The land along the edge of the sea,english,hard,Common English word
SECONDLY,,In the second place,english,hard,Common English word
SECURELY,,In a safe and protected manner,english,hard,Common English word
SEEK,,To search for; to try to find,english,easy,Common English word
SEER,,A person who sees visions; a prophet,english,easy,Common English word
SELLER,,A person who sells goods,english,medium,Common English word
SENDER,,One who sends something,english,medium,Common English word
SEPTIC,,Infected with bacteria,english,medium,Common English word
SERVANT,,A person who serves another,english,hard,Common English word
SHANK,,The lower leg; a shaft or stem,english,medium,Common English word
SHANTY,,A roughly built hut; a sailors song,english,medium,Common English word
SHARPEN,,To make sharp or sharper,english,hard,Common English word
SHAVE,,To remove hair with a razor,english,medium,Common English word
SHOPPER,,A person who shops for goods,english,hard,Common English word
SHRANK,,Past tense of shrink; became smaller,english,medium,Common English word
SIGNALED,,Communicated by a sign or gesture,english,hard,Common English word
SKINNER,,One who skins animals,english,hard,Common English word
SLANG,,Very informal language,english,medium,Common English word
SLAVIC,,Relating to Slavic peoples or languages,english,medium,Common English word
SLEIGH,,A sled pulled by horses or reindeer,english,medium,Common English word
SLID,,Past tense of slide; moved smoothly,english,easy,Common English word
SLINKY,,Gracefully thin and smooth,english,medium,Common English word
SLIT,,A narrow cut or opening,english,easy,Common English word
SLOUGH,,A swamp; to shed old skin,english,medium,Common English word
SLOWLY,,At a slow speed; not quickly,english,medium,Common English word
SLOWS,,Reduces speed; becomes slower,english,medium,Common English word
SLUSH,,Partly melted snow; sentimental talk,english,medium,Common English word
SMALLER,,Less in size than something else,english,hard,Common English word
SMOOTH,,Having an even surface; not rough,english,medium,Common English word
SNAILS,,Slow-moving creatures with shells,english,medium,Common English word
SNAPPY,,Quick and lively; stylish,english,medium,Common English word
SNOBBY,,Acting superior to others,english,medium,Common English word
SOB,,To cry loudly with gasping breaths,english,easy,Common English word
SOCIAL,,Relating to society and interaction,english,medium,Common English word
SOCIETY,,People living together in a community,english,hard,Common English word
SOLDIERS,,Members of an army,english,hard,Common English word
SOLVENT,,Able to pay debts; a dissolving liquid,english,hard,Common English word
SORES,,Painful spots on the body,english,medium,Common English word
SOUR,,Having a sharp acid taste,english,easy,Common English word
SPAN,,The full extent; to stretch across,english,easy,Common English word
SPAT,,A brief quarrel; past tense of spit,english,easy,Common English word
SPEAKING,,Talking; the act of communicating,english,hard,Common English word
SPED,,Past tense of speed; moved fast,english,easy,Common English word
SPICE,,A flavoring substance for food,english,medium,Common English word
SPIED,,Past tense of spy; watched secretly,english,medium,Common English word
SPINY,,Having sharp points or thorns,english,medium,Common English word
SPIRE,,A tall pointed tower on a church,english,medium,Common English word
SPLEEN,,An organ near the stomach; bad temper,english,medium,Common English word
SPOTTER,,One who watches and identifies things,english,hard,Common English word
SPRANG,,Past tense of spring; jumped suddenly,english,medium,Common English word
SPUR,,A pointed device on a boot; to urge on,english,easy,Common English word
SPURS,,Pointed devices; things that motivate,english,medium,Common English word
STANCE,,The way one stands; an attitude,english,medium,Common English word
STANDING,,An upright position; reputation,english,hard,Common English word
STARE,,To look fixedly at something,english,medium,Common English word
STARK,,Severe; bare; completely,english,medium,Common English word
STATUE,,A carved or molded figure,english,medium,Common English word
STENCH,,A very bad smell,english,medium,Common English word
STEWING,,Cooking slowly in liquid; worrying,english,hard,Common English word
STIMULI,,Things that cause a response,english,hard,Common English word
STOPS,,Ceases moving; places where buses halt,english,medium,Common English word
STRAP,,A strip of leather or fabric; to fasten,english,medium,Common English word
STRIPES,,Long narrow bands of color,english,hard,Common English word
STRIPS,,Long narrow pieces; removes clothing,english,medium,Common English word
STUMP,,The base of a cut tree; to puzzle,english,medium,Common English word
SUBDUED,,Quiet and restrained; conquered,english,hard,Common English word
SUBLIME,,Of outstanding beauty; supreme,english,hard,Common English word
SUCKLE,,To feed a baby with breast milk,english,medium,Common English word
SULK,,To be silently upset or moody,english,easy,Common English word
SULPHUR,,A yellow chemical element,english,hard,Common English word
SUM,,The total amount; to add up,english,easy,Common English word
SUMMON,,To call someone to come; to gather,english,medium,Common English word
SUNUP,,The time when the sun rises; dawn,english,medium,Common English word
SURFACES,,The outer layers of things,english,hard,Common English word
SURFER,,A person who rides ocean waves,english,medium,Common English word
SWAM,,Past tense of swim,english,easy,Common English word
SWAT,,To hit sharply; a quick blow,english,easy,Common English word
SWIMMER,,A person who swims,english,hard,Common English word
SYNDROME,,A group of symptoms that occur together,english,hard,Common English word
TAILORS,,People who make and alter clothes,english,hard,Common English word
TALKER,,A person who talks a lot,english,medium,Common English word
TANNING,,The process of browning skin in the sun,english,hard,Common English word
TEMPER,,A tendency to get angry; to moderate,english,medium,Common English word
TEMPERED,,Having a particular disposition,english,hard,Common English word
TEMPS,,Temporary workers; temperatures,english,medium,Common English word
TENANT,,A person who rents a property,english,medium,Common English word
TENANTS,,People who rent property from a landlord,english,hard,Common English word
TENDONS,,Tough cords connecting muscle to bone,english,hard,Common English word
TENSE,,Stretched tight; nervous; a verb form,english,medium,Common English word
TENTS,,Portable shelters made of fabric,english,medium,Common English word
TEXT,,Written words; to send a message,english,easy,Common English word
THIEVES,,People who steal,english,hard,Common English word
THIRDLY,,In the third place,english,hard,Common English word
THIRST,,A feeling of needing to drink,english,medium,Common English word
THOROUGH,,Complete with attention to every detail,english,hard,Common English word
THOUGHTS,,Ideas or opinions in the mind,english,hard,Common English word
THRUST,,To push forward with force,english,medium,Common English word
TIRELESS,,Not easily becoming tired; energetic,english,hard,Common English word
TON,,A unit of weight equal to 2000 pounds,english,easy,Common English word
TONES,,Sounds of a particular quality; shades,english,medium,Common English word
TONNE,,A metric unit of weight equal to 1000 kg,english,medium,Common English word
TOOLS,,Instruments used for a task,english,medium,Common English word
TOUR,,A journey visiting several places,english,easy,Common English word
TOURNEY,,A tournament or competition,english,hard,Common English word
TOWARDS,,In the direction of,english,hard,Common English word
TRACT,,An area of land; a written document,english,medium,Common English word
TRAINS,,Rail vehicles; teaches or practices,english,medium,Common English word
TRANSMIT,,To send or pass on to another,english,hard,Common English word
TRAYS,,Flat receptacles for carrying things,english,medium,Common English word
TRIED,,Made an attempt; past tense of try,english,medium,Common English word
TRYST,,A secret meeting between lovers,english,medium,Common English word
UNCOUTH,,Lacking good manners; rough,english,hard,Common English word
UNDID,,Reversed what was done; unfastened,english,medium,Common English word
UNDONE,,Not done; unfastened; ruined,english,medium,Common English word
UNFREEZE,,To thaw; to release from a frozen state,english,hard,Common English word
UNTIMELY,,Happening at a bad time; premature,english,hard,Common English word
UNTOWARD,,Unexpected and inappropriate,english,hard,Common English word
UPHELD,,Maintained or supported; confirmed,english,medium,Common English word
URCHIN,,A mischievous child; a sea creature,english,medium,Common English word
USE,,To employ for a purpose; the act of using,english,easy,Common English word
USED,,Previously owned; accustomed to,english,easy,Common English word
USER,,A person who uses something,english,easy,Common English word
VALOR,,Great courage in the face of danger,english,medium,Common English word
VAPORS,,Gases or mist in the air,english,medium,Common English word
VELVET,,A soft luxurious fabric,english,medium,Common English word
VIEWS,,Opinions; scenes visible from a place,english,medium,Common English word
VIXEN,,A female fox; a fierce woman,english,medium,Common English word
WADE,,To walk through water or mud,english,easy,Common English word
WADING,,Walking through shallow water,english,medium,Common English word
WALTZ,,A ballroom dance in triple time,english,medium,Common English word
WARE,,Manufactured goods; merchandise,english,easy,Common English word
WARES,,Goods offered for sale,english,medium,Common English word
WEANED,,Gradually stopped breastfeeding,english,medium,Common English word
WEDGE,,A piece of wood thick at one end,english,medium,Common English word
WEEKS,,Periods of seven days,english,medium,Common English word
WHERE,,At or in what place,english,medium,Common English word
WHISK,,To stir quickly; a mixing tool,english,medium,Common English word
WHISTLES,,Devices that make a high sound,english,hard,Common English word
WHITES,,Light-colored things; egg whites,english,medium,Common English word
WHOOP,,A loud cry of joy or excitement,english,medium,Common English word
WILLFUL,,Stubborn; done on purpose,english,hard,Common English word
WINGS,,Parts used for flying; sides of a building,english,medium,Common English word
WIPE,,To clean by rubbing; to remove,english,easy,Common English word
WOLF,,A wild canine animal,english,easy,Common English word
WORDS,,Units of language; speech,english,medium,Common English word
WORKMAN,,A man employed in manual labor,english,hard,Common English word
WOUNDS,,Injuries to the body; hurts,english,medium,Common English word
WRAPPER,,A covering or outer layer,english,hard,Common English word
WRINKLE,,A crease or fold in skin or fabric,english,hard,Common English word
WRIST,,The joint between hand and arm,english,medium,Common English word
WRITERS,,People who write books or articles,english,hard,Common English word
WRITING,,The activity of creating written work,english,hard,Common English word
WRY,,Using dry mocking humor,english,easy,Common English word
YELLOW,,The color of the sun and bananas,english,medium,Common English word
YELP,,A short sharp cry of pain,english,easy,Common English word
YIELDING,,Giving way; producing a result,english,hard,Common English word
CRONE,,An old woman,english,medium,Common English word
CURRENTS,,Flows of water or electricity,english,medium,Common English word
CUTLERY,,Knives forks and spoons,english,medium,Common English word
CUTTERS,,Tools or people that cut,english,medium,Common English word
DID,,Past tense of do,english,easy,Common English word
DILATION,,The act of widening or expanding,english,hard,Common English word
LICE,,Small parasitic insects,english,easy,Common English word
NAN,,A grandmother; a type of flatbread,english,easy,Common English word
SAILS,,Sheets catching wind on a boat,english,easy,Common English word
SALVE,,A healing ointment for skin,english,easy,Common English word
SANG,,Past tense of sing,english,easy,Common English word
SANK,,Past tense of sink,english,easy,Common English word
SAPLING,,A young tree,english,medium,Common English word
SAVER,,One who saves money or rescues,english,easy,Common English word
VIA,,By way of; through,english,easy,Common English word
MOON,,The natural satellite of Earth.,english,easy,Curated target word
ROOM,,A space inside a building.,english,easy,Curated target word
GOAL,,Something you aim to achieve.,english,easy,Curated target word
BAIT,,Food used to attract fish or animals.,english,easy,Curated target word
BIND,,To tie or hold together.,english,easy,Curated target word
DYES,,Substances used to color things.,english,easy,Curated target word
EASY,,Not hard to do.,english,easy,Curated target word
BABY,,A very young child.,english,easy,Curated target word
BAKE,,To cook with dry heat.,english,easy,Curated target word
BIAS,,A tendency to prefer one side.,english,easy,Curated target word
WAKE,,To stop sleeping.,english,easy,Curated target word
CASH,,Money in notes and coins.,english,easy,Curated target word
HASH,,To chop into small pieces.,english,easy,Curated target word
WORD,,A single unit of language.,english,easy,Curated target word
GOLD,,A valuable yellow metal.,english,easy,Curated target word
YARD,,An outdoor area around a house.,english,easy,Curated target word
TOAD,,A small amphibian similar to a frog.,english,easy,Curated target word
DAY,,The time between sunrise and sunset.,english,easy,Curated target word
BASE,,The bottom support of something.,english,easy,Curated target word
LAKE,,A large body of water surrounded by land.,english,easy,Curated target word
